positive_index,u,v,graph_positive_score,raw_hg_positive_score,graph_rank,raw_hg_rank,graph_rr,raw_hg_rr,delta_rr_hg_minus_graph,graph_hardest_negative_margin,graph_mean_negative_margin,graph_margin_tertile,oracle_rr
0,0,633,-0.13812126219272614,-0.10658411681652069,10.0,18.0,0.1,0.05555555555555555,-0.04444444444444445,-0.08404836803674698,0.009768031165003771,Medium,0.1
1,9,2614,0.08177495747804642,0.6425776481628418,1.0,1.0,1.0,1.0,0.0,0.14220459014177322,0.24380632638931274,Easy,1.0
2,12,2661,-0.15057751536369324,-0.1634456366300583,10.0,19.0,0.1,0.05263157894736842,-0.04736842105263159,-0.054025717079639435,0.00285477116703986,Medium,0.1
3,23,2159,-0.09804980456829071,-0.09121151268482208,4.0,12.0,0.25,0.08333333333333333,-0.16666666666666669,-0.01806434988975525,0.057405429333448416,Medium,0.25
4,26,123,0.1276875138282776,0.7859861850738525,1.0,1.0,1.0,1.0,0.0,0.2047520875930786,0.28886619471013547,Easy,1.0
5,36,1640,-0.17763425409793854,-0.04694842919707298,17.0,8.0,0.058823529411764705,0.125,0.0661764705882353,-0.08305338025093079,-0.0354031316936016,Medium,0.125
6,37,60,-0.12142633646726608,-0.011352653615176678,4.0,2.0,0.25,0.5,0.25,-0.01727250963449478,0.03414735905826091,Medium,0.5
7,43,1653,-0.1113421767950058,-0.012495028786361217,7.0,6.0,0.14285714285714285,0.16666666666666666,0.023809523809523808,-0.0417189747095108,0.04780545718967916,Medium,0.16666666666666666
8,43,2400,-0.13067448139190674,-0.14211682975292206,10.0,19.0,0.1,0.05263157894736842,-0.04736842105263159,-0.0856340080499649,0.015275937691330899,Medium,0.1
9,44,2624,0.1259411722421646,0.5795252919197083,1.0,1.0,1.0,1.0,0.0,0.2190409079194069,0.2799591314047575,Easy,1.0
10,48,2205,-0.1904301792383194,-0.09894368797540665,17.0,13.0,0.058823529411764705,0.07692307692307693,0.018099547511312222,-0.1194314956665039,-0.035152070969343197,Hard,0.07692307692307693
11,55,815,-0.2141880989074707,-0.0818048045039177,21.0,10.0,0.047619047619047616,0.1,0.05238095238095239,-0.11069269478321075,-0.07033012956380844,Hard,0.1
12,55,2021,-0.11602254956960678,0.04103636369109154,7.0,1.0,0.14285714285714285,1.0,0.8571428571428572,-0.03385637700557709,0.026176350191235542,Medium,1.0
13,59,615,-0.22500722110271454,-0.10537529736757278,21.0,16.0,0.047619047619047616,0.0625,0.014880952380952384,-0.10442627221345901,-0.07009784467518329,Hard,0.0625
14,76,88,0.022767938673496246,0.6150592565536499,1.0,1.0,1.0,1.0,0.0,0.09355974197387695,0.1704857673496008,Easy,1.0
15,79,603,-0.17942838370800018,-0.0961935743689537,18.0,15.0,0.05555555555555555,0.06666666666666667,0.011111111111111113,-0.10234849900007248,-0.032387132570147525,Hard,0.06666666666666667
16,88,162,0.057434312999248505,0.7005788087844849,1.0,1.0,1.0,1.0,0.0,0.10164118930697441,0.21114256363362074,Easy,1.0
17,88,851,-0.0017724577337503433,0.5985070466995239,1.0,1.0,1.0,1.0,0.0,0.08621661923825741,0.13001376986503602,Easy,1.0
18,89,1094,0.1746307611465454,0.756521999835968,1.0,1.0,1.0,1.0,0.0,0.24035826325416565,0.33198374286293986,Easy,1.0
19,89,1401,0.1378920078277588,0.7462409138679504,1.0,1.0,1.0,1.0,0.0,0.19703184068202972,0.28417678363621235,Easy,1.0
20,89,1653,0.15810585021972656,0.7181951403617859,1.0,1.0,1.0,1.0,0.0,0.25925102084875107,0.3118994031101465,Easy,1.0
21,91,330,0.14687693119049072,0.6569236516952515,1.0,1.0,1.0,1.0,0.0,0.21110635995864868,0.2948332794010639,Easy,1.0
22,91,2122,0.12725567817687988,0.6766914129257202,1.0,1.0,1.0,1.0,0.0,0.2024064138531685,0.2727524444460869,Easy,1.0
23,92,898,0.08507639169692993,0.5935717821121216,1.0,2.0,1.0,0.5,-0.5,0.011678725481033325,0.21006104350090027,Medium,1.0
24,95,1303,-0.24091598391532898,-0.11418922990560532,21.0,17.0,0.047619047619047616,0.058823529411764705,0.011204481792717089,-0.14866985380649567,-0.09463398717343807,Hard,0.058823529411764705
25,95,2200,0.05204777419567108,0.6880192160606384,1.0,1.0,1.0,1.0,0.0,0.14740735292434692,0.20047736912965775,Easy,1.0
26,96,2217,-0.16686977446079254,-0.17825870215892792,16.0,21.0,0.0625,0.047619047619047616,-0.014880952380952384,-0.08496232330799103,-0.01932505629956721,Medium,0.0625
27,102,109,-0.13331203162670135,0.08181237429380417,11.0,1.0,0.09090909090909091,1.0,0.9090909090909091,-0.0574849396944046,0.018916475027799612,Medium,1.0
28,104,2210,-0.11655043810606003,-0.03431401774287224,4.0,4.0,0.25,0.25,0.0,-0.060321588069200516,0.03306676950305701,Medium,0.25
29,107,971,0.09806099534034729,0.6353660821914673,1.0,1.0,1.0,1.0,0.0,0.16857436299324036,0.25129725262522695,Easy,1.0
30,109,1346,0.026739247143268585,0.6835699081420898,1.0,1.0,1.0,1.0,0.0,0.08759816735982895,0.1689002014696598,Easy,1.0
31,109,1998,0.11712577939033508,0.8027119040489197,1.0,1.0,1.0,1.0,0.0,0.20590852946043015,0.2575345329940319,Easy,1.0
32,111,1169,0.10942874103784561,0.769462525844574,1.0,1.0,1.0,1.0,0.0,0.025918908417224884,0.2583205230534077,Medium,1.0
33,112,1623,-0.2373565137386322,-0.052603717893362045,20.0,10.0,0.05,0.1,0.05,-0.15027184039354324,-0.08411740250885485,Hard,0.1
34,114,2288,-0.17708317935466766,-0.11371436715126038,18.0,18.0,0.05555555555555555,0.05555555555555555,0.0,-0.10583338141441345,-0.02728915065526963,Hard,0.05555555555555555
35,118,454,0.24876385927200317,0.8641954064369202,1.0,1.0,1.0,1.0,0.0,0.3342588171362877,0.3983674492686987,Easy,1.0
36,129,441,-0.21349456906318665,-0.1644180864095688,21.0,20.0,0.047619047619047616,0.05,0.0023809523809523864,-0.12318967282772064,-0.0634077675640583,Hard,0.05
37,131,834,-0.18206848204135895,-0.08280612528324127,19.0,17.0,0.05263157894736842,0.058823529411764705,0.006191950464396287,-0.09228432178497314,-0.03861327245831489,Medium,0.058823529411764705
38,148,602,0.043360982090234756,0.615487277507782,1.0,1.0,1.0,1.0,0.0,0.1365264244377613,0.19790284000337124,Easy,1.0
39,152,2240,0.10650564730167389,0.7076801657676697,1.0,1.0,1.0,1.0,0.0,0.1949828863143921,0.2476866628974676,Easy,1.0
40,154,1752,0.08319036662578583,0.7431580424308777,1.0,1.0,1.0,1.0,0.0,0.16642199456691742,0.21292773373425006,Easy,1.0
41,160,2009,0.15405695140361786,0.7646508812904358,1.0,1.0,1.0,1.0,0.0,0.22540312260389328,0.29320381209254265,Easy,1.0
42,169,2706,-0.15323878824710846,-0.12149114906787872,11.0,18.0,0.09090909090909091,0.05555555555555555,-0.03535353535353536,-0.07632337510585785,-0.0013610690832138173,Medium,0.09090909090909091
43,180,791,-0.1699558049440384,-0.09639687091112137,16.0,15.0,0.0625,0.06666666666666667,0.004166666666666666,-0.1019810363650322,-0.01902189031243323,Hard,0.06666666666666667
44,194,1451,0.08830490708351135,0.6620926260948181,1.0,1.0,1.0,1.0,0.0,0.1838187724351883,0.24347441531717778,Easy,1.0
45,215,2045,-0.24791954457759857,-0.11712351441383362,21.0,16.0,0.047619047619047616,0.0625,0.014880952380952384,-0.4447703957557678,-0.12736253328621389,Hard,0.0625
46,229,1405,-0.1630309373140335,-0.10140024125576019,13.0,15.0,0.07692307692307693,0.06666666666666667,-0.010256410256410262,-0.06973886489868164,-0.01454652808606624,Medium,0.07692307692307693
47,229,1894,0.06128197908401489,0.6416431665420532,1.0,1.0,1.0,1.0,0.0,0.15366040170192719,0.20670867562294007,Easy,1.0
48,239,1909,-0.09113039076328278,0.04368913918733597,3.0,1.0,0.3333333333333333,1.0,0.6666666666666667,-0.012193217873573303,0.07443351447582244,Medium,1.0
49,242,2280,0.12821640074253082,0.7325249910354614,1.0,1.0,1.0,1.0,0.0,0.19605185836553574,0.2788507163524628,Easy,1.0
50,276,2133,0.12597504258155823,0.7427595257759094,1.0,1.0,1.0,1.0,0.0,0.20433087646961212,0.27781492583453654,Easy,1.0
51,278,1185,-0.22073213756084442,-0.2355809360742569,20.0,20.0,0.05,0.05,0.0,-0.13992458581924438,-0.07250086367130279,Hard,0.05
52,281,2247,-0.06741954386234283,0.02163369208574295,1.0,3.0,1.0,0.3333333333333333,-0.6666666666666667,0.005804687738418579,0.07824112176895143,Medium,1.0
53,283,1559,-0.13543619215488434,-0.08512166142463684,11.0,14.0,0.09090909090909091,0.07142857142857142,-0.019480519480519487,-0.26725494861602783,-0.005883270874619484,Hard,0.09090909090909091
54,290,567,-0.11987017840147018,0.0039632851257920265,8.0,4.0,0.125,0.25,0.125,-0.07449030131101608,0.027120983228087425,Medium,0.25
55,301,2492,0.10191972553730011,0.6738466024398804,1.0,1.0,1.0,1.0,0.0,0.1473645716905594,0.24130114614963533,Easy,1.0
56,306,573,-0.2529972791671753,-0.04944450780749321,19.0,5.0,0.05263157894736842,0.2,0.1473684210526316,-0.21564961224794388,-0.09015242047607899,Hard,0.2
57,306,973,0.16563469171524048,0.8519840240478516,1.0,1.0,1.0,1.0,0.0,0.273983858525753,0.3190177846699953,Easy,1.0
58,306,1775,-0.03524073213338852,0.6500533819198608,1.0,1.0,1.0,1.0,0.0,0.04144548624753952,0.10220312476158142,Medium,1.0
59,306,2045,0.18615932762622833,0.9075098633766174,1.0,1.0,1.0,1.0,0.0,0.2653845399618149,0.3367558058351278,Easy,1.0
60,306,2090,-0.0003162696957588196,0.6881815791130066,1.0,1.0,1.0,1.0,0.0,0.07866499572992325,0.13995978198945522,Easy,1.0
61,306,2091,-0.2994479537010193,-0.1631835252046585,21.0,19.0,0.047619047619047616,0.05263157894736842,0.005012531328320802,-0.48448193073272705,-0.16497225500643253,Hard,0.05263157894736842
62,310,1945,0.06232176721096039,0.6757746338844299,1.0,1.0,1.0,1.0,0.0,0.09021223895251751,0.21618160596117378,Easy,1.0
63,312,1610,-0.1789213865995407,-0.06698276847600937,16.0,8.0,0.0625,0.125,0.0625,-0.07369720935821533,-0.016567007079720503,Medium,0.125
64,315,423,-0.09863042086362839,0.008038152940571308,1.0,1.0,1.0,1.0,0.0,6.525963544845581e-05,0.05233591198921203,Medium,1.0
65,324,2156,-0.17376242578029633,-0.09145014733076096,12.0,13.0,0.08333333333333333,0.07692307692307693,-0.006410256410256401,-0.10135582089424133,-0.013848381862044346,Hard,0.08333333333333333
66,325,787,-0.18103568255901337,-0.17245210707187653,15.0,20.0,0.06666666666666667,0.05,-0.016666666666666663,-0.09756571054458618,-0.023110388591885578,Hard,0.06666666666666667
67,332,665,-0.13883009552955627,-0.06359031051397324,5.0,6.0,0.2,0.16666666666666666,-0.033333333333333354,-0.07302385568618774,0.02673861347138881,Medium,0.2
68,350,1775,-0.1941886842250824,-0.05985258147120476,18.0,9.0,0.05555555555555555,0.1111111111111111,0.05555555555555555,-0.35695818066596985,-0.057155521214008326,Hard,0.1111111111111111
69,350,1778,0.17271068692207336,0.8179015517234802,1.0,1.0,1.0,1.0,0.0,0.2552124708890915,0.3236597117036581,Easy,1.0
70,351,1810,-0.23896907269954681,-0.17436125874519348,20.0,21.0,0.05,0.047619047619047616,-0.0023809523809523864,-0.37222978472709656,-0.10103294812142849,Hard,0.05
71,364,1306,-0.18951670825481415,-0.047619353979825974,18.0,8.0,0.05555555555555555,0.125,0.06944444444444445,-0.09730666875839233,-0.04385687187314033,Hard,0.125
72,364,1606,0.1031937524676323,0.683342695236206,1.0,1.0,1.0,1.0,0.0,0.11870419327169657,0.24885793519206345,Easy,1.0
73,364,2642,0.07600724697113037,0.6349075436592102,1.0,1.0,1.0,1.0,0.0,0.11592212691903114,0.211535101570189,Easy,1.0
74,366,1986,-0.008247870951890945,0.6602476239204407,1.0,1.0,1.0,1.0,0.0,0.037226464599370956,0.1594363547861576,Medium,1.0
75,370,2269,0.19581367075443268,0.7896319627761841,1.0,1.0,1.0,1.0,0.0,0.289195217192173,0.3498990349471569,Easy,1.0
76,374,846,0.07487507909536362,0.7455201745033264,1.0,1.0,1.0,1.0,0.0,0.14226149767637253,0.22729338631033896,Easy,1.0
77,385,2483,-0.06362955272197723,-0.09499916434288025,2.0,12.0,0.5,0.08333333333333333,-0.4166666666666667,-0.02315329760313034,0.09631001129746436,Medium,0.5
78,385,2484,-0.07418569922447205,-0.09216602146625519,1.0,9.0,1.0,0.1111111111111111,-0.8888888888888888,0.007327072322368622,0.08446961492300034,Medium,1.0
79,392,1825,-0.119900181889534,-0.00848489161580801,3.0,1.0,0.3333333333333333,1.0,0.6666666666666667,-0.016751907765865326,0.053293619677424436,Medium,1.0
80,397,665,-0.12580439448356628,-0.052267272025346756,8.0,11.0,0.125,0.09090909090909091,-0.03409090909090909,-0.04033990204334259,0.036323454603552824,Medium,0.125
81,405,1275,-0.1396055966615677,-0.058993399143218994,8.0,7.0,0.125,0.14285714285714285,0.01785714285714285,-0.04387001693248749,0.027548272162675858,Medium,0.14285714285714285
82,411,1488,-0.16019581258296967,-0.09736116975545883,11.0,16.0,0.09090909090909091,0.0625,-0.02840909090909091,-0.0873195081949234,-0.0020745996385812815,Medium,0.09090909090909091
83,417,2034,-0.19849026203155518,-0.04292621091008186,20.0,10.0,0.05,0.1,0.05,-0.12300311774015427,-0.06588413640856744,Hard,0.1
84,426,1772,0.1752559244632721,0.8688356280326843,1.0,1.0,1.0,1.0,0.0,0.04825085401535034,0.30024211555719377,Medium,1.0
85,428,2248,0.09311769902706146,0.6779580116271973,1.0,1.0,1.0,1.0,0.0,0.15674840658903122,0.26264753825962545,Easy,1.0
86,434,1693,0.13929033279418945,0.68129563331604,1.0,1.0,1.0,1.0,0.0,0.2120192050933838,0.29021236933767797,Easy,1.0
87,434,2133,-0.17977124452590942,-0.054178014397621155,16.0,6.0,0.0625,0.16666666666666666,0.10416666666666666,-0.08772619068622589,-0.027563581615686422,Medium,0.16666666666666666
88,436,1982,-0.28051844239234924,-0.1462121456861496,21.0,18.0,0.047619047619047616,0.05555555555555555,0.007936507936507936,-0.21562524139881134,-0.13292423710227014,Hard,0.05555555555555555
89,443,1966,0.07249784469604492,0.6831299662590027,1.0,1.0,1.0,1.0,0.0,0.16419334709644318,0.22472293563187123,Easy,1.0
90,448,1826,0.08868979662656784,0.6853917241096497,2.0,2.0,0.5,0.5,0.0,-0.0926622524857521,0.21883806623518468,Hard,0.5
91,448,1902,-0.18587137758731842,-0.05843532457947731,20.0,13.0,0.05,0.07692307692307693,0.026923076923076925,-0.3412436842918396,-0.06560388319194317,Hard,0.07692307692307693
92,453,1806,-0.11102642118930817,-0.08553743362426758,5.0,13.0,0.2,0.07692307692307693,-0.12307692307692308,-0.25177624821662903,0.03529981561005116,Hard,0.2
93,456,667,0.1183297336101532,0.6554627418518066,1.0,1.0,1.0,1.0,0.0,0.1697639375925064,0.259901787340641,Easy,1.0
94,465,1403,-0.19511066377162933,-0.13688018918037415,18.0,18.0,0.05555555555555555,0.05555555555555555,0.0,-0.1434478536248207,-0.036453469097614294,Hard,0.05555555555555555
95,482,2230,-0.15353010594844818,-0.04879558086395264,13.0,6.0,0.07692307692307693,0.16666666666666666,0.08974358974358973,-0.039505958557128906,-0.002639740332961077,Medium,0.16666666666666666
96,492,956,-0.213101327419281,-0.1282271146774292,17.0,15.0,0.058823529411764705,0.06666666666666667,0.00784313725490196,-0.13204114139080048,-0.04689342342317104,Hard,0.06666666666666667
97,496,711,-0.1786435842514038,-0.04469847306609154,19.0,7.0,0.05263157894736842,0.14285714285714285,0.09022556390977443,-0.11620780825614929,-0.050545080006122595,Hard,0.14285714285714285
98,507,1931,-0.2680578827857971,-0.17940503358840942,21.0,21.0,0.047619047619047616,0.047619047619047616,0.0,-0.18971802294254303,-0.1289682101458311,Hard,0.047619047619047616
99,509,1101,0.10910474509000778,0.7813249230384827,1.0,1.0,1.0,1.0,0.0,0.18927142769098282,0.2656711027026176,Easy,1.0
100,512,1692,0.08812100440263748,0.6723089814186096,1.0,1.0,1.0,1.0,0.0,0.14652281627058983,0.21548910196870566,Easy,1.0
101,524,2476,0.16693536937236786,0.7469472289085388,1.0,1.0,1.0,1.0,0.0,0.2539456784725189,0.3243113994598389,Easy,1.0
102,529,2260,0.17049738764762878,0.7060872912406921,1.0,1.0,1.0,1.0,0.0,0.24111194908618927,0.31476152800023555,Easy,1.0
103,535,2392,-0.1437780112028122,-0.09140369296073914,10.0,14.0,0.1,0.07142857142857142,-0.02857142857142858,-0.11805205047130585,0.0029018748551607187,Hard,0.1
104,536,567,-0.18147824704647064,-0.09879890084266663,16.0,17.0,0.0625,0.058823529411764705,-0.003676470588235295,-0.08061601966619492,-0.024520161375403415,Medium,0.0625
105,548,809,-0.09242182970046997,0.025424089282751083,5.0,3.0,0.2,0.3333333333333333,0.1333333333333333,-0.026554159820079803,0.05659567750990391,Medium,0.3333333333333333
106,552,1358,-0.024574002251029015,0.6373562812805176,2.0,2.0,0.5,0.5,0.0,-0.21251793764531612,0.12106297798454763,Hard,0.5
107,572,2025,-0.16387930512428284,-0.06995192170143127,12.0,9.0,0.08333333333333333,0.1111111111111111,0.027777777777777776,-0.1343888659030199,-0.0063465722836553995,Hard,0.1111111111111111
108,574,1692,-0.2119205743074417,-0.1373148411512375,19.0,19.0,0.05263157894736842,0.05263157894736842,0.0,-0.12689152359962463,-0.053211645409464825,Hard,0.05263157894736842
109,577,1129,0.0955863744020462,0.7107873558998108,3.0,2.0,0.3333333333333333,0.5,0.16666666666666669,-0.05577394366264343,0.20704687125980853,Medium,0.5
110,598,1301,-0.1738748401403427,-0.04404306784272194,14.0,8.0,0.07142857142857142,0.125,0.053571428571428575,-0.14601253531873226,-0.0337497997097671,Hard,0.125
111,614,1475,0.14684075117111206,0.7808820605278015,1.0,1.0,1.0,1.0,0.0,0.002810373902320862,0.29631528742611407,Medium,1.0
112,616,1739,-0.16634222865104675,-0.03629058972001076,14.0,6.0,0.07142857142857142,0.16666666666666666,0.09523809523809523,-0.33162832260131836,-0.03433680161833763,Hard,0.16666666666666666
113,624,1042,-0.27642735838890076,-0.16958874464035034,21.0,21.0,0.047619047619047616,0.047619047619047616,0.0,-0.41360604763031006,-0.1444180004298687,Hard,0.047619047619047616
114,628,2546,-0.14098027348518372,-0.058998625725507736,14.0,10.0,0.07142857142857142,0.1,0.02857142857142858,-0.07839608192443848,-0.0024742305278778187,Medium,0.1
115,665,2122,-0.17185832560062408,-0.0798703134059906,15.0,12.0,0.06666666666666667,0.08333333333333333,0.016666666666666663,-0.14011582359671593,-0.023417829908430582,Hard,0.08333333333333333
116,669,729,-0.14806167781352997,-0.08674781769514084,10.0,12.0,0.1,0.08333333333333333,-0.016666666666666677,-0.2962429076433182,-0.006534996256232273,Hard,0.1
117,671,2025,-0.140483558177948,-0.02817649021744728,9.0,4.0,0.1111111111111111,0.25,0.1388888888888889,-0.07883881777524948,0.015464814752340322,Medium,0.25
118,681,1446,0.11991477012634277,0.6507317423820496,1.0,1.0,1.0,1.0,0.0,0.1960509493947029,0.2563804656267166,Easy,1.0
119,681,1986,-0.2657717168331146,-0.14241856336593628,21.0,20.0,0.047619047619047616,0.05,0.0023809523809523864,-0.23914015665650368,-0.11646946910768746,Hard,0.05
120,683,834,-0.17743493616580963,-0.07747374475002289,16.0,12.0,0.0625,0.08333333333333333,0.02083333333333333,-0.11886721849441528,-0.027750232815742487,Hard,0.08333333333333333
121,697,1080,-0.22780679166316986,-0.13464055955410004,19.0,20.0,0.05263157894736842,0.05,-0.0026315789473684154,-0.4203513264656067,-0.10586028471589089,Hard,0.05263157894736842
122,706,805,0.17705386877059937,0.7277305126190186,1.0,2.0,1.0,0.5,-0.5,0.004199981689453125,0.31866228505969046,Medium,1.0
123,710,2213,0.13095930218696594,0.6758116483688354,1.0,1.0,1.0,1.0,0.0,0.20482829213142395,0.26818880401551726,Easy,1.0
124,711,1285,-0.22572694718837738,-0.1315314918756485,20.0,18.0,0.05,0.05555555555555555,0.00555555555555555,-0.1869867965579033,-0.06992318630218505,Hard,0.05555555555555555
125,716,1810,0.06114092469215393,0.6475018858909607,1.0,1.0,1.0,1.0,0.0,0.12627295404672623,0.2000398624688387,Easy,1.0
126,725,1104,-0.10027941316366196,-0.03260604664683342,3.0,7.0,0.3333333333333333,0.14285714285714285,-0.19047619047619047,-0.03246410936117172,0.04576521255075933,Medium,0.3333333333333333
127,725,1137,-0.1111891120672226,-0.09471206367015839,4.0,16.0,0.25,0.0625,-0.1875,-0.05968334898352623,0.0409478997811675,Medium,0.25
128,734,2277,-0.19788052141666412,-0.04895148053765297,18.0,11.0,0.05555555555555555,0.09090909090909091,0.03535353535353536,-0.34496861696243286,-0.07513481713831424,Hard,0.09090909090909091
129,748,1103,0.21406200528144836,0.8331142067909241,1.0,1.0,1.0,1.0,0.0,0.3101484030485153,0.37027548514306546,Easy,1.0
130,758,1358,-0.04461575672030449,0.6962239742279053,1.0,1.0,1.0,1.0,0.0,0.06121624633669853,0.12165962681174278,Medium,1.0
131,767,2314,-0.17721082270145416,-0.09766151756048203,16.0,15.0,0.0625,0.06666666666666667,0.004166666666666666,-0.08647577464580536,-0.02332834042608739,Medium,0.06666666666666667
132,771,1080,-0.15168264508247375,-0.05599363148212433,11.0,6.0,0.09090909090909091,0.16666666666666666,0.07575757575757575,-0.3161696195602417,-0.006647606566548336,Hard,0.16666666666666666
133,778,779,0.09291072934865952,0.6724945902824402,1.0,1.0,1.0,1.0,0.0,0.0033204928040504456,0.224432872235775,Medium,1.0
134,778,1224,0.018615245819091797,0.6361392736434937,1.0,1.0,1.0,1.0,0.0,0.06521059572696686,0.16702822931110858,Medium,1.0
135,779,1914,0.10768814384937286,0.7352263927459717,1.0,1.0,1.0,1.0,0.0,0.16633792221546173,0.24541633166372775,Easy,1.0
136,788,1031,0.12632235884666443,0.6665814518928528,1.0,1.0,1.0,1.0,0.0,0.23318778723478317,0.285323080047965,Easy,1.0
137,793,1903,0.18066446483135223,0.7412533164024353,1.0,1.0,1.0,1.0,0.0,0.2611231133341789,0.3298480477184057,Easy,1.0
138,794,1160,0.1347808539867401,0.7336348295211792,1.0,1.0,1.0,1.0,0.0,0.23213844001293182,0.2953231420367956,Easy,1.0
139,794,1590,-0.1286059319972992,-0.14667753875255585,13.0,21.0,0.07692307692307693,0.047619047619047616,-0.02930402930402931,-0.24741020798683167,-0.013075989484786985,Hard,0.07692307692307693
140,797,2359,-0.15951107442378998,-0.010709802620112896,15.0,4.0,0.06666666666666667,0.25,0.18333333333333335,-0.08301012217998505,-0.004481655731797207,Medium,0.25
141,801,1961,0.06688861548900604,0.6651244163513184,1.0,1.0,1.0,1.0,0.0,0.15279194712638855,0.22321898601949214,Easy,1.0
142,817,1763,0.1481500118970871,0.8054197430610657,1.0,1.0,1.0,1.0,0.0,0.23196230083703995,0.30699010379612446,Easy,1.0
143,831,1011,0.062160566449165344,0.6799742579460144,1.0,1.0,1.0,1.0,0.0,0.1289406716823578,0.22112919799983502,Easy,1.0
144,833,2036,-0.21534541249275208,-0.14242736995220184,19.0,21.0,0.05263157894736842,0.047619047619047616,-0.005012531328320802,-0.3937447518110275,-0.0804494097828865,Hard,0.05263157894736842
145,849,1993,-0.1564951241016388,-0.0913652628660202,10.0,12.0,0.1,0.08333333333333333,-0.016666666666666677,-0.09759943932294846,-0.0052169833332300075,Hard,0.1
146,853,1169,-0.2323373556137085,-0.067078597843647,20.0,11.0,0.05,0.09090909090909091,0.04090909090909091,-0.14268533885478973,-0.07753112800419332,Hard,0.09090909090909091
147,863,1590,-0.14496587216854095,-0.1403781622648239,13.0,20.0,0.07692307692307693,0.05,-0.026923076923076925,-0.09934210032224655,-0.0056435357779264506,Hard,0.07692307692307693
148,868,1195,-0.11439385265111923,-0.017933789640665054,7.0,8.0,0.14285714285714285,0.125,-0.01785714285714285,-0.05657012015581131,0.0245218075811863,Medium,0.14285714285714285
149,871,1229,0.09112776070833206,0.8162747621536255,1.0,1.0,1.0,1.0,0.0,0.18411710113286972,0.23606955520808698,Easy,1.0
150,873,1358,-0.016992788761854172,0.6907896995544434,1.0,1.0,1.0,1.0,0.0,0.06779436394572258,0.13599337674677373,Medium,1.0
151,874,1701,-0.2895175814628601,-0.17774778604507446,21.0,19.0,0.047619047619047616,0.05263157894736842,0.005012531328320802,-0.2140268236398697,-0.13378207944333553,Hard,0.05263157894736842
152,875,1945,-0.11774500459432602,-0.022291071712970734,8.0,5.0,0.125,0.2,0.07500000000000001,-0.07308901846408844,0.01948901265859604,Medium,0.2
153,877,1935,0.11593388020992279,0.7185380458831787,2.0,2.0,0.5,0.5,0.0,-0.1145351380109787,0.2513339571654797,Hard,0.5
154,881,1155,-0.09751288592815399,-0.08396956324577332,2.0,13.0,0.5,0.07692307692307693,-0.4230769230769231,-0.05099283903837204,0.05705376937985421,Medium,0.5
155,915,1035,0.139264315366745,0.7520500421524048,1.0,1.0,1.0,1.0,0.0,0.2148267924785614,0.2893179599195719,Easy,1.0
156,918,1542,-0.2417948991060257,-0.12697339057922363,20.0,16.0,0.05,0.0625,0.012499999999999997,-0.1482224389910698,-0.0884127326309681,Hard,0.0625
157,933,1038,-0.15229567885398865,-0.05451171472668648,11.0,7.0,0.09090909090909091,0.14285714285714285,0.05194805194805194,-0.08936912566423416,-0.006640651822090143,Medium,0.14285714285714285
158,934,2356,-0.20198474824428558,-0.19550850987434387,21.0,21.0,0.047619047619047616,0.047619047619047616,0.0,-0.33630676567554474,-0.06954305358231067,Hard,0.047619047619047616
159,943,1196,-0.1230473741889,-0.0757751613855362,6.0,11.0,0.16666666666666666,0.09090909090909091,-0.07575757575757575,-0.06911874189972878,0.03397074211388826,Medium,0.16666666666666666
160,963,1157,-0.21930241584777832,-0.10826639086008072,20.0,16.0,0.05,0.0625,0.012499999999999997,-0.1601184532046318,-0.07185952253639699,Hard,0.0625
161,972,1000,-0.07545255124568939,-0.007051127962768078,1.0,4.0,1.0,0.25,-0.75,0.009256452322006226,0.07015126161277294,Medium,1.0
162,973,2016,-0.16279686987400055,-0.010741065256297588,15.0,4.0,0.06666666666666667,0.25,0.18333333333333335,-0.09250427037477493,-0.0112330112606287,Medium,0.25
163,981,1159,-0.16025350987911224,-0.08768869936466217,14.0,17.0,0.07142857142857142,0.058823529411764705,-0.01260504201680672,-0.10066776722669601,-0.007580947503447538,Hard,0.07142857142857142
164,984,2265,-0.08198484033346176,-0.05877966806292534,1.0,6.0,1.0,0.16666666666666666,-0.8333333333333334,0.011708341538906097,0.07044789381325245,Medium,1.0
165,997,1837,0.12214440107345581,0.6725751161575317,1.0,1.0,1.0,1.0,0.0,0.1765998676419258,0.2878698255866766,Easy,1.0
166,998,1284,0.20877696573734283,0.754665732383728,1.0,1.0,1.0,1.0,0.0,0.2680535167455673,0.3507402505725622,Easy,1.0
167,1004,1489,-0.09737329185009003,-0.14043155312538147,4.0,17.0,0.25,0.058823529411764705,-0.19117647058823528,-0.03673214465379715,0.05114624947309493,Medium,0.25
168,1008,2059,-0.11071740090847015,-0.016441337764263153,4.0,3.0,0.25,0.3333333333333333,0.08333333333333331,-0.055509429425001144,0.038779737986624235,Medium,0.3333333333333333
169,1012,1681,0.17080527544021606,0.7635963559150696,1.0,1.0,1.0,1.0,0.0,0.23539496958255768,0.3311400696635246,Easy,1.0
170,1013,1729,0.05403994768857956,0.6892886161804199,2.0,2.0,0.5,0.5,0.0,-0.05887749046087265,0.20336795449256898,Medium,0.5
171,1013,2045,-0.007549609988927841,0.19567495584487915,1.0,1.0,1.0,1.0,0.0,0.06012098118662834,0.12762635350227355,Medium,1.0
172,1017,1475,-0.14396831393241882,-0.07740934938192368,11.0,12.0,0.09090909090909091,0.08333333333333333,-0.007575757575757583,-0.07204438745975494,0.005257081985473644,Medium,0.09090909090909091
173,1022,1961,-0.16863588988780975,-0.09579499810934067,15.0,15.0,0.06666666666666667,0.06666666666666667,0.0,-0.3732903003692627,-0.0330534864217043,Hard,0.06666666666666667
174,1040,1317,-0.14995335042476654,-0.00894287321716547,11.0,1.0,0.09090909090909091,1.0,0.9090909090909091,-0.0415855348110199,0.01205549724400043,Medium,1.0
175,1046,1510,0.11518818140029907,0.6399433612823486,1.0,1.0,1.0,1.0,0.0,0.201980322599411,0.26989013217389585,Easy,1.0
176,1072,1358,0.14223355054855347,0.8968866467475891,1.0,1.0,1.0,1.0,0.0,0.1908070668578148,0.28162501752376556,Easy,1.0
177,1072,1725,0.24972864985466003,0.9462061524391174,1.0,1.0,1.0,1.0,0.0,0.34904469549655914,0.3890937611460686,Easy,1.0
178,1072,1805,0.030136894434690475,0.6542360782623291,1.0,1.0,1.0,1.0,0.0,0.10069265589118004,0.17504879273474216,Easy,1.0
179,1121,1131,0.07448725402355194,0.7138927578926086,1.0,1.0,1.0,1.0,0.0,0.12137486413121223,0.22618579100817443,Easy,1.0
180,1127,1986,-0.008247870951890945,0.6602476239204407,1.0,1.0,1.0,1.0,0.0,0.07474442943930626,0.1409658171236515,Medium,1.0
181,1131,1133,0.016817361116409302,0.6827506422996521,1.0,1.0,1.0,1.0,0.0,0.11460728943347931,0.1830155372619629,Easy,1.0
182,1157,2240,-0.17112094163894653,-0.07498069107532501,15.0,10.0,0.06666666666666667,0.1,0.03333333333333334,-0.10140006989240646,-0.028155172616243368,Hard,0.1
183,1158,2251,0.044447772204875946,0.655666172504425,1.0,1.0,1.0,1.0,0.0,0.07224363833665848,0.19648574553430082,Medium,1.0
184,1162,1510,-0.1573934704065323,-0.12191767990589142,14.0,18.0,0.07142857142857142,0.05555555555555555,-0.015873015873015872,-0.07852080464363098,-0.011620740219950687,Medium,0.07142857142857142
185,1166,2582,-0.16428668797016144,-0.11042620241641998,12.0,14.0,0.08333333333333333,0.07142857142857142,-0.011904761904761904,-0.3617422580718994,-0.01664179451763631,Hard,0.08333333333333333
186,1184,1190,-0.19696097075939178,-0.10950683057308197,19.0,17.0,0.05263157894736842,0.058823529411764705,0.006191950464396287,-0.09253287315368652,-0.04263071343302727,Medium,0.058823529411764705
187,1196,1367,-0.1779443472623825,-0.031038906425237656,17.0,8.0,0.058823529411764705,0.125,0.0661764705882353,-0.10839258134365082,-0.023600251600146283,Hard,0.125
188,1216,2446,-0.12271704524755478,0.00915574561804533,5.0,1.0,0.2,1.0,0.8,-0.029919929802417755,0.03257667981088161,Medium,1.0
189,1224,1732,-0.18835726380348206,-0.03733345866203308,17.0,8.0,0.058823529411764705,0.125,0.0661764705882353,-0.08719716966152191,-0.04341103769838811,Medium,0.125
190,1229,1749,0.14645425975322723,0.7290326356887817,1.0,2.0,1.0,0.5,-0.5,0.005482390522956848,0.26743030436336995,Medium,1.0
191,1234,1702,0.0609150305390358,0.6899091601371765,1.0,1.0,1.0,1.0,0.0,0.14495205134153366,0.2210619069635868,Easy,1.0
192,1235,1462,0.12860429286956787,0.725150465965271,1.0,1.0,1.0,1.0,0.0,0.039201341569423676,0.27872111462056637,Medium,1.0
193,1236,2479,-0.11053165793418884,-0.17487522959709167,4.0,19.0,0.25,0.05263157894736842,-0.19736842105263158,-0.029729552567005157,0.05573040619492531,Medium,0.25
194,1268,1929,-0.13873794674873352,-0.05243148282170296,4.0,4.0,0.25,0.25,0.0,-0.06316167861223221,0.033767214417457586,Medium,0.25
195,1276,1962,-0.14159508049488068,-0.1096404641866684,12.0,17.0,0.08333333333333333,0.058823529411764705,-0.024509803921568624,-0.09557473659515381,0.004886349290609354,Hard,0.08333333333333333
196,1280,2612,-0.1250162571668625,-0.03695511445403099,5.0,2.0,0.2,0.5,0.3,-0.05537751317024231,0.02512942925095557,Medium,0.5
197,1296,1910,-0.19604824483394623,-0.08371240645647049,20.0,16.0,0.05,0.0625,0.012499999999999997,-0.12675044685602188,-0.06541182175278665,Hard,0.0625
198,1296,1913,0.11243580281734467,0.6923067569732666,1.0,1.0,1.0,1.0,0.0,0.16493122279644012,0.2520152356475592,Easy,1.0
199,1320,2684,0.08810514211654663,0.6347246766090393,1.0,1.0,1.0,1.0,0.0,0.15153541415929794,0.252013036608696,Easy,1.0
200,1335,1856,-0.16338151693344116,-0.0642487034201622,16.0,5.0,0.0625,0.2,0.1375,-0.09355473518371582,-0.02206000722944737,Hard,0.2
201,1339,1358,-0.025794263929128647,0.6784681081771851,2.0,2.0,0.5,0.5,0.0,-0.16642099246382713,0.11141320392489434,Hard,0.5
202,1354,2270,-0.14732427895069122,-0.06424947828054428,15.0,13.0,0.06666666666666667,0.07692307692307693,0.010256410256410262,-0.32700709998607635,-0.029798630066215998,Hard,0.07692307692307693
203,1358,1599,-0.265130877494812,-0.09721750020980835,21.0,16.0,0.047619047619047616,0.0625,0.014880952380952384,-0.14735157042741776,-0.11360887698829175,Hard,0.0625
204,1358,1754,-0.05072901397943497,0.6974514722824097,1.0,1.0,1.0,1.0,0.0,0.011220991611480713,0.09145174287259578,Medium,1.0
205,1358,1757,-0.04543090984225273,0.6297349333763123,1.0,1.0,1.0,1.0,0.0,0.02967304363846779,0.09803613536059858,Medium,1.0
206,1358,1760,-0.0505368635058403,0.5452933311462402,1.0,1.0,1.0,1.0,0.0,0.0058021098375320435,0.10526440516114235,Medium,1.0
207,1365,1703,0.08340178430080414,0.6707434058189392,1.0,1.0,1.0,1.0,0.0,0.16125771403312683,0.23328039087355137,Easy,1.0
208,1368,1911,0.14569616317749023,0.7011984586715698,1.0,1.0,1.0,1.0,0.0,0.21431457996368408,0.30174332335591314,Easy,1.0
209,1377,1840,-0.17600767314434052,-0.10129249095916748,15.0,13.0,0.06666666666666667,0.07692307692307693,0.010256410256410262,-0.08186140656471252,-0.024881315976381296,Medium,0.07692307692307693
210,1382,2176,-0.1255701631307602,-0.045992542058229446,6.0,6.0,0.16666666666666666,0.16666666666666666,0.0,-0.2626689225435257,0.020801141485571856,Hard,0.16666666666666666
211,1402,1972,-0.1478857547044754,-0.0609542652964592,11.0,10.0,0.09090909090909091,0.1,0.009090909090909094,-0.07668304443359375,0.003032839670777332,Medium,0.1
212,1405,1508,0.14649440348148346,0.6709493398666382,1.0,1.0,1.0,1.0,0.0,0.209896020591259,0.30800256244838237,Easy,1.0
213,1408,1553,-0.10762033611536026,-0.01042689848691225,8.0,7.0,0.125,0.14285714285714285,0.01785714285714285,-0.027149610221385956,0.030351662635803217,Medium,0.14285714285714285
214,1409,1553,0.12520259618759155,0.7096148729324341,1.0,1.0,1.0,1.0,0.0,0.19339017570018768,0.2680736526846886,Easy,1.0
215,1413,1931,0.019986774772405624,0.5874400734901428,1.0,1.0,1.0,1.0,0.0,0.10810576006770134,0.1790586832910776,Easy,1.0
216,1441,2272,-0.21975867450237274,-0.08420755714178085,19.0,14.0,0.05263157894736842,0.07142857142857142,0.018796992481203006,-0.13565675914287567,-0.07805808633565903,Hard,0.07142857142857142
217,1444,2323,-0.17658661305904388,-0.09918241947889328,16.0,13.0,0.0625,0.07692307692307693,0.014423076923076927,-0.09954339265823364,-0.02074241712689401,Hard,0.07692307692307693
218,1470,1953,0.13421335816383362,0.6864013671875,1.0,1.0,1.0,1.0,0.0,0.20880968868732452,0.2729052059352398,Easy,1.0
219,1492,1765,-0.24316518008708954,-0.1376141458749771,21.0,19.0,0.047619047619047616,0.05263157894736842,0.005012531328320802,-0.1470082327723503,-0.08204072751104832,Hard,0.05263157894736842
220,1508,2117,0.05966337025165558,0.6398816108703613,1.0,1.0,1.0,1.0,0.0,0.14932304620742798,0.2111372921615839,Easy,1.0
221,1520,1750,0.16294868290424347,0.729511559009552,1.0,1.0,1.0,1.0,0.0,0.2662847191095352,0.31360368952155115,Easy,1.0
222,1526,1977,-0.23566800355911255,-0.12001517415046692,19.0,15.0,0.05263157894736842,0.06666666666666667,0.014035087719298248,-0.1749086007475853,-0.07373059540987015,Hard,0.06666666666666667
223,1536,2580,0.11035025864839554,0.7337250113487244,1.0,1.0,1.0,1.0,0.0,0.19529514759778976,0.24292196966707708,Easy,1.0
224,1543,1881,0.13351531326770782,0.7341058850288391,1.0,1.0,1.0,1.0,0.0,0.19367070496082306,0.2839377082884312,Easy,1.0
225,1552,2591,-0.17710988223552704,-0.045407313853502274,17.0,7.0,0.058823529411764705,0.14285714285714285,0.08403361344537814,-0.10516545176506042,-0.023743125796318043,Hard,0.14285714285714285
226,1623,1769,-0.25200241804122925,-0.08791002631187439,21.0,13.0,0.047619047619047616,0.07692307692307693,0.02930402930402931,-0.15703018009662628,-0.09674089513719081,Hard,0.07692307692307693
227,1635,2383,-0.18497611582279205,-0.10977960377931595,18.0,19.0,0.05555555555555555,0.05263157894736842,-0.0029239766081871343,-0.31621241569519043,-0.05041489303112029,Hard,0.05555555555555555
228,1655,2136,0.07977785915136337,0.7128607630729675,3.0,2.0,0.3333333333333333,0.5,0.16666666666666669,-0.09493812173604965,0.19850341491401197,Hard,0.5
229,1662,2381,-0.14481006562709808,-0.10233654081821442,10.0,15.0,0.1,0.06666666666666667,-0.03333333333333334,-0.051388129591941833,0.006524997204542166,Medium,0.1
230,1678,1746,-0.17206601798534393,-0.11583293974399567,18.0,19.0,0.05555555555555555,0.05263157894736842,-0.0029239766081871343,-0.31066571176052094,-0.04982882998883724,Hard,0.05555555555555555
231,1681,2320,-0.21813654899597168,-0.11168903112411499,19.0,19.0,0.05263157894736842,0.05263157894736842,0.0,-0.13458384573459625,-0.05980410166084765,Hard,0.05263157894736842
232,1683,1973,-0.18825049698352814,-0.047805462032556534,17.0,5.0,0.058823529411764705,0.2,0.1411764705882353,-0.11322672665119171,-0.02922222390770912,Hard,0.2
233,1701,1860,-0.2983202338218689,-0.19924217462539673,21.0,20.0,0.047619047619047616,0.05,0.0023809523809523864,-0.24963432550430298,-0.1514532532542944,Hard,0.05
234,1751,2596,-0.08851389586925507,0.014108073897659779,4.0,3.0,0.25,0.3333333333333333,0.08333333333333331,-0.016698434948921204,0.04841984771192073,Medium,0.3333333333333333
235,1810,1818,-0.2399722784757614,-0.09932371228933334,21.0,15.0,0.047619047619047616,0.06666666666666667,0.01904761904761905,-0.16273847222328186,-0.10562073849141598,Hard,0.06666666666666667
236,1889,1891,0.09716298431158066,0.6463941335678101,1.0,1.0,1.0,1.0,0.0,0.17333181202411652,0.24528528451919557,Easy,1.0
237,1903,1960,-0.1061781570315361,0.013363086618483067,3.0,2.0,0.3333333333333333,0.5,0.16666666666666669,-0.05231992155313492,0.054597538709640514,Medium,0.5
238,1927,1928,-0.14663119614124298,-0.0064277974888682365,9.0,5.0,0.1111111111111111,0.2,0.0888888888888889,-0.31149207055568695,0.004133423790335655,Hard,0.2
239,1927,1930,-0.21919818222522736,-0.11928597092628479,20.0,17.0,0.05,0.058823529411764705,0.008823529411764702,-0.17046136409044266,-0.06411183699965478,Hard,0.058823529411764705
240,1948,1950,0.06036173552274704,0.6316525936126709,2.0,2.0,0.5,0.5,0.0,-0.03805903345346451,0.20424570329487324,Medium,0.5
241,1973,1976,-0.20865780115127563,-0.08251629769802094,18.0,13.0,0.05555555555555555,0.07692307692307693,0.021367521367521375,-0.10556565225124359,-0.042552080750465404,Hard,0.07692307692307693
242,1986,1993,-0.2804926335811615,-0.18287426233291626,20.0,17.0,0.05,0.058823529411764705,0.008823529411764702,-0.18424612283706665,-0.11290605776011944,Hard,0.058823529411764705
243,1986,2001,0.20173326134681702,0.8248746395111084,1.0,1.0,1.0,1.0,0.0,0.27807316929101944,0.3445663895457983,Easy,1.0
244,1987,2004,0.15793132781982422,0.6868192553520203,1.0,1.0,1.0,1.0,0.0,0.035660699009895325,0.29222483225166795,Medium,1.0
245,2002,2379,0.10828033089637756,0.6053565740585327,1.0,1.0,1.0,1.0,0.0,0.15873073786497116,0.2561820290982723,Easy,1.0
246,2008,2301,0.11393207311630249,0.6323000192642212,1.0,1.0,1.0,1.0,0.0,0.21464784443378448,0.2711279883980751,Easy,1.0
247,2025,2026,-0.14131584763526917,-0.021705958992242813,11.0,7.0,0.09090909090909091,0.14285714285714285,0.05194805194805194,-0.09320149570703506,-0.0035674195736646597,Hard,0.14285714285714285
248,2075,2667,0.14875218272209167,0.7854010462760925,1.0,1.0,1.0,1.0,0.0,0.24907107651233673,0.29763035736978055,Easy,1.0
249,2076,2077,0.1788603663444519,0.7712504267692566,1.0,1.0,1.0,1.0,0.0,0.2511158064007759,0.3192146271467209,Easy,1.0
250,2115,2117,0.07198795676231384,0.6333460211753845,1.0,1.0,1.0,1.0,0.0,0.12735667824745178,0.2203536659479141,Easy,1.0
251,2175,2176,0.10720456391572952,0.7192293405532837,1.0,1.0,1.0,1.0,0.0,0.16650177538394928,0.252825440838933,Easy,1.0
252,2238,2239,-0.21099472045898438,-0.11258252710103989,20.0,19.0,0.05,0.05263157894736842,0.0026315789473684154,-0.14402727782726288,-0.06479648426175116,Hard,0.05263157894736842
253,2251,2252,0.10483919084072113,0.6908953785896301,1.0,1.0,1.0,1.0,0.0,0.1759084016084671,0.2427329383790493,Easy,1.0
254,2259,2337,-0.1291656345129013,-0.15855945646762848,7.0,21.0,0.14285714285714285,0.047619047619047616,-0.09523809523809523,-0.04670582711696625,0.014244868606328953,Medium,0.14285714285714285
255,2338,2555,-0.22586886584758759,-0.1372683048248291,21.0,21.0,0.047619047619047616,0.047619047619047616,0.0,-0.35073167085647583,-0.10715667940676213,Hard,0.047619047619047616
256,2401,2434,0.15072079002857208,0.740292489528656,1.0,1.0,1.0,1.0,0.0,0.2162981778383255,0.2999215267598629,Easy,1.0
257,2402,2403,-0.14818258583545685,-0.12058967351913452,11.0,16.0,0.09090909090909091,0.0625,-0.02840909090909091,-0.30295759439468384,-0.005549860745668406,Hard,0.09090909090909091
258,2440,2530,-0.09113406389951706,0.028134670108556747,4.0,3.0,0.25,0.3333333333333333,0.08333333333333331,-0.1927618756890297,0.055543408542871486,Hard,0.3333333333333333
259,2522,2656,-0.15424086153507233,-0.04788671433925629,15.0,10.0,0.06666666666666667,0.1,0.03333333333333334,-0.09229067713022232,-0.026180781424045563,Medium,0.1
260,2565,2567,-0.17267034947872162,-0.1868371218442917,14.0,20.0,0.07142857142857142,0.05,-0.021428571428571422,-0.07513260096311569,-0.014260917901992798,Medium,0.07142857142857142
261,2634,2636,-0.15945155918598175,-0.09929943084716797,12.0,15.0,0.08333333333333333,0.06666666666666667,-0.016666666666666663,-0.279227152466774,-0.017235144600272173,Hard,0.08333333333333333
262,2665,2666,-0.10357433557510376,-0.08194602280855179,4.0,13.0,0.25,0.07692307692307693,-0.17307692307692307,-0.01433870941400528,0.04223455600440501,Medium,0.25
