model,probe_seed,probe,metric,aggregation,mean,std,median,min,max,count
M0,0,z_cn_to_cn_residual,mae,mean_over_model_seeds,0.15199447313447043,0.015871124488115295,0.14561733902531937,0.13987605244590987,0.17921856118487547,5
M0,0,z_cn_to_cn_residual,r2,mean_over_model_seeds,0.5821136115358728,0.4481845635654446,0.7847321831216252,-0.21926409834274274,0.7977834157269436,5
M0,0,z_cn_to_cn_residual,spearman,mean_over_model_seeds,0.8230820987339008,0.022671960946774948,0.826963893941175,0.7856107569413736,0.8435364330689489,5
M0,0,z_cn_to_degree,mae,mean_over_model_seeds,0.9559863644532761,0.03260047474772809,0.9486405958580493,0.9312477363335527,1.011422725823495,5
M0,0,z_cn_to_degree,r2,mean_over_model_seeds,0.0990029804128448,0.24511284792672164,0.20330080182728438,-0.3380925542605713,0.23870023341081348,5
M0,0,z_cn_to_degree,spearman,mean_over_model_seeds,0.3711682236151493,0.020638547500244298,0.38036091092184593,0.33560220851794104,0.38610928755236457,5
M0,0,z_degree_to_cn_residual,mae,mean_over_model_seeds,0.34227022606719215,0.003079476405295368,0.3433016164973298,0.3373860207671393,0.3448602391130364,5
M0,0,z_degree_to_cn_residual,r2,mean_over_model_seeds,0.020845896057884495,0.020292718349816205,0.02215242800411865,-0.012619707672913094,0.03910397625669548,5
M0,0,z_degree_to_cn_residual,spearman,mean_over_model_seeds,0.048803496918864604,0.021986339188535115,0.03685432759653844,0.02877495668528469,0.07950990137826397,5
M0,0,z_degree_to_degree,mae,mean_over_model_seeds,0.030617876269900656,0.005241078958183154,0.02853604774501073,0.024784932912649726,0.03787638542448306,5
M0,0,z_degree_to_degree,r2,mean_over_model_seeds,0.9984021893756413,0.0007011661126517168,0.9984602011035542,0.9976659812128625,0.9991887323095141,5
M0,0,z_degree_to_degree,spearman,mean_over_model_seeds,0.9991875151887456,0.0004057149733750357,0.9992874042836046,0.9985278811137767,0.9995543278577833,5
M0,0,z_residual_to_degree,mae,mean_over_model_seeds,0.933126500305334,0.05311321960316756,0.9353173610730512,0.8510872356697502,0.9951682084181228,5
M0,0,z_residual_to_degree,r2,mean_over_model_seeds,0.19934524201181583,0.1072733479948604,0.19913385189211463,0.09847924965688182,0.3639933420730135,5
M0,0,z_residual_to_degree,spearman,mean_over_model_seeds,0.43806770265989126,0.1261415091797257,0.45256256224356134,0.27562014406441854,0.6137461243456942,5
M0,1,z_cn_to_cn_residual,mae,mean_over_model_seeds,0.14715098280714417,0.005419092616281323,0.14868412851558238,0.13823961650944228,0.15282030761867468,5
M0,1,z_cn_to_cn_residual,r2,mean_over_model_seeds,0.7776938044585993,0.011239845862620884,0.7770160477557191,0.7626010517523786,0.7937495794741075,5
M0,1,z_cn_to_cn_residual,spearman,mean_over_model_seeds,0.8285372542491292,0.014938521823462964,0.8313235197300413,0.805202084400946,0.8442853227083246,5
M0,1,z_cn_to_degree,mae,mean_over_model_seeds,0.954554788675404,0.016149351496047324,0.9582596422910383,0.9363366530040252,0.9721127637440306,5
M0,1,z_cn_to_degree,r2,mean_over_model_seeds,0.1606072807161891,0.07535783331370126,0.1806725787449004,0.029152352581172214,0.21327889349388618,5
M0,1,z_cn_to_degree,spearman,mean_over_model_seeds,0.36947784656704274,0.016016616966009086,0.37296275958021163,0.3496190270138022,0.3918488618295238,5
M0,1,z_degree_to_cn_residual,mae,mean_over_model_seeds,0.34388939759607234,0.004482182320928921,0.34258970481577455,0.3394881868839217,0.3487813047890489,5
M0,1,z_degree_to_cn_residual,r2,mean_over_model_seeds,0.012719331247087018,0.02040653868225141,0.016726084294096055,-0.022523653930998977,0.02819994867046105,5
M0,1,z_degree_to_cn_residual,spearman,mean_over_model_seeds,0.04508015731809115,0.029392800030405498,0.053453491441278166,0.011736511233937354,0.07677608508017303,5
M0,1,z_degree_to_degree,mae,mean_over_model_seeds,0.03068667049424109,0.004342212319106746,0.02970536553658586,0.025265885019416907,0.03559873697618722,5
M0,1,z_degree_to_degree,r2,mean_over_model_seeds,0.9984116513676307,0.0006732716612694827,0.9986935206449414,0.9975628779992758,0.9990083324980479,5
M0,1,z_degree_to_degree,spearman,mean_over_model_seeds,0.9992635415527585,0.0003022163194304075,0.9993293199874997,0.9987529034454087,0.9994919526575143,5
M0,1,z_residual_to_degree,mae,mean_over_model_seeds,0.9393419865895666,0.05673717299492281,0.9597887071605102,0.8435208019883862,0.9875644087962782,5
M0,1,z_residual_to_degree,r2,mean_over_model_seeds,0.20032161256673736,0.11547849304844794,0.19311012418853835,0.08923709145240011,0.3846044569653069,5
M0,1,z_residual_to_degree,spearman,mean_over_model_seeds,0.4376835717408302,0.11677616816416697,0.4352885544534141,0.32093535684700264,0.621536742053904,5
M0,2,z_cn_to_cn_residual,mae,mean_over_model_seeds,0.14592936108096594,0.003567283983634324,0.14433340874688552,0.14222353536274224,0.15083700476816783,5
M0,2,z_cn_to_cn_residual,r2,mean_over_model_seeds,0.7825958440126632,0.01183030057690095,0.7788853752569187,0.7708857354884422,0.7973246745685382,5
M0,2,z_cn_to_cn_residual,spearman,mean_over_model_seeds,0.8322050441950285,0.012879863575782281,0.8303495365947877,0.8128809044134668,0.8448151759353721,5
M0,2,z_cn_to_degree,mae,mean_over_model_seeds,0.954122303126199,0.007631367779479043,0.9516240858736338,0.9443868581670994,0.963688142158622,5
M0,2,z_cn_to_degree,r2,mean_over_model_seeds,0.20376394724657917,0.009282593483853636,0.20394814277431228,0.1905529653710264,0.21556468552850383,5
M0,2,z_cn_to_degree,spearman,mean_over_model_seeds,0.3700309562094583,0.019361034137397263,0.37988070989359624,0.347645556116821,0.3899594199383367,5
M0,2,z_degree_to_cn_residual,mae,mean_over_model_seeds,0.34172135259019176,0.003990182780749234,0.34077411735403995,0.33654128960751617,0.34748537239162913,5
M0,2,z_degree_to_cn_residual,r2,mean_over_model_seeds,0.02249255988366301,0.007178124984629311,0.02527865934135154,0.014552826401970975,0.029344239797098104,5
M0,2,z_degree_to_cn_residual,spearman,mean_over_model_seeds,0.05781648875437041,0.017664879633222295,0.06116955564676016,0.030436353383188536,0.073379091897566,5
M0,2,z_degree_to_degree,mae,mean_over_model_seeds,0.03211615258509824,0.00553055215163094,0.03135302478342616,0.024741090769027724,0.039122227200974566,5
M0,2,z_degree_to_degree,r2,mean_over_model_seeds,0.9984008192843004,0.0005591664459419027,0.9983000384123193,0.9978515991104996,0.9990243983728783,5
M0,2,z_degree_to_degree,spearman,mean_over_model_seeds,0.9991711496780404,0.00028992500346976084,0.9992611574232082,0.9986583518915284,0.9993615372709027,5
M0,2,z_residual_to_degree,mae,mean_over_model_seeds,0.9538630957364006,0.06352014843592516,0.9643540060521075,0.8527534636968829,1.0264799006660283,5
M0,2,z_residual_to_degree,r2,mean_over_model_seeds,0.16254774025098195,0.15166045779299284,0.1991412891147183,-0.0494507367615733,0.3608754645578385,5
M0,2,z_residual_to_degree,spearman,mean_over_model_seeds,0.44559902036498816,0.10953815361249172,0.4485992591317305,0.3095172486893541,0.6054524607944743,5
M1,0,z_cn_to_cn_residual,mae,mean_over_model_seeds,0.04595019267490312,0.0089167638814909,0.04238806166490405,0.03770881421302133,0.060889907667115634,5
M1,0,z_cn_to_cn_residual,r2,mean_over_model_seeds,0.9521980055553609,0.017291608379877234,0.954855342517974,0.9234590137554788,0.9697914947956252,5
M1,0,z_cn_to_cn_residual,spearman,mean_over_model_seeds,0.9818693889502402,0.008671341843423792,0.985412340872229,0.9670865621905379,0.9881080496033147,5
M1,0,z_cn_to_degree,mae,mean_over_model_seeds,0.6822310653643395,0.030438660947945877,0.6834108066928621,0.6387493950582741,0.7198318611464575,5
M1,0,z_cn_to_degree,r2,mean_over_model_seeds,0.5332219186192366,0.042414238268749994,0.535788291030285,0.47440483697506064,0.5922724963738004,5
M1,0,z_cn_to_degree,spearman,mean_over_model_seeds,0.7434417546668045,0.031243169418779505,0.7254820639729488,0.7156603336700315,0.7884739521110231,5
M1,0,z_degree_to_cn_residual,mae,mean_over_model_seeds,0.34231171459517357,0.0025687243287540835,0.3435961247947144,0.33832640735131475,0.3444891252109813,5
M1,0,z_degree_to_cn_residual,r2,mean_over_model_seeds,0.015728851421657676,0.017821998919434125,0.022703720512580516,-0.012368686380991978,0.03222341361601366,5
M1,0,z_degree_to_cn_residual,spearman,mean_over_model_seeds,0.055240847116755365,0.023302578725636184,0.05196240539095458,0.03780316702068071,0.09506300562009261,5
M1,0,z_degree_to_degree,mae,mean_over_model_seeds,0.029555800326789124,0.002728490637564907,0.029777863996563087,0.025563068286806052,0.032311878202277655,5
M1,0,z_degree_to_degree,r2,mean_over_model_seeds,0.9985657902316719,0.0004614110748400041,0.9983325514481848,0.9980774354630763,0.9991651217888337,5
M1,0,z_degree_to_degree,spearman,mean_over_model_seeds,0.999462361236894,0.0001877497244253648,0.9995688213673779,0.9991620818184673,0.9996026108443952,5
M1,0,z_residual_to_degree,mae,mean_over_model_seeds,0.9383826783656508,0.04742003367128066,0.9519725719244159,0.8551134255347377,0.9722799369923232,5
M1,0,z_residual_to_degree,r2,mean_over_model_seeds,0.1897060336261199,0.09365318519415587,0.15303386830728438,0.13568745707536012,0.3567436156757291,5
M1,0,z_residual_to_degree,spearman,mean_over_model_seeds,0.4417506826138705,0.09706410399393185,0.3966656570060558,0.36663477002335315,0.6044867700461122,5
M1,1,z_cn_to_cn_residual,mae,mean_over_model_seeds,0.045080718227889956,0.0064747943654144754,0.04221664132575519,0.03959418156505387,0.055619104589784515,5
M1,1,z_cn_to_cn_residual,r2,mean_over_model_seeds,0.9559506420764166,0.013762413644535775,0.962926537953221,0.9333483283693514,0.9673331188107641,5
M1,1,z_cn_to_cn_residual,spearman,mean_over_model_seeds,0.97773533796603,0.012938436930669187,0.9821393670586384,0.9572734027915256,0.9880926037943697,5
M1,1,z_cn_to_degree,mae,mean_over_model_seeds,0.7017667115042959,0.03743700080319115,0.7013174284453758,0.6465278487576529,0.7490117567940906,5
M1,1,z_cn_to_degree,r2,mean_over_model_seeds,0.4905433018895475,0.0739325065171135,0.520526355804582,0.378874600833516,0.5638960588023244,5
M1,1,z_cn_to_degree,spearman,mean_over_model_seeds,0.7323412101965321,0.02616911123611421,0.7331804957178562,0.6950840531468879,0.7681590883685305,5
M1,1,z_degree_to_cn_residual,mae,mean_over_model_seeds,0.3448533006754392,0.005262078750237203,0.34382851686764077,0.3400954939084424,0.35233144532304417,5
M1,1,z_degree_to_cn_residual,r2,mean_over_model_seeds,0.009400705586329083,0.026769003716611495,0.025302170693244586,-0.023912740236071928,0.0305714854077761,5
M1,1,z_degree_to_cn_residual,spearman,mean_over_model_seeds,0.045828830012401976,0.023615408195962327,0.04810506119101731,0.011222804083563026,0.07665684161953683,5
M1,1,z_degree_to_degree,mae,mean_over_model_seeds,0.03024294959683287,0.0030380307780810867,0.030058155856579914,0.026045783503375716,0.03332277445723578,5
M1,1,z_degree_to_degree,r2,mean_over_model_seeds,0.9985413116758328,0.0003667957207899135,0.9985076261354594,0.9981430262121883,0.9989424977784105,5
M1,1,z_degree_to_degree,spearman,mean_over_model_seeds,0.9994342242688313,0.0002733824231951247,0.9996098143784637,0.9990356813067786,0.9996380434195005,5
M1,1,z_residual_to_degree,mae,mean_over_model_seeds,0.9519070380974316,0.06864602665269269,0.9525442763159335,0.8425916818474859,1.0178544708138357,5
M1,1,z_residual_to_degree,r2,mean_over_model_seeds,0.11467327310865619,0.22478463154889114,0.16605372050318168,-0.2271254165689287,0.38181899480029635,5
M1,1,z_residual_to_degree,spearman,mean_over_model_seeds,0.4312532554654192,0.11072578475793018,0.4002291178103977,0.3423742945782236,0.6149985182491661,5
M1,2,z_cn_to_cn_residual,mae,mean_over_model_seeds,0.04688447405440869,0.009695154304463537,0.043732857452493376,0.04040155667488781,0.0636656525411447,5
M1,2,z_cn_to_cn_residual,r2,mean_over_model_seeds,0.9510170642470779,0.023391083726352326,0.9592751154699748,0.9098437498245968,0.9659565864856057,5
M1,2,z_cn_to_cn_residual,spearman,mean_over_model_seeds,0.9753271892794044,0.01465185656295548,0.9822510966612223,0.957609244234464,0.989026334282877,5
M1,2,z_cn_to_degree,mae,mean_over_model_seeds,0.6926044704244048,0.037186868664783525,0.6806635541667686,0.6476623452486427,0.7323473908640332,5
M1,2,z_cn_to_degree,r2,mean_over_model_seeds,0.532767909679075,0.03820702553421901,0.5309097497456676,0.4766328445649287,0.5830494316794456,5
M1,2,z_cn_to_degree,spearman,mean_over_model_seeds,0.7433535756420624,0.024413628264992212,0.7391399394341656,0.7154167377580672,0.7815369579208209,5
M1,2,z_degree_to_cn_residual,mae,mean_over_model_seeds,0.341828009737903,0.004276894170698381,0.34015496282881874,0.33653417358194787,0.34715839325745435,5
M1,2,z_degree_to_cn_residual,r2,mean_over_model_seeds,0.022810875462178637,0.012596271198319688,0.028469727880496398,0.0010835001553821666,0.03142329735045768,5
M1,2,z_degree_to_cn_residual,spearman,mean_over_model_seeds,0.06593011474791236,0.011541623837654714,0.06341268979079738,0.050789492178937294,0.07854801096629052,5
M1,2,z_degree_to_degree,mae,mean_over_model_seeds,0.03100266851694682,0.0032991559920092202,0.03233217111637446,0.025427217548832422,0.03352418154647753,5
M1,2,z_degree_to_degree,r2,mean_over_model_seeds,0.9984941275622207,0.0003579577299707961,0.9983397388902017,0.998106269942827,0.9989971649292074,5
M1,2,z_degree_to_degree,spearman,mean_over_model_seeds,0.9993649022240341,0.00016827554618050882,0.999340202121595,0.9991451607197376,0.9996100156604039,5
M1,2,z_residual_to_degree,mae,mean_over_model_seeds,0.9602199862851697,0.06508903436376573,0.9800387076150545,0.852916283377479,1.0197799787135673,5
M1,2,z_residual_to_degree,r2,mean_over_model_seeds,0.12069443863334235,0.18048190250993434,0.11812980137088847,-0.1468955111510981,0.3579562117480811,5
M1,2,z_residual_to_degree,spearman,mean_over_model_seeds,0.4461757966253921,0.10366822450085815,0.44141655823882026,0.32389039366036393,0.6065156097853852,5
M2,0,z_cn_to_cn_residual,mae,mean_over_model_seeds,0.0478838960468975,0.004909441549131877,0.048709110864030916,0.04230074668676706,0.054889866614480906,5
M2,0,z_cn_to_cn_residual,r2,mean_over_model_seeds,0.9492079397558039,0.010756770949498671,0.9537796431124925,0.932965923569254,0.9579661559454138,5
M2,0,z_cn_to_cn_residual,spearman,mean_over_model_seeds,0.9792805865367914,0.003686466904271436,0.9809782095338274,0.9743215473586301,0.9826389805774723,5
M2,0,z_cn_to_degree,mae,mean_over_model_seeds,0.6888929601090796,0.0279789474407926,0.6912508911501642,0.6595235918674267,0.7265103735710969,5
M2,0,z_cn_to_degree,r2,mean_over_model_seeds,0.532923278052513,0.03935981328640813,0.5307256343191177,0.47327602055193396,0.5703704747530667,5
M2,0,z_cn_to_degree,spearman,mean_over_model_seeds,0.7541732893430214,0.036600095823573396,0.7434115102202012,0.7056197824730063,0.7967018597067884,5
M2,0,z_degree_to_cn_residual,mae,mean_over_model_seeds,0.3415716838297839,0.0026862954858890343,0.3416341800745659,0.33782183974389496,0.3447872125665702,5
M2,0,z_degree_to_cn_residual,r2,mean_over_model_seeds,0.025494225326437858,0.008343804952982724,0.025919797374360565,0.013840576397869397,0.03488108096615106,5
M2,0,z_degree_to_cn_residual,spearman,mean_over_model_seeds,0.05178166775801922,0.023858227218037122,0.044689062216550064,0.029400063037458676,0.09225379434382452,5
M2,0,z_degree_to_degree,mae,mean_over_model_seeds,0.03238324924503981,0.0045067525965614185,0.0323940837955133,0.025493557624200507,0.03794065416879694,5
M2,0,z_degree_to_degree,r2,mean_over_model_seeds,0.9982592814340379,0.000615725557565135,0.9980660642790427,0.9975837517023354,0.9992126834852414,5
M2,0,z_degree_to_degree,spearman,mean_over_model_seeds,0.9991928066706682,0.0003039889329785278,0.9992836587953083,0.9987285714911451,0.9994680424940962,5
M2,0,z_residual_to_degree,mae,mean_over_model_seeds,0.9667512970435345,0.020876224203784023,0.9709838788241852,0.9377544661985597,0.9935781124108369,5
M2,0,z_residual_to_degree,r2,mean_over_model_seeds,0.11665471788930656,0.04239531486583283,0.09523922098749471,0.07618304850629143,0.17895419494660392,5
M2,0,z_residual_to_degree,spearman,mean_over_model_seeds,0.3923918756710389,0.057500153182473326,0.40493458630771095,0.29927458589098094,0.4414325212366105,5
M2,1,z_cn_to_cn_residual,mae,mean_over_model_seeds,0.0512050304823467,0.010633951049553754,0.049291601546699475,0.04067838684956627,0.06881026869825405,5
M2,1,z_cn_to_cn_residual,r2,mean_over_model_seeds,0.8930771119764321,0.13351927200294558,0.9488236659976298,0.6547376651544609,0.9645476155833042,5
M2,1,z_cn_to_cn_residual,spearman,mean_over_model_seeds,0.9797687552149339,0.004559741981936992,0.9778946328296556,0.9746433386127732,0.9859260499411352,5
M2,1,z_cn_to_degree,mae,mean_over_model_seeds,0.7092028941714984,0.047575704243114914,0.6966438622986689,0.6526169741576063,0.7734106964169895,5
M2,1,z_cn_to_degree,r2,mean_over_model_seeds,0.4786169058633015,0.1362475620395677,0.5265301389261737,0.2418535639993975,0.5781661879799755,5
M2,1,z_cn_to_degree,spearman,mean_over_model_seeds,0.7415040810717566,0.041356712885241016,0.7429638097034752,0.6820838332040667,0.7802572504626148,5
M2,1,z_degree_to_cn_residual,mae,mean_over_model_seeds,0.34543233102992615,0.0070064836242341375,0.34368689641849415,0.3384692291807499,0.35624203321691156,5
M2,1,z_degree_to_cn_residual,r2,mean_over_model_seeds,-0.0004221029875650428,0.03457322983693755,0.011407141220302508,-0.05233312360037057,0.028891337590157606,5
M2,1,z_degree_to_cn_residual,spearman,mean_over_model_seeds,0.032578739779073065,0.025862828193990016,0.03452025830459515,-0.0018196912947672328,0.06476369714973346,5
M2,1,z_degree_to_degree,mae,mean_over_model_seeds,0.03286404306805972,0.004822537847728833,0.03269827640213736,0.025178949406290372,0.03709429120295129,5
M2,1,z_degree_to_degree,r2,mean_over_model_seeds,0.9983744112175434,0.0005780652590561171,0.9983031551379731,0.9977239138937778,0.9993055181400676,5
M2,1,z_degree_to_degree,spearman,mean_over_model_seeds,0.9992193089377956,0.0003729048463226539,0.9994657750594546,0.9986530390993936,0.9994879599931902,5
M2,1,z_residual_to_degree,mae,mean_over_model_seeds,0.9674972577024883,0.013560203510559867,0.9697507116161126,0.9517207262884577,0.9805972483917172,5
M2,1,z_residual_to_degree,r2,mean_over_model_seeds,0.1399843909326172,0.02695611379123022,0.15080633297344714,0.09267288612375302,0.16001538986156627,5
M2,1,z_residual_to_degree,spearman,mean_over_model_seeds,0.3838105872296282,0.013376348703198492,0.38226553116347145,0.36985534091198335,0.39943359486692614,5
M2,2,z_cn_to_cn_residual,mae,mean_over_model_seeds,0.0490723288820515,0.00656749859010607,0.04852439490131921,0.041590180500374704,0.05626132358373499,5
M2,2,z_cn_to_cn_residual,r2,mean_over_model_seeds,0.9453719179943715,0.01711307781467068,0.9522458694819845,0.9229242382751212,0.9632993807825351,5
M2,2,z_cn_to_cn_residual,spearman,mean_over_model_seeds,0.9782150879626528,0.007087201569663554,0.9766597965697252,0.9709912450025466,0.9877882778709209,5
M2,2,z_cn_to_degree,mae,mean_over_model_seeds,0.7045347297604208,0.04222035018826023,0.6982550160131504,0.6475092171964506,0.7613437911024272,5
M2,2,z_cn_to_degree,r2,mean_over_model_seeds,0.5151226292057175,0.04966027120712079,0.5075276968338733,0.47083243322024926,0.589800293475192,5
M2,2,z_cn_to_degree,spearman,mean_over_model_seeds,0.7409707637863094,0.03616857906922362,0.7399112665099252,0.7059012419491257,0.8001465872059683,5
M2,2,z_degree_to_cn_residual,mae,mean_over_model_seeds,0.34237491735044506,0.0033013350955080362,0.3406454657582524,0.3394084402526083,0.346880885917916,5
M2,2,z_degree_to_cn_residual,r2,mean_over_model_seeds,0.019053643470187964,0.02054232709045308,0.027459677918546976,-0.016749655379125983,0.032063729361311966,5
M2,2,z_degree_to_cn_residual,spearman,mean_over_model_seeds,0.05853767228308465,0.013032948661891443,0.06365134896885355,0.04122290651367251,0.07354328018483729,5
M2,2,z_degree_to_degree,mae,mean_over_model_seeds,0.03287625357602843,0.006987998330430792,0.03295219162139111,0.021949641416251407,0.03979857062105867,5
M2,2,z_degree_to_degree,r2,mean_over_model_seeds,0.9983031629824216,0.000615035783349077,0.9981575006434871,0.9976628630547656,0.9993269376081967,5
M2,2,z_degree_to_degree,spearman,mean_over_model_seeds,0.9992719997967544,0.00016981671873681493,0.9992686452796055,0.9989991530820466,0.9994319014242132,5
M2,2,z_residual_to_degree,mae,mean_over_model_seeds,0.9601497001587969,0.018672883920336395,0.9638088388226627,0.9405316210680187,0.9839507788711099,5
M2,2,z_residual_to_degree,r2,mean_over_model_seeds,0.14214987427018905,0.05784186228307623,0.17322495263760052,0.0686687674881108,0.1992106814909913,5
M2,2,z_residual_to_degree,spearman,mean_over_model_seeds,0.40909339910772136,0.03638669830206127,0.4145998595989626,0.34822602840726535,0.43853086916310113,5
M3,0,z_cn_to_cn_residual,mae,mean_over_model_seeds,0.04454379429291666,0.007940684400465406,0.04458118547673916,0.037783657012962664,0.057272380900400245,5
M3,0,z_cn_to_cn_residual,r2,mean_over_model_seeds,0.9572409407610583,0.007422419661205915,0.9567739015796211,0.9473945786451845,0.9683252843999032,5
M3,0,z_cn_to_cn_residual,spearman,mean_over_model_seeds,0.9827806599124559,0.004732220978265904,0.9826444889414778,0.9762650501498674,0.9896259659121883,5
M3,0,z_cn_to_degree,mae,mean_over_model_seeds,0.6717002120919848,0.022774165506238737,0.670624215486903,0.6440837390575507,0.7050558679912888,5
M3,0,z_cn_to_degree,r2,mean_over_model_seeds,0.5385220812504941,0.02798863226411693,0.5268836878949048,0.5127298915612735,0.5801886943356516,5
M3,0,z_cn_to_degree,spearman,mean_over_model_seeds,0.7482327303031211,0.02906777943411442,0.748440625145812,0.7131160928177176,0.7867529053902674,5
M3,0,z_degree_to_cn_residual,mae,mean_over_model_seeds,0.3416259943119795,0.0023364571481495205,0.3409153462745566,0.3389253049432386,0.3451914042033455,5
M3,0,z_degree_to_cn_residual,r2,mean_over_model_seeds,0.022070837578516023,0.012532184996229627,0.024650769683226992,0.000992511593019496,0.03340638767665016,5
M3,0,z_degree_to_cn_residual,spearman,mean_over_model_seeds,0.05779319848809339,0.012524484581162638,0.052537661623383074,0.0473265762321863,0.0769905517230733,5
M3,0,z_degree_to_degree,mae,mean_over_model_seeds,0.026458942573116456,0.004782357103493615,0.026651034975530934,0.01854697272147096,0.030326887552086686,5
M3,0,z_degree_to_degree,r2,mean_over_model_seeds,0.9988183331974231,0.0002849937592450133,0.998772007683211,0.9985779596503422,0.9992676990190242,5
M3,0,z_degree_to_degree,spearman,mean_over_model_seeds,0.9990854057720121,0.0005753713767522357,0.999269264530257,0.9983368867913172,0.9996771373680667,5
M3,0,z_residual_to_degree,mae,mean_over_model_seeds,1.0543629481994192,0.23234620764367173,0.9676164125150318,0.8573247367315934,1.4518217258732762,5
M3,0,z_residual_to_degree,r2,mean_over_model_seeds,-3.721410234711771,7.557285267633844,0.12380142767091062,-17.114317967049246,0.35859316823159093,5
M3,0,z_residual_to_degree,spearman,mean_over_model_seeds,0.4267535537460179,0.10630092722041275,0.38435652804358367,0.3379581689650299,0.6060439708133905,5
M3,1,z_cn_to_cn_residual,mae,mean_over_model_seeds,0.04722830172886059,0.007886994560803244,0.044637529935484435,0.0398815786181516,0.060254864177333965,5
M3,1,z_cn_to_cn_residual,r2,mean_over_model_seeds,0.9302558915814096,0.05540320524523317,0.9582984824253103,0.8329950417809977,0.9643396622313716,5
M3,1,z_cn_to_cn_residual,spearman,mean_over_model_seeds,0.9765142139786024,0.007272598439871082,0.9770041446839856,0.9655723622069392,0.983316934640642,5
M3,1,z_cn_to_degree,mae,mean_over_model_seeds,0.6967979340165417,0.03463815288148177,0.6977438294860231,0.6571424133095469,0.7501388410978057,5
M3,1,z_cn_to_degree,r2,mean_over_model_seeds,0.5004815310211223,0.0612503752149893,0.5014938156863399,0.41355836837036364,0.5649404389256778,5
M3,1,z_cn_to_degree,spearman,mean_over_model_seeds,0.7349651544523823,0.03663702134088984,0.7406276168985021,0.6733881877289418,0.7653280275794615,5
M3,1,z_degree_to_cn_residual,mae,mean_over_model_seeds,0.3444744325369159,0.0049187718641191935,0.3441263458813578,0.3386590405130819,0.34982361456964994,5
M3,1,z_degree_to_cn_residual,r2,mean_over_model_seeds,0.010776066192236967,0.02721223106025575,0.022815579389635188,-0.03657700885363324,0.028126839524680092,5
M3,1,z_degree_to_cn_residual,spearman,mean_over_model_seeds,0.04260538497100078,0.026101302627187347,0.04980399063314925,0.0011761554848824585,0.06511847035717713,5
M3,1,z_degree_to_degree,mae,mean_over_model_seeds,0.02720439596966743,0.005489094014277954,0.0265077016455297,0.0195089291925781,0.03429196029873353,5
M3,1,z_degree_to_degree,r2,mean_over_model_seeds,0.9987393608440709,0.0002468886986371209,0.9986526980173203,0.998488420491367,0.9990643930838183,5
M3,1,z_degree_to_degree,spearman,mean_over_model_seeds,0.9991318847583328,0.00045944742957703766,0.9992532426805876,0.9985140998082856,0.9996066405660202,5
M3,1,z_residual_to_degree,mae,mean_over_model_seeds,0.9647926310824427,0.0685387817569141,0.9676141456307334,0.8647074050685097,1.035590093852658,5
M3,1,z_residual_to_degree,r2,mean_over_model_seeds,-0.0020204605691989787,0.3453638121701392,0.13543163756005472,-0.526287413558894,0.34932032931096757,5
M3,1,z_residual_to_degree,spearman,mean_over_model_seeds,0.4246634282981193,0.09198023054794295,0.3804520986269852,0.3649274685642995,0.584885087766708,5
M3,2,z_cn_to_cn_residual,mae,mean_over_model_seeds,0.045689312428926945,0.008954384890851992,0.044183701125708894,0.036990569062051816,0.05972220789487264,5
M3,2,z_cn_to_cn_residual,r2,mean_over_model_seeds,0.9572661712614969,0.012918836139765204,0.9583723137294647,0.9380592415328604,0.9707666209632172,5
M3,2,z_cn_to_cn_residual,spearman,mean_over_model_seeds,0.9801559002471093,0.007077448923286441,0.983718813758817,0.9720307726596092,0.986328982675217,5
M3,2,z_cn_to_degree,mae,mean_over_model_seeds,0.6895281002050014,0.04118604262350499,0.670583352021866,0.6561627879989689,0.7536650360981456,5
M3,2,z_cn_to_degree,r2,mean_over_model_seeds,0.5360688988173099,0.03449553516486369,0.5494528310331842,0.49273565666302244,0.5687032837125178,5
M3,2,z_cn_to_degree,spearman,mean_over_model_seeds,0.745747960763652,0.02627680731896724,0.7500693733852466,0.7045750437056157,0.774952383071378,5
M3,2,z_degree_to_cn_residual,mae,mean_over_model_seeds,0.34283653803137626,0.003946153952910569,0.3438773876239718,0.33729813787856383,0.34769625700123097,5
M3,2,z_degree_to_cn_residual,r2,mean_over_model_seeds,0.014067516347999942,0.01671640840835556,0.019367774266449866,-0.013623186512251584,0.028079840528549393,5
M3,2,z_degree_to_cn_residual,spearman,mean_over_model_seeds,0.06750295695148288,0.0178340492100202,0.05881586468762618,0.051878791693379694,0.09285155720800652,5
M3,2,z_degree_to_degree,mae,mean_over_model_seeds,0.028234416551947906,0.00585013372846119,0.029330264175095634,0.01914479793285576,0.035162522791302706,5
M3,2,z_degree_to_degree,r2,mean_over_model_seeds,0.9987399036115925,0.00026750500371752826,0.9986125279970057,0.9985304681345839,0.9991613359251127,5
M3,2,z_degree_to_degree,spearman,mean_over_model_seeds,0.9989771647160085,0.0005830979480495133,0.9991521446443001,0.998216330269671,0.9995268110627681,5
M3,2,z_residual_to_degree,mae,mean_over_model_seeds,0.9578676452153225,0.04490749834482823,0.9815502585919261,0.8802467024162817,0.9857668829989503,5
M3,2,z_residual_to_degree,r2,mean_over_model_seeds,0.12166638139273422,0.16199490336747477,0.12569204225756903,-0.1217626582698581,0.3277369069002909,5
M3,2,z_residual_to_degree,spearman,mean_over_model_seeds,0.4275939768034368,0.09588335353636604,0.40677819951570343,0.34479010265370774,0.5869334187474813,5
