model,model_seed,run_id,protocol_version,probe,role,representation,target,probe_seed,probe_sample_seed,architecture,hyperparameter_candidates,selected_hyperparameter,validation_metric,train_count,valid_count,test_count,r2,mae,spearman
M0,0,cora_uniform_seed0_c40448cb28a0,posthoc_probe_v2,z_cn_to_degree,cross_leakage,z_cn,degree,0,0,StandardScaler+Ridge,0.01;0.1;1.0;10.0;100.0,0.01,0.9371961607939744,512,263,512,0.23870023341081348,0.9333706268950963,0.3826188093904288
M0,0,cora_uniform_seed0_c40448cb28a0,posthoc_probe_v2,z_residual_to_degree,cross_leakage,z_residual,degree,0,0,StandardScaler+Ridge,0.01;0.1;1.0;10.0;100.0,100.0,1.0180519367328125,512,263,512,0.19913385189211463,0.9353173610730512,0.45256256224356134
M0,0,cora_uniform_seed0_c40448cb28a0,posthoc_probe_v2,z_degree_to_cn_residual,cross_leakage,z_degree,cn_residual,0,0,StandardScaler+Ridge,0.01;0.1;1.0;10.0;100.0,10.0,0.3708076445389922,512,263,512,0.03910397625669548,0.3373860207671393,0.06437199897957013
M0,0,cora_uniform_seed0_c40448cb28a0,posthoc_probe_v2,z_degree_to_degree,target_retention,z_degree,degree,0,0,StandardScaler+Ridge,0.01;0.1;1.0;10.0;100.0,0.01,0.03065423546709831,512,263,512,0.998979145503468,0.027895015923042995,0.9991105445519672
M0,0,cora_uniform_seed0_c40448cb28a0,posthoc_probe_v2,z_cn_to_cn_residual,target_retention,z_cn,cn_residual,0,0,StandardScaler+Ridge,0.01;0.1;1.0;10.0;100.0,0.01,0.15137501489863417,512,263,512,0.7847321831216252,0.14311347128840543,0.8215178302471491
M0,0,cora_uniform_seed0_c40448cb28a0,posthoc_probe_v2,z_cn_to_degree,cross_leakage,z_cn,degree,1,1,StandardScaler+Ridge,0.01;0.1;1.0;10.0;100.0,1.0,0.9507391523411922,512,263,512,0.029152352581172214,0.9669007917649974,0.359367127872897
M0,0,cora_uniform_seed0_c40448cb28a0,posthoc_probe_v2,z_residual_to_degree,cross_leakage,z_residual,degree,1,1,StandardScaler+Ridge,0.01;0.1;1.0;10.0;100.0,100.0,1.1193682691920805,512,263,512,0.21637946982216116,0.9358498982582424,0.4554042241640196
M0,0,cora_uniform_seed0_c40448cb28a0,posthoc_probe_v2,z_degree_to_cn_residual,cross_leakage,z_degree,cn_residual,1,1,StandardScaler+Ridge,0.01;0.1;1.0;10.0;100.0,10.0,0.3787923497494114,512,263,512,0.015916540535481305,0.3487813047890489,0.07677608508017303
M0,0,cora_uniform_seed0_c40448cb28a0,posthoc_probe_v2,z_degree_to_degree,target_retention,z_degree,degree,1,1,StandardScaler+Ridge,0.01;0.1;1.0;10.0;100.0,0.01,0.03284545786996276,512,263,512,0.9990083324980479,0.02970536553658586,0.9993293199874997
M0,0,cora_uniform_seed0_c40448cb28a0,posthoc_probe_v2,z_cn_to_cn_residual,target_retention,z_cn,cn_residual,1,1,StandardScaler+Ridge,0.01;0.1;1.0;10.0;100.0,1.0,0.15109160396878696,512,263,512,0.7770160477557191,0.14698028000659796,0.805202084400946
M0,0,cora_uniform_seed0_c40448cb28a0,posthoc_probe_v2,z_cn_to_degree,cross_leakage,z_cn,degree,2,2,StandardScaler+Ridge,0.01;0.1;1.0;10.0;100.0,0.01,0.9321689910783862,512,263,512,0.21556468552850383,0.9597496516897335,0.37988070989359624
M0,0,cora_uniform_seed0_c40448cb28a0,posthoc_probe_v2,z_residual_to_degree,cross_leakage,z_residual,degree,2,2,StandardScaler+Ridge,0.01;0.1;1.0;10.0;100.0,100.0,1.0003398659901617,512,263,512,0.1991412891147183,0.9643540060521075,0.4485992591317305
M0,0,cora_uniform_seed0_c40448cb28a0,posthoc_probe_v2,z_degree_to_cn_residual,cross_leakage,z_degree,cn_residual,2,2,StandardScaler+Ridge,0.01;0.1;1.0;10.0;100.0,1.0,0.373747434065875,512,263,512,0.014552826401970975,0.34305755178486075,0.073379091897566
M0,0,cora_uniform_seed0_c40448cb28a0,posthoc_probe_v2,z_degree_to_degree,target_retention,z_degree,degree,2,2,StandardScaler+Ridge,0.01;0.1;1.0;10.0;100.0,0.01,0.03210791224780144,512,263,512,0.9989382768336965,0.03135302478342616,0.9992564463560147
M0,0,cora_uniform_seed0_c40448cb28a0,posthoc_probe_v2,z_cn_to_cn_residual,target_retention,z_cn,cn_residual,2,2,StandardScaler+Ridge,0.01;0.1;1.0;10.0;100.0,0.01,0.14615755674798947,512,263,512,0.7788853752569187,0.14433340874688552,0.8128809044134668
M0,1,cora_uniform_seed1_24d10e7de783,posthoc_probe_v2,z_cn_to_degree,cross_leakage,z_cn,degree,0,0,StandardScaler+Ridge,0.01;0.1;1.0;10.0;100.0,0.01,0.9446512449503289,512,263,512,0.18479508524035482,0.9552501373561872,0.33560220851794104
M0,1,cora_uniform_seed1_24d10e7de783,posthoc_probe_v2,z_residual_to_degree,cross_leakage,z_residual,degree,0,0,StandardScaler+Ridge,0.01;0.1;1.0;10.0;100.0,100.0,0.974600113686236,512,263,512,0.22555417922934917,0.9255814011255223,0.4780571644374182
M0,1,cora_uniform_seed1_24d10e7de783,posthoc_probe_v2,z_degree_to_cn_residual,cross_leakage,z_degree,cn_residual,0,0,StandardScaler+Ridge,0.01;0.1;1.0;10.0;100.0,100.0,0.3795573972523509,512,263,512,0.02088452751373948,0.3448602391130364,0.02877495668528469
M0,1,cora_uniform_seed1_24d10e7de783,posthoc_probe_v2,z_degree_to_degree,target_retention,z_degree,degree,0,0,StandardScaler+Ridge,0.01;0.1;1.0;10.0;100.0,0.01,0.032490279067151025,512,263,512,0.9984602011035542,0.02853604774501073,0.9994574181365959
M0,1,cora_uniform_seed1_24d10e7de783,posthoc_probe_v2,z_cn_to_cn_residual,target_retention,z_cn,cn_residual,0,0,StandardScaler+Ridge,0.01;0.1;1.0;10.0;100.0,0.1,0.15363889075552056,512,263,512,0.7864040473073094,0.14561733902531937,0.8377815794708579
M0,1,cora_uniform_seed1_24d10e7de783,posthoc_probe_v2,z_cn_to_degree,cross_leakage,z_cn,degree,1,1,StandardScaler+Ridge,0.01;0.1;1.0;10.0;100.0,0.01,0.9483730483256512,512,263,512,0.17362621167453018,0.9721127637440306,0.3496190270138022
M0,1,cora_uniform_seed1_24d10e7de783,posthoc_probe_v2,z_residual_to_degree,cross_leakage,z_residual,degree,1,1,StandardScaler+Ridge,0.01;0.1;1.0;10.0;100.0,100.0,1.0644895969127897,512,263,512,0.19311012418853835,0.9597887071605102,0.4352885544534141
M0,1,cora_uniform_seed1_24d10e7de783,posthoc_probe_v2,z_degree_to_cn_residual,cross_leakage,z_degree,cn_residual,1,1,StandardScaler+Ridge,0.01;0.1;1.0;10.0;100.0,10.0,0.3762190559212613,512,263,512,0.016726084294096055,0.34258970481577455,0.01675150749967941
M0,1,cora_uniform_seed1_24d10e7de783,posthoc_probe_v2,z_degree_to_degree,target_retention,z_degree,degree,1,1,StandardScaler+Ridge,0.01;0.1;1.0;10.0;100.0,0.01,0.03377626263858952,512,263,512,0.9986935206449414,0.028282645005203288,0.9994828156267047
M0,1,cora_uniform_seed1_24d10e7de783,posthoc_probe_v2,z_cn_to_cn_residual,target_retention,z_cn,cn_residual,1,1,StandardScaler+Ridge,0.01;0.1;1.0;10.0;100.0,0.01,0.14995856683145284,512,263,512,0.7806541864862298,0.14868412851558238,0.837294504629895
M0,1,cora_uniform_seed1_24d10e7de783,posthoc_probe_v2,z_cn_to_degree,cross_leakage,z_cn,degree,2,2,StandardScaler+Ridge,0.01;0.1;1.0;10.0;100.0,0.1,0.9681772868790671,512,263,512,0.2004979781041729,0.963688142158622,0.35089427154829095
M0,1,cora_uniform_seed1_24d10e7de783,posthoc_probe_v2,z_residual_to_degree,cross_leakage,z_residual,degree,2,2,StandardScaler+Ridge,0.01;0.1;1.0;10.0;100.0,100.0,0.9860019702468059,512,263,512,0.20642404287070515,0.9492481576050036,0.47437755663486675
M0,1,cora_uniform_seed1_24d10e7de783,posthoc_probe_v2,z_degree_to_cn_residual,cross_leakage,z_degree,cn_residual,2,2,StandardScaler+Ridge,0.01;0.1;1.0;10.0;100.0,100.0,0.38075003477396263,512,263,512,0.01505138259935812,0.3407484318129128,0.030436353383188536
M0,1,cora_uniform_seed1_24d10e7de783,posthoc_probe_v2,z_degree_to_degree,target_retention,z_degree,degree,2,2,StandardScaler+Ridge,0.01;0.1;1.0;10.0;100.0,0.01,0.03436772882327336,512,263,512,0.9983000384123193,0.02971167108922119,0.9993615372709027
M0,1,cora_uniform_seed1_24d10e7de783,posthoc_probe_v2,z_cn_to_cn_residual,target_retention,z_cn,cn_residual,2,2,StandardScaler+Ridge,0.01;0.1;1.0;10.0;100.0,0.1,0.15395008290385237,512,263,512,0.7927333495321705,0.14383959481268804,0.8448151759353721
M0,2,cora_uniform_seed2_b02221ef63fb,posthoc_probe_v2,z_cn_to_degree,cross_leakage,z_cn,degree,0,0,StandardScaler+Ridge,0.01;0.1;1.0;10.0;100.0,0.1,0.9440211972808239,512,263,512,0.20330080182728438,0.9486405958580493,0.3711499016931658
M0,2,cora_uniform_seed2_b02221ef63fb,posthoc_probe_v2,z_residual_to_degree,cross_leakage,z_residual,degree,0,0,StandardScaler+Ridge,0.01;0.1;1.0;10.0;100.0,100.0,0.972641010385241,512,263,512,0.09847924965688182,0.9951682084181228,0.27562014406441854
M0,2,cora_uniform_seed2_b02221ef63fb,posthoc_probe_v2,z_degree_to_cn_residual,cross_leakage,z_degree,cn_residual,0,0,StandardScaler+Ridge,0.01;0.1;1.0;10.0;100.0,10.0,0.3734480483568401,512,263,512,0.03470825618778195,0.3433016164973298,0.07950990137826397
M0,2,cora_uniform_seed2_b02221ef63fb,posthoc_probe_v2,z_degree_to_degree,target_retention,z_degree,degree,0,0,StandardScaler+Ridge,0.01;0.1;1.0;10.0;100.0,0.01,0.0405278779197836,512,263,512,0.9977168867488078,0.03787638542448306,0.9985278811137767
M0,2,cora_uniform_seed2_b02221ef63fb,posthoc_probe_v2,z_cn_to_cn_residual,target_retention,z_cn,cn_residual,0,0,StandardScaler+Ridge,0.01;0.1;1.0;10.0;100.0,10.0,0.15494468630775296,512,263,512,0.7609125098662286,0.15214694172784204,0.826963893941175
M0,2,cora_uniform_seed2_b02221ef63fb,posthoc_probe_v2,z_cn_to_degree,cross_leakage,z_cn,degree,1,1,StandardScaler+Ridge,0.01;0.1;1.0;10.0;100.0,0.01,0.9467883831434747,512,263,512,0.20630636708645655,0.939164092572929,0.3918488618295238
M0,2,cora_uniform_seed2_b02221ef63fb,posthoc_probe_v2,z_residual_to_degree,cross_leakage,z_residual,degree,1,1,StandardScaler+Ridge,0.01;0.1;1.0;10.0;100.0,100.0,1.0368170918107442,512,263,512,0.11827692040528015,0.9699861167444157,0.32093535684700264
M0,2,cora_uniform_seed2_b02221ef63fb,posthoc_probe_v2,z_degree_to_cn_residual,cross_leakage,z_degree,cn_residual,1,1,StandardScaler+Ridge,0.01;0.1;1.0;10.0;100.0,100.0,0.3825935221867835,512,263,512,0.02819994867046105,0.3484797040838302,0.0666831913353878
M0,2,cora_uniform_seed2_b02221ef63fb,posthoc_probe_v2,z_degree_to_degree,target_retention,z_degree,degree,1,1,StandardScaler+Ridge,0.01;0.1;1.0;10.0;100.0,0.01,0.03666519556338852,512,263,512,0.9975628779992758,0.03559873697618722,0.9987529034454087
M0,2,cora_uniform_seed2_b02221ef63fb,posthoc_probe_v2,z_cn_to_cn_residual,target_retention,z_cn,cn_residual,1,1,StandardScaler+Ridge,0.01;0.1;1.0;10.0;100.0,100.0,0.15677466623640432,512,263,512,0.7626010517523786,0.15282030761867468,0.8245808397764394
M0,2,cora_uniform_seed2_b02221ef63fb,posthoc_probe_v2,z_cn_to_degree,cross_leakage,z_cn,degree,2,2,StandardScaler+Ridge,0.01;0.1;1.0;10.0;100.0,0.01,0.9360059979571485,512,263,512,0.20825596445488048,0.9443868581670994,0.3899594199383367
M0,2,cora_uniform_seed2_b02221ef63fb,posthoc_probe_v2,z_residual_to_degree,cross_leakage,z_residual,degree,2,2,StandardScaler+Ridge,0.01;0.1;1.0;10.0;100.0,10.0,1.0045110949245162,512,263,512,-0.0494507367615733,1.0264799006660283,0.3095172486893541
M0,2,cora_uniform_seed2_b02221ef63fb,posthoc_probe_v2,z_degree_to_cn_residual,cross_leakage,z_degree,cn_residual,2,2,StandardScaler+Ridge,0.01;0.1;1.0;10.0;100.0,10.0,0.37604841997764793,512,263,512,0.02527865934135154,0.34748537239162913,0.07227757316599807
M0,2,cora_uniform_seed2_b02221ef63fb,posthoc_probe_v2,z_degree_to_degree,target_retention,z_degree,degree,2,2,StandardScaler+Ridge,0.01;0.1;1.0;10.0;100.0,0.01,0.03906965886090289,512,263,512,0.9978897836921078,0.039122227200974566,0.9986583518915284
M0,2,cora_uniform_seed2_b02221ef63fb,posthoc_probe_v2,z_cn_to_cn_residual,target_retention,z_cn,cn_residual,2,2,StandardScaler+Ridge,0.01;0.1;1.0;10.0;100.0,1.0,0.1559962853146895,512,263,512,0.7708857354884422,0.15083700476816783,0.8303495365947877
M0,3,cora_uniform_seed3_49fafa05d116,posthoc_probe_v2,z_cn_to_degree,cross_leakage,z_cn,degree,0,0,StandardScaler+Ridge,0.01;0.1;1.0;10.0;100.0,10.0,0.942588272894973,512,263,512,-0.3380925542605713,1.011422725823495,0.38610928755236457
M0,3,cora_uniform_seed3_49fafa05d116,posthoc_probe_v2,z_residual_to_degree,cross_leakage,z_residual,degree,0,0,StandardScaler+Ridge,0.01;0.1;1.0;10.0;100.0,100.0,0.8075473334118175,512,263,512,0.3639933420730135,0.8510872356697502,0.6137461243456942
M0,3,cora_uniform_seed3_49fafa05d116,posthoc_probe_v2,z_degree_to_cn_residual,cross_leakage,z_degree,cn_residual,0,0,StandardScaler+Ridge,0.01;0.1;1.0;10.0;100.0,0.01,0.3735132919936351,512,263,512,-0.012619707672913094,0.3412421134526846,0.03685432759653844
M0,3,cora_uniform_seed3_49fafa05d116,posthoc_probe_v2,z_degree_to_degree,target_retention,z_degree,degree,0,0,StandardScaler+Ridge,0.01;0.1;1.0;10.0;100.0,0.01,0.023885076932187742,512,263,512,0.9991887323095141,0.024784932912649726,0.9995543278577833
M0,3,cora_uniform_seed3_49fafa05d116,posthoc_probe_v2,z_cn_to_cn_residual,target_retention,z_cn,cn_residual,0,0,StandardScaler+Ridge,0.01;0.1;1.0;10.0;100.0,10.0,0.1519367718638057,512,263,512,-0.21926409834274274,0.17921856118487547,0.7856107569413736
M0,3,cora_uniform_seed3_49fafa05d116,posthoc_probe_v2,z_cn_to_degree,cross_leakage,z_cn,degree,1,1,StandardScaler+Ridge,0.01;0.1;1.0;10.0;100.0,100.0,0.9660507823694109,512,263,512,0.1806725787449004,0.9582596422910383,0.37359145653877923
M0,3,cora_uniform_seed3_49fafa05d116,posthoc_probe_v2,z_residual_to_degree,cross_leakage,z_residual,degree,1,1,StandardScaler+Ridge,0.01;0.1;1.0;10.0;100.0,100.0,0.8230897591885833,512,263,512,0.3846044569653069,0.8435208019883862,0.621536742053904
M0,3,cora_uniform_seed3_49fafa05d116,posthoc_probe_v2,z_degree_to_cn_residual,cross_leakage,z_degree,cn_residual,1,1,StandardScaler+Ridge,0.01;0.1;1.0;10.0;100.0,10.0,0.3717200967984016,512,263,512,0.025277736666395656,0.34010808740778636,0.053453491441278166
M0,3,cora_uniform_seed3_49fafa05d116,posthoc_probe_v2,z_degree_to_degree,target_retention,z_degree,degree,1,1,StandardScaler+Ridge,0.01;0.1;1.0;10.0;100.0,0.01,0.0241929153963481,512,263,512,0.9989698425508308,0.025265885019416907,0.9992607160466653
M0,3,cora_uniform_seed3_49fafa05d116,posthoc_probe_v2,z_cn_to_cn_residual,target_retention,z_cn,cn_residual,1,1,StandardScaler+Ridge,0.01;0.1;1.0;10.0;100.0,1.0,0.15170932149301317,512,263,512,0.7744481568245614,0.14903058138542347,0.8313235197300413
M0,3,cora_uniform_seed3_49fafa05d116,posthoc_probe_v2,z_cn_to_degree,cross_leakage,z_cn,degree,2,2,StandardScaler+Ridge,0.01;0.1;1.0;10.0;100.0,10.0,0.9423152975991503,512,263,512,0.1905529653710264,0.9516240858736338,0.3817748235502466
M0,3,cora_uniform_seed3_49fafa05d116,posthoc_probe_v2,z_residual_to_degree,cross_leakage,z_residual,degree,2,2,StandardScaler+Ridge,0.01;0.1;1.0;10.0;100.0,100.0,0.8266698993364759,512,263,512,0.3608754645578385,0.8527534636968829,0.6054524607944743
M0,3,cora_uniform_seed3_49fafa05d116,posthoc_probe_v2,z_degree_to_cn_residual,cross_leakage,z_degree,cn_residual,2,2,StandardScaler+Ridge,0.01;0.1;1.0;10.0;100.0,10.0,0.3741259328164233,512,263,512,0.028235691278536312,0.33654128960751617,0.06116955564676016
M0,3,cora_uniform_seed3_49fafa05d116,posthoc_probe_v2,z_degree_to_degree,target_retention,z_degree,degree,2,2,StandardScaler+Ridge,0.01;0.1;1.0;10.0;100.0,0.01,0.024608486135599336,512,263,512,0.9990243983728783,0.024741090769027724,0.9993182554485479
M0,3,cora_uniform_seed3_49fafa05d116,posthoc_probe_v2,z_cn_to_cn_residual,target_retention,z_cn,cn_residual,2,2,StandardScaler+Ridge,0.01;0.1;1.0;10.0;100.0,1.0,0.15015729539260989,512,263,512,0.7731500852172468,0.14841326171434607,0.8297457478012022
M0,4,cora_uniform_seed4_5ed175dca270,posthoc_probe_v2,z_cn_to_degree,cross_leakage,z_cn,degree,0,0,StandardScaler+Ridge,0.01;0.1;1.0;10.0;100.0,0.1,0.92376801739268,512,263,512,0.20631133584634265,0.9312477363335527,0.38036091092184593
M0,4,cora_uniform_seed4_5ed175dca270,posthoc_probe_v2,z_residual_to_degree,cross_leakage,z_residual,degree,0,0,StandardScaler+Ridge,0.01;0.1;1.0;10.0;100.0,100.0,0.9729794354099549,512,263,512,0.10956558720772003,0.9584782952402229,0.3703525182083642
M0,4,cora_uniform_seed4_5ed175dca270,posthoc_probe_v2,z_degree_to_cn_residual,cross_leakage,z_degree,cn_residual,0,0,StandardScaler+Ridge,0.01;0.1;1.0;10.0;100.0,100.0,0.37759496073427795,512,263,512,0.02215242800411865,0.34456114050577047,0.03450629995466578
M0,4,cora_uniform_seed4_5ed175dca270,posthoc_probe_v2,z_degree_to_degree,target_retention,z_degree,degree,0,0,StandardScaler+Ridge,0.01;0.1;1.0;10.0;100.0,0.01,0.02920568351064535,512,263,512,0.9976659812128625,0.03399699934431676,0.9992874042836046
M0,4,cora_uniform_seed4_5ed175dca270,posthoc_probe_v2,z_cn_to_cn_residual,target_retention,z_cn,cn_residual,0,0,StandardScaler+Ridge,0.01;0.1;1.0;10.0;100.0,0.01,0.1483790017040691,512,263,512,0.7977834157269436,0.13987605244590987,0.8435364330689489
M0,4,cora_uniform_seed4_5ed175dca270,posthoc_probe_v2,z_cn_to_degree,cross_leakage,z_cn,degree,1,1,StandardScaler+Ridge,0.01;0.1;1.0;10.0;100.0,0.01,0.9319594602401442,512,263,512,0.21327889349388618,0.9363366530040252,0.37296275958021163
M0,4,cora_uniform_seed4_5ed175dca270,posthoc_probe_v2,z_residual_to_degree,cross_leakage,z_residual,degree,1,1,StandardScaler+Ridge,0.01;0.1;1.0;10.0;100.0,100.0,1.066094798454777,512,263,512,0.08923709145240011,0.9875644087962782,0.3552529811858108
M0,4,cora_uniform_seed4_5ed175dca270,posthoc_probe_v2,z_degree_to_cn_residual,cross_leakage,z_degree,cn_residual,1,1,StandardScaler+Ridge,0.01;0.1;1.0;10.0;100.0,1.0,0.3695891410988512,512,263,512,-0.022523653930998977,0.3394881868839217,0.011736511233937354
M0,4,cora_uniform_seed4_5ed175dca270,posthoc_probe_v2,z_degree_to_degree,target_retention,z_degree,degree,1,1,StandardScaler+Ridge,0.01;0.1;1.0;10.0;100.0,0.01,0.029226931654868425,512,263,512,0.9978236831450575,0.034580719933812176,0.9994919526575143
M0,4,cora_uniform_seed4_5ed175dca270,posthoc_probe_v2,z_cn_to_cn_residual,target_retention,z_cn,cn_residual,1,1,StandardScaler+Ridge,0.01;0.1;1.0;10.0;100.0,0.1,0.14842150339239618,512,263,512,0.7937495794741075,0.13823961650944228,0.8442853227083246
M0,4,cora_uniform_seed4_5ed175dca270,posthoc_probe_v2,z_cn_to_degree,cross_leakage,z_cn,degree,2,2,StandardScaler+Ridge,0.01;0.1;1.0;10.0;100.0,1.0,0.9553818123009783,512,263,512,0.20394814277431228,0.9511627777419065,0.347645556116821
M0,4,cora_uniform_seed4_5ed175dca270,posthoc_probe_v2,z_residual_to_degree,cross_leakage,z_residual,degree,2,2,StandardScaler+Ridge,0.01;0.1;1.0;10.0;100.0,100.0,1.0388677426064783,512,263,512,0.09574864147322115,0.976479950661981,0.3900485765745155
M0,4,cora_uniform_seed4_5ed175dca270,posthoc_probe_v2,z_degree_to_cn_residual,cross_leakage,z_degree,cn_residual,2,2,StandardScaler+Ridge,0.01;0.1;1.0;10.0;100.0,100.0,0.37846680191374166,512,263,512,0.029344239797098104,0.34077411735403995,0.051819869678339264
M0,4,cora_uniform_seed4_5ed175dca270,posthoc_probe_v2,z_degree_to_degree,target_retention,z_degree,degree,2,2,StandardScaler+Ridge,0.01;0.1;1.0;10.0;100.0,0.01,0.031031291743972057,512,263,512,0.9978515991104996,0.03565274908284159,0.9992611574232082
M0,4,cora_uniform_seed4_5ed175dca270,posthoc_probe_v2,z_cn_to_cn_residual,target_retention,z_cn,cn_residual,2,2,StandardScaler+Ridge,0.01;0.1;1.0;10.0;100.0,0.1,0.15513788999210396,512,263,512,0.7973246745685382,0.14222353536274224,0.843233856230314
M1,0,cora_uniform_seed0_415e591ece66,posthoc_probe_v2,z_cn_to_degree,cross_leakage,z_cn,degree,0,0,StandardScaler+Ridge,0.01;0.1;1.0;10.0;100.0,0.01,0.6949931125000874,512,263,512,0.5208916434176587,0.6985303005167802,0.7254820639729488
M1,0,cora_uniform_seed0_415e591ece66,posthoc_probe_v2,z_residual_to_degree,cross_leakage,z_residual,degree,0,0,StandardScaler+Ridge,0.01;0.1;1.0;10.0;100.0,100.0,1.0341888019509062,512,263,512,0.14997565390514755,0.9628684687848397,0.45669807496698245
M1,0,cora_uniform_seed0_415e591ece66,posthoc_probe_v2,z_degree_to_cn_residual,cross_leakage,z_degree,cn_residual,0,0,StandardScaler+Ridge,0.01;0.1;1.0;10.0;100.0,10.0,0.36982705917238257,512,263,512,0.03222341361601366,0.33832640735131475,0.05235473237041453
M1,0,cora_uniform_seed0_415e591ece66,posthoc_probe_v2,z_degree_to_degree,target_retention,z_degree,degree,0,0,StandardScaler+Ridge,0.01;0.1;1.0;10.0;100.0,0.01,0.029635194828866843,512,263,512,0.9989367903117273,0.02837834618197999,0.9991620818184673
M1,0,cora_uniform_seed0_415e591ece66,posthoc_probe_v2,z_cn_to_cn_residual,target_retention,z_cn,cn_residual,0,0,StandardScaler+Ridge,0.01;0.1;1.0;10.0;100.0,0.1,0.06047164216447593,512,263,512,0.9234590137554788,0.060889907667115634,0.9670865621905379
M1,0,cora_uniform_seed0_415e591ece66,posthoc_probe_v2,z_cn_to_degree,cross_leakage,z_cn,degree,1,1,StandardScaler+Ridge,0.01;0.1;1.0;10.0;100.0,0.1,0.7195004091283989,512,263,512,0.378874600833516,0.7179641756343783,0.7331804957178562
M1,0,cora_uniform_seed0_415e591ece66,posthoc_probe_v2,z_residual_to_degree,cross_leakage,z_residual,degree,1,1,StandardScaler+Ridge,0.01;0.1;1.0;10.0;100.0,100.0,1.1194655291413738,512,263,512,0.20050045588488608,0.9446643827423505,0.44612212030136233
M1,0,cora_uniform_seed0_415e591ece66,posthoc_probe_v2,z_degree_to_cn_residual,cross_leakage,z_degree,cn_residual,1,1,StandardScaler+Ridge,0.01;0.1;1.0;10.0;100.0,1.0,0.3755539138500452,512,263,512,-0.015374215048335582,0.35233144532304417,0.04810506119101731
M1,0,cora_uniform_seed0_415e591ece66,posthoc_probe_v2,z_degree_to_degree,target_retention,z_degree,degree,1,1,StandardScaler+Ridge,0.01;0.1;1.0;10.0;100.0,0.01,0.02943788933934504,512,263,512,0.9988860718792237,0.030058155856579914,0.9990356813067786
M1,0,cora_uniform_seed0_415e591ece66,posthoc_probe_v2,z_cn_to_cn_residual,target_retention,z_cn,cn_residual,1,1,StandardScaler+Ridge,0.01;0.1;1.0;10.0;100.0,0.1,0.06765042066723763,512,263,512,0.9333483283693514,0.055619104589784515,0.9732370278662852
M1,0,cora_uniform_seed0_415e591ece66,posthoc_probe_v2,z_cn_to_degree,cross_leakage,z_cn,degree,2,2,StandardScaler+Ridge,0.01;0.1;1.0;10.0;100.0,0.01,0.7317124316403603,512,263,512,0.5309097497456676,0.7323473908640332,0.7329306829188154
M1,0,cora_uniform_seed0_415e591ece66,posthoc_probe_v2,z_residual_to_degree,cross_leakage,z_residual,degree,2,2,StandardScaler+Ridge,0.01;0.1;1.0;10.0;100.0,10.0,1.087123677184121,512,263,512,0.11812980137088847,0.997657659210722,0.44141655823882026
M1,0,cora_uniform_seed0_415e591ece66,posthoc_probe_v2,z_degree_to_cn_residual,cross_leakage,z_degree,cn_residual,2,2,StandardScaler+Ridge,0.01;0.1;1.0;10.0;100.0,1.0,0.37174573206017353,512,263,512,0.0010835001553821666,0.3451553882375784,0.07636686822358026
M1,0,cora_uniform_seed0_415e591ece66,posthoc_probe_v2,z_degree_to_degree,target_retention,z_degree,degree,2,2,StandardScaler+Ridge,0.01;0.1;1.0;10.0;100.0,0.01,0.03216378499278125,512,263,512,0.9987192196011284,0.03233217111637446,0.9991451607197376
M1,0,cora_uniform_seed0_415e591ece66,posthoc_probe_v2,z_cn_to_cn_residual,target_retention,z_cn,cn_residual,2,2,StandardScaler+Ridge,0.01;0.1;1.0;10.0;100.0,1.0,0.06405948452841206,512,263,512,0.9098437498245968,0.0636656525411447,0.961526454877589
M1,1,cora_uniform_seed1_a86ca08c063e,posthoc_probe_v2,z_cn_to_degree,cross_leakage,z_cn,degree,0,0,StandardScaler+Ridge,0.01;0.1;1.0;10.0;100.0,0.01,0.7064039039784915,512,263,512,0.47440483697506064,0.7198318611464575,0.7156603336700315
M1,1,cora_uniform_seed1_a86ca08c063e,posthoc_probe_v2,z_residual_to_degree,cross_leakage,z_residual,degree,0,0,StandardScaler+Ridge,0.01;0.1;1.0;10.0;100.0,100.0,0.9826233830218916,512,263,512,0.15308957316707839,0.9496789885919377,0.3842681410268491
M1,1,cora_uniform_seed1_a86ca08c063e,posthoc_probe_v2,z_degree_to_cn_residual,cross_leakage,z_degree,cn_residual,0,0,StandardScaler+Ridge,0.01;0.1;1.0;10.0;100.0,100.0,0.37807859170815505,512,263,512,0.022703720512580516,0.3444891252109813,0.05196240539095458
M1,1,cora_uniform_seed1_a86ca08c063e,posthoc_probe_v2,z_degree_to_degree,target_retention,z_degree,degree,0,0,StandardScaler+Ridge,0.01;0.1;1.0;10.0;100.0,0.01,0.03439013792926553,512,263,512,0.9983325514481848,0.03174784496631884,0.9995850458681425
M1,1,cora_uniform_seed1_a86ca08c063e,posthoc_probe_v2,z_cn_to_cn_residual,target_retention,z_cn,cn_residual,0,0,StandardScaler+Ridge,0.01;0.1;1.0;10.0;100.0,0.01,0.05259139457642753,512,263,512,0.9534880698368924,0.04653994065184331,0.9813486351133907
M1,1,cora_uniform_seed1_a86ca08c063e,posthoc_probe_v2,z_cn_to_degree,cross_leakage,z_cn,degree,1,1,StandardScaler+Ridge,0.01;0.1;1.0;10.0;100.0,0.1,0.699438328735136,512,263,512,0.45546796897617625,0.7490117567940906,0.6950840531468879
M1,1,cora_uniform_seed1_a86ca08c063e,posthoc_probe_v2,z_residual_to_degree,cross_leakage,z_residual,degree,1,1,StandardScaler+Ridge,0.01;0.1;1.0;10.0;100.0,1.0,1.0006923330088413,512,263,512,0.05211861092384551,1.0178544708138357,0.3423742945782236
M1,1,cora_uniform_seed1_a86ca08c063e,posthoc_probe_v2,z_degree_to_cn_residual,cross_leakage,z_degree,cn_residual,1,1,StandardScaler+Ridge,0.01;0.1;1.0;10.0;100.0,100.0,0.3756354901493461,512,263,512,0.0305714854077761,0.34382851686764077,0.04039515279834578
M1,1,cora_uniform_seed1_a86ca08c063e,posthoc_probe_v2,z_degree_to_degree,target_retention,z_degree,degree,1,1,StandardScaler+Ridge,0.01;0.1;1.0;10.0;100.0,0.01,0.03644698043084055,512,263,512,0.9985076261354594,0.033007671877517186,0.9996098143784637
M1,1,cora_uniform_seed1_a86ca08c063e,posthoc_probe_v2,z_cn_to_cn_residual,target_retention,z_cn,cn_residual,1,1,StandardScaler+Ridge,0.01;0.1;1.0;10.0;100.0,0.1,0.05097537561089716,512,263,512,0.9526172430458818,0.04680960220846893,0.9821393670586384
M1,1,cora_uniform_seed1_a86ca08c063e,posthoc_probe_v2,z_cn_to_degree,cross_leakage,z_cn,degree,2,2,StandardScaler+Ridge,0.01;0.1;1.0;10.0;100.0,0.01,0.7057574413159375,512,263,512,0.4766328445649287,0.7298335705865554,0.7154167377580672
M1,1,cora_uniform_seed1_a86ca08c063e,posthoc_probe_v2,z_residual_to_degree,cross_leakage,z_residual,degree,2,2,StandardScaler+Ridge,0.01;0.1;1.0;10.0;100.0,0.01,1.2948814912821818,512,263,512,0.10672873979632769,0.9800387076150545,0.45909925263084983
M1,1,cora_uniform_seed1_a86ca08c063e,posthoc_probe_v2,z_degree_to_cn_residual,cross_leakage,z_degree,cn_residual,2,2,StandardScaler+Ridge,0.01;0.1;1.0;10.0;100.0,10.0,0.3781696025211063,512,263,512,0.02275790677775391,0.3401371307837155,0.050789492178937294
M1,1,cora_uniform_seed1_a86ca08c063e,posthoc_probe_v2,z_degree_to_degree,target_retention,z_degree,degree,2,2,StandardScaler+Ridge,0.01;0.1;1.0;10.0;100.0,0.01,0.03592056952495437,512,263,512,0.9983397388902017,0.03352418154647753,0.9994108771698866
M1,1,cora_uniform_seed1_a86ca08c063e,posthoc_probe_v2,z_cn_to_cn_residual,target_retention,z_cn,cn_residual,2,2,StandardScaler+Ridge,0.01;0.1;1.0;10.0;100.0,0.01,0.0525136438160819,512,263,512,0.9555115504364825,0.04621614300209065,0.9822510966612223
M1,2,cora_uniform_seed2_9083d838c144,posthoc_probe_v2,z_cn_to_degree,cross_leakage,z_cn,degree,0,0,StandardScaler+Ridge,0.01;0.1;1.0;10.0;100.0,0.01,0.6236528148930662,512,263,512,0.5922724963738004,0.6387493950582741,0.7884739521110231
M1,2,cora_uniform_seed2_9083d838c144,posthoc_probe_v2,z_residual_to_degree,cross_leakage,z_residual,degree,0,0,StandardScaler+Ridge,0.01;0.1;1.0;10.0;100.0,100.0,1.0074208754172498,512,263,512,0.13568745707536012,0.9722799369923232,0.36663477002335315
M1,2,cora_uniform_seed2_9083d838c144,posthoc_probe_v2,z_degree_to_cn_residual,cross_leakage,z_degree,cn_residual,0,0,StandardScaler+Ridge,0.01;0.1;1.0;10.0;100.0,0.01,0.3669033306360354,512,263,512,0.00939438210192356,0.3435961247947144,0.09506300562009261
M1,2,cora_uniform_seed2_9083d838c144,posthoc_probe_v2,z_degree_to_degree,target_retention,z_degree,degree,0,0,StandardScaler+Ridge,0.01;0.1;1.0;10.0;100.0,0.01,0.0331779142255456,512,263,512,0.9983170521465375,0.029777863996563087,0.9996026108443952
M1,2,cora_uniform_seed2_9083d838c144,posthoc_probe_v2,z_cn_to_cn_residual,target_retention,z_cn,cn_residual,0,0,StandardScaler+Ridge,0.01;0.1;1.0;10.0;100.0,0.01,0.039098041066570416,512,263,512,0.9593961068708344,0.042224239177631274,0.985412340872229
M1,2,cora_uniform_seed2_9083d838c144,posthoc_probe_v2,z_cn_to_degree,cross_leakage,z_cn,degree,1,1,StandardScaler+Ridge,0.01;0.1;1.0;10.0;100.0,0.01,0.619757377688765,512,263,512,0.5638960588023244,0.6465278487576529,0.7681590883685305
M1,2,cora_uniform_seed2_9083d838c144,posthoc_probe_v2,z_residual_to_degree,cross_leakage,z_residual,degree,1,1,StandardScaler+Ridge,0.01;0.1;1.0;10.0;100.0,100.0,1.0560612797246325,512,263,512,-0.2271254165689287,1.0018803787675528,0.35254222638794597
M1,2,cora_uniform_seed2_9083d838c144,posthoc_probe_v2,z_degree_to_cn_residual,cross_leakage,z_degree,cn_residual,1,1,StandardScaler+Ridge,0.01;0.1;1.0;10.0;100.0,100.0,0.3827749947488468,512,263,512,0.03041682711503224,0.34785979950050105,0.07665684161953683
M1,2,cora_uniform_seed2_9083d838c144,posthoc_probe_v2,z_degree_to_degree,target_retention,z_degree,degree,1,1,StandardScaler+Ridge,0.01;0.1;1.0;10.0;100.0,0.01,0.029383481990410316,512,263,512,0.9982273363738825,0.028780362289455727,0.9996380434195005
M1,2,cora_uniform_seed2_9083d838c144,posthoc_probe_v2,z_cn_to_cn_residual,target_retention,z_cn,cn_residual,1,1,StandardScaler+Ridge,0.01;0.1;1.0;10.0;100.0,0.01,0.04078637641560279,512,263,512,0.962926537953221,0.04116406145038724,0.9572734027915256
M1,2,cora_uniform_seed2_9083d838c144,posthoc_probe_v2,z_cn_to_degree,cross_leakage,z_cn,degree,2,2,StandardScaler+Ridge,0.01;0.1;1.0;10.0;100.0,0.01,0.6347546601031286,512,263,512,0.5830494316794456,0.6476623452486427,0.7815369579208209
M1,2,cora_uniform_seed2_9083d838c144,posthoc_probe_v2,z_residual_to_degree,cross_leakage,z_residual,degree,2,2,StandardScaler+Ridge,0.01;0.1;1.0;10.0;100.0,100.0,1.006517616085284,512,263,512,-0.1468955111510981,1.0197799787135673,0.32389039366036393
M1,2,cora_uniform_seed2_9083d838c144,posthoc_probe_v2,z_degree_to_cn_residual,cross_leakage,z_degree,cn_residual,2,2,StandardScaler+Ridge,0.01;0.1;1.0;10.0;100.0,10.0,0.3775987705795991,512,263,512,0.03031994514680303,0.34715839325745435,0.07854801096629052
M1,2,cora_uniform_seed2_9083d838c144,posthoc_probe_v2,z_degree_to_degree,target_retention,z_degree,degree,2,2,StandardScaler+Ridge,0.01;0.1;1.0;10.0;100.0,0.01,0.03068955437522776,512,263,512,0.9983082444477394,0.030673327585122777,0.9996100156604039
M1,2,cora_uniform_seed2_9083d838c144,posthoc_probe_v2,z_cn_to_cn_residual,target_retention,z_cn,cn_residual,2,2,StandardScaler+Ridge,0.01;0.1;1.0;10.0;100.0,0.01,0.039412043173068796,512,263,512,0.9592751154699748,0.043732857452493376,0.957609244234464
M1,3,cora_uniform_seed3_3a6d721ab1ca,posthoc_probe_v2,z_cn_to_degree,cross_leakage,z_cn,degree,0,0,StandardScaler+Ridge,0.01;0.1;1.0;10.0;100.0,0.01,0.6488132890760999,512,263,512,0.535788291030285,0.6706329634073239,0.724022054253671
M1,3,cora_uniform_seed3_3a6d721ab1ca,posthoc_probe_v2,z_residual_to_degree,cross_leakage,z_residual,degree,0,0,StandardScaler+Ridge,0.01;0.1;1.0;10.0;100.0,100.0,0.8822878458650888,512,263,512,0.3567436156757291,0.8551134255347377,0.6044867700461122
M1,3,cora_uniform_seed3_3a6d721ab1ca,posthoc_probe_v2,z_degree_to_cn_residual,cross_leakage,z_degree,cn_residual,0,0,StandardScaler+Ridge,0.01;0.1;1.0;10.0;100.0,0.01,0.3734514224602512,512,263,512,-0.012368686380991978,0.3411622775747235,0.03780316702068071
M1,3,cora_uniform_seed3_3a6d721ab1ca,posthoc_probe_v2,z_degree_to_degree,target_retention,z_degree,degree,0,0,StandardScaler+Ridge,0.01;0.1;1.0;10.0;100.0,0.01,0.024614601790314463,512,263,512,0.9991651217888337,0.025563068286806052,0.9995688213673779
M1,3,cora_uniform_seed3_3a6d721ab1ca,posthoc_probe_v2,z_cn_to_cn_residual,target_retention,z_cn,cn_residual,0,0,StandardScaler+Ridge,0.01;0.1;1.0;10.0;100.0,0.01,0.039105436635814735,512,263,512,0.954855342517974,0.04238806166490405,0.9873913569717288
M1,3,cora_uniform_seed3_3a6d721ab1ca,posthoc_probe_v2,z_cn_to_degree,cross_leakage,z_cn,degree,1,1,StandardScaler+Ridge,0.01;0.1;1.0;10.0;100.0,0.01,0.6963915463158854,512,263,512,0.5339515250311385,0.6940123478899827,0.7268365110520689
M1,3,cora_uniform_seed3_3a6d721ab1ca,posthoc_probe_v2,z_residual_to_degree,cross_leakage,z_residual,degree,1,1,StandardScaler+Ridge,0.01;0.1;1.0;10.0;100.0,100.0,0.8617131156977003,512,263,512,0.38181899480029635,0.8425916818474859,0.6149985182491661
M1,3,cora_uniform_seed3_3a6d721ab1ca,posthoc_probe_v2,z_degree_to_cn_residual,cross_leakage,z_degree,cn_residual,1,1,StandardScaler+Ridge,0.01;0.1;1.0;10.0;100.0,10.0,0.37170680873393225,512,263,512,0.025302170693244586,0.3400954939084424,0.052764290369546954
M1,3,cora_uniform_seed3_3a6d721ab1ca,posthoc_probe_v2,z_degree_to_degree,target_retention,z_degree,degree,1,1,StandardScaler+Ridge,0.01;0.1;1.0;10.0;100.0,0.01,0.025042170360319947,512,263,512,0.9989424977784105,0.026045783503375716,0.9992600003111846
M1,3,cora_uniform_seed3_3a6d721ab1ca,posthoc_probe_v2,z_cn_to_cn_residual,target_retention,z_cn,cn_residual,1,1,StandardScaler+Ridge,0.01;0.1;1.0;10.0;100.0,0.01,0.042911054312148075,512,263,512,0.9635279822028648,0.04221664132575519,0.9880926037943697
M1,3,cora_uniform_seed3_3a6d721ab1ca,posthoc_probe_v2,z_cn_to_degree,cross_leakage,z_cn,degree,2,2,StandardScaler+Ridge,0.01;0.1;1.0;10.0;100.0,0.1,0.6517758924659878,512,263,512,0.5445780767095023,0.6725154912560246,0.7391399394341656
M1,3,cora_uniform_seed3_3a6d721ab1ca,posthoc_probe_v2,z_residual_to_degree,cross_leakage,z_residual,degree,2,2,StandardScaler+Ridge,0.01;0.1;1.0;10.0;100.0,100.0,0.8568748549989857,512,263,512,0.3579562117480811,0.852916283377479,0.6065156097853852
M1,3,cora_uniform_seed3_3a6d721ab1ca,posthoc_probe_v2,z_degree_to_cn_residual,cross_leakage,z_degree,cn_residual,2,2,StandardScaler+Ridge,0.01;0.1;1.0;10.0;100.0,10.0,0.37409009144899197,512,263,512,0.028469727880496398,0.33653417358194787,0.06053351257995633
M1,3,cora_uniform_seed3_3a6d721ab1ca,posthoc_probe_v2,z_degree_to_degree,target_retention,z_degree,degree,2,2,StandardScaler+Ridge,0.01;0.1;1.0;10.0;100.0,0.01,0.025267697546337085,512,263,512,0.9989971649292074,0.025427217548832422,0.9993182554485479
M1,3,cora_uniform_seed3_3a6d721ab1ca,posthoc_probe_v2,z_cn_to_cn_residual,target_retention,z_cn,cn_residual,2,2,StandardScaler+Ridge,0.01;0.1;1.0;10.0;100.0,0.01,0.04156387893967351,512,263,512,0.9644983190187305,0.04040616060142686,0.9862228163408703
M1,4,cora_uniform_seed4_f6727223606a,posthoc_probe_v2,z_cn_to_degree,cross_leakage,z_cn,degree,0,0,StandardScaler+Ridge,0.01;0.1;1.0;10.0;100.0,0.01,0.6770019156272635,512,263,512,0.5427523252993789,0.6834108066928621,0.7635703693263478
M1,4,cora_uniform_seed4_f6727223606a,posthoc_probe_v2,z_residual_to_degree,cross_leakage,z_residual,degree,0,0,StandardScaler+Ridge,0.01;0.1;1.0;10.0;100.0,100.0,1.0080775098878338,512,263,512,0.15303386830728438,0.9519725719244159,0.3966656570060558
M1,4,cora_uniform_seed4_f6727223606a,posthoc_probe_v2,z_degree_to_cn_residual,cross_leakage,z_degree,cn_residual,0,0,StandardScaler+Ridge,0.01;0.1;1.0;10.0;100.0,100.0,0.37949756608717006,512,263,512,0.026691427258762612,0.3439846380441338,0.03902092518163442
M1,4,cora_uniform_seed4_f6727223606a,posthoc_probe_v2,z_degree_to_degree,target_retention,z_degree,degree,0,0,StandardScaler+Ridge,0.01;0.1;1.0;10.0;100.0,0.01,0.03228917658436954,512,263,512,0.9980774354630763,0.032311878202277655,0.9993932462860867
M1,4,cora_uniform_seed4_f6727223606a,posthoc_probe_v2,z_cn_to_cn_residual,target_retention,z_cn,cn_residual,0,0,StandardScaler+Ridge,0.01;0.1;1.0;10.0;100.0,0.01,0.04286966106915102,512,263,512,0.9697914947956252,0.03770881421302133,0.9881080496033147
M1,4,cora_uniform_seed4_f6727223606a,posthoc_probe_v2,z_cn_to_degree,cross_leakage,z_cn,degree,1,1,StandardScaler+Ridge,0.01;0.1;1.0;10.0;100.0,0.01,0.6539392885376986,512,263,512,0.520526355804582,0.7013174284453758,0.7384459026973176
M1,4,cora_uniform_seed4_f6727223606a,posthoc_probe_v2,z_residual_to_degree,cross_leakage,z_residual,degree,1,1,StandardScaler+Ridge,0.01;0.1;1.0;10.0;100.0,100.0,1.008077231075191,512,263,512,0.16605372050318168,0.9525442763159335,0.4002291178103977
M1,4,cora_uniform_seed4_f6727223606a,posthoc_probe_v2,z_degree_to_cn_residual,cross_leakage,z_degree,cn_residual,1,1,StandardScaler+Ridge,0.01;0.1;1.0;10.0;100.0,1.0,0.37034768982225563,512,263,512,-0.023912740236071928,0.34015124777756744,0.011222804083563026
M1,4,cora_uniform_seed4_f6727223606a,posthoc_probe_v2,z_degree_to_degree,target_retention,z_degree,degree,1,1,StandardScaler+Ridge,0.01;0.1;1.0;10.0;100.0,0.01,0.031883918816703515,512,263,512,0.9981430262121883,0.03332277445723578,0.9996275819282298
M1,4,cora_uniform_seed4_f6727223606a,posthoc_probe_v2,z_cn_to_cn_residual,target_retention,z_cn,cn_residual,1,1,StandardScaler+Ridge,0.01;0.1;1.0;10.0;100.0,0.01,0.04436932748997676,512,263,512,0.9673331188107641,0.03959418156505387,0.9879342883193309
M1,4,cora_uniform_seed4_f6727223606a,posthoc_probe_v2,z_cn_to_degree,cross_leakage,z_cn,degree,2,2,StandardScaler+Ridge,0.01;0.1;1.0;10.0;100.0,0.01,0.6581373658845263,512,263,512,0.528669445695831,0.6806635541667686,0.7477435601784425
M1,4,cora_uniform_seed4_f6727223606a,posthoc_probe_v2,z_residual_to_degree,cross_leakage,z_residual,degree,2,2,StandardScaler+Ridge,0.01;0.1;1.0;10.0;100.0,100.0,1.0897638930842797,512,263,512,0.16755295140251258,0.9507073025090251,0.39995716881154125
M1,4,cora_uniform_seed4_f6727223606a,posthoc_probe_v2,z_degree_to_cn_residual,cross_leakage,z_degree,cn_residual,2,2,StandardScaler+Ridge,0.01;0.1;1.0;10.0;100.0,100.0,0.37880188518876845,512,263,512,0.03142329735045768,0.34015496282881874,0.06341268979079738
M1,4,cora_uniform_seed4_f6727223606a,posthoc_probe_v2,z_degree_to_degree,target_retention,z_degree,degree,2,2,StandardScaler+Ridge,0.01;0.1;1.0;10.0;100.0,0.01,0.032716842396224036,512,263,512,0.998106269942827,0.03305644478792691,0.999340202121595
M1,4,cora_uniform_seed4_f6727223606a,posthoc_probe_v2,z_cn_to_cn_residual,target_retention,z_cn,cn_residual,2,2,StandardScaler+Ridge,0.01;0.1;1.0;10.0;100.0,0.01,0.04342447742290168,512,263,512,0.9659565864856057,0.04040155667488781,0.989026334282877
M2,0,cora_uniform_seed0_11ee10e110ae,posthoc_probe_v2,z_cn_to_degree,cross_leakage,z_cn,degree,0,0,StandardScaler+Ridge,0.01;0.1;1.0;10.0;100.0,0.01,0.7042018671461843,512,263,512,0.47327602055193396,0.7265103735710969,0.7056197824730063
M2,0,cora_uniform_seed0_11ee10e110ae,posthoc_probe_v2,z_residual_to_degree,cross_leakage,z_residual,degree,0,0,StandardScaler+Ridge,0.01;0.1;1.0;10.0;100.0,100.0,3.859403498218527,512,263,512,0.17895419494660392,0.9377544661985597,0.4414325212366105
M2,0,cora_uniform_seed0_11ee10e110ae,posthoc_probe_v2,z_degree_to_cn_residual,cross_leakage,z_degree,cn_residual,0,0,StandardScaler+Ridge,0.01;0.1;1.0;10.0;100.0,1.0,0.36946014021746465,512,263,512,0.013840576397869397,0.33782183974389496,0.029400063037458676
M2,0,cora_uniform_seed0_11ee10e110ae,posthoc_probe_v2,z_degree_to_degree,target_retention,z_degree,degree,0,0,StandardScaler+Ridge,0.01;0.1;1.0;10.0;100.0,0.01,0.03784077157694653,512,263,512,0.9984517301728647,0.03404832597280125,0.9987285714911451
M2,0,cora_uniform_seed0_11ee10e110ae,posthoc_probe_v2,z_cn_to_cn_residual,target_retention,z_cn,cn_residual,0,0,StandardScaler+Ridge,0.01;0.1;1.0;10.0;100.0,0.01,0.05716459664544371,512,263,512,0.932965923569254,0.054889866614480906,0.9743215473586301
M2,0,cora_uniform_seed0_11ee10e110ae,posthoc_probe_v2,z_cn_to_degree,cross_leakage,z_cn,degree,1,1,StandardScaler+Ridge,0.01;0.1;1.0;10.0;100.0,0.1,0.7173929243922097,512,263,512,0.2418535639993975,0.7734106964169895,0.6820838332040667
M2,0,cora_uniform_seed0_11ee10e110ae,posthoc_probe_v2,z_residual_to_degree,cross_leakage,z_residual,degree,1,1,StandardScaler+Ridge,0.01;0.1;1.0;10.0;100.0,1.0,1.351444727589412,512,263,512,0.09267288612375302,0.9805972483917172,0.39546428527626265
M2,0,cora_uniform_seed0_11ee10e110ae,posthoc_probe_v2,z_degree_to_cn_residual,cross_leakage,z_degree,cn_residual,1,1,StandardScaler+Ridge,0.01;0.1;1.0;10.0;100.0,0.1,0.3755233815055407,512,263,512,-0.05233312360037057,0.35624203321691156,-0.0018196912947672328
M2,0,cora_uniform_seed0_11ee10e110ae,posthoc_probe_v2,z_degree_to_degree,target_retention,z_degree,degree,1,1,StandardScaler+Ridge,0.01;0.1;1.0;10.0;100.0,0.01,0.03815255328004103,512,263,512,0.9983685753114411,0.03709429120295129,0.9986530390993936
M2,0,cora_uniform_seed0_11ee10e110ae,posthoc_probe_v2,z_cn_to_cn_residual,target_retention,z_cn,cn_residual,1,1,StandardScaler+Ridge,0.01;0.1;1.0;10.0;100.0,0.1,0.06116044429942808,512,263,512,0.6547376651544609,0.06881026869825405,0.9746433386127732
M2,0,cora_uniform_seed0_11ee10e110ae,posthoc_probe_v2,z_cn_to_degree,cross_leakage,z_cn,degree,2,2,StandardScaler+Ridge,0.01;0.1;1.0;10.0;100.0,0.01,0.7527610522447946,512,263,512,0.47083243322024926,0.7613437911024272,0.7059012419491257
M2,0,cora_uniform_seed0_11ee10e110ae,posthoc_probe_v2,z_residual_to_degree,cross_leakage,z_residual,degree,2,2,StandardScaler+Ridge,0.01;0.1;1.0;10.0;100.0,100.0,1.0620968977498977,512,263,512,0.1775675055620487,0.9638088388226627,0.4145998595989626
M2,0,cora_uniform_seed0_11ee10e110ae,posthoc_probe_v2,z_degree_to_cn_residual,cross_leakage,z_degree,cn_residual,2,2,StandardScaler+Ridge,0.01;0.1;1.0;10.0;100.0,0.1,0.37170798157026375,512,263,512,-0.016749655379125983,0.3448659847760004,0.06365134896885355
M2,0,cora_uniform_seed0_11ee10e110ae,posthoc_probe_v2,z_degree_to_degree,target_retention,z_degree,degree,2,2,StandardScaler+Ridge,0.01;0.1;1.0;10.0;100.0,0.01,0.03791840525865634,512,263,512,0.9982366147123927,0.038026134143498126,0.9989991530820466
M2,0,cora_uniform_seed0_11ee10e110ae,posthoc_probe_v2,z_cn_to_cn_residual,target_retention,z_cn,cn_residual,2,2,StandardScaler+Ridge,0.01;0.1;1.0;10.0;100.0,0.1,0.05966779694593591,512,263,512,0.9320271371700332,0.05626132358373499,0.9726051128999187
M2,1,cora_uniform_seed1_25044ef578c4,posthoc_probe_v2,z_cn_to_degree,cross_leakage,z_cn,degree,0,0,StandardScaler+Ridge,0.01;0.1;1.0;10.0;100.0,0.01,0.6774106460357477,512,263,512,0.5667350675150826,0.6636920674647052,0.7841934006115827
M2,1,cora_uniform_seed1_25044ef578c4,posthoc_probe_v2,z_residual_to_degree,cross_leakage,z_residual,degree,0,0,StandardScaler+Ridge,0.01;0.1;1.0;10.0;100.0,100.0,0.9718983107776406,512,263,512,0.09523922098749471,0.9747402934835057,0.40493458630771095
M2,1,cora_uniform_seed1_25044ef578c4,posthoc_probe_v2,z_degree_to_cn_residual,cross_leakage,z_degree,cn_residual,0,0,StandardScaler+Ridge,0.01;0.1;1.0;10.0;100.0,100.0,0.37889897966714253,512,263,512,0.021282605787142583,0.3447872125665702,0.042598375965349676
M2,1,cora_uniform_seed1_25044ef578c4,posthoc_probe_v2,z_degree_to_degree,target_retention,z_degree,degree,0,0,StandardScaler+Ridge,0.01;0.1;1.0;10.0;100.0,0.01,0.03146694426290523,512,263,512,0.9980660642790427,0.03203962466388711,0.9994225699056549
M2,1,cora_uniform_seed1_25044ef578c4,posthoc_probe_v2,z_cn_to_cn_residual,target_retention,z_cn,cn_residual,0,0,StandardScaler+Ridge,0.01;0.1;1.0;10.0;100.0,0.01,0.0481638568265381,512,263,512,0.9579661559454138,0.048709110864030916,0.9826389805774723
M2,1,cora_uniform_seed1_25044ef578c4,posthoc_probe_v2,z_cn_to_degree,cross_leakage,z_cn,degree,1,1,StandardScaler+Ridge,0.01;0.1;1.0;10.0;100.0,0.01,0.6749915374235428,512,263,512,0.554918988202568,0.6837495661287165,0.7802572504626148
M2,1,cora_uniform_seed1_25044ef578c4,posthoc_probe_v2,z_residual_to_degree,cross_leakage,z_residual,degree,1,1,StandardScaler+Ridge,0.01;0.1;1.0;10.0;100.0,100.0,1.0483913494491777,512,263,512,0.14553484044096188,0.9801554918672648,0.36985534091198335
M2,1,cora_uniform_seed1_25044ef578c4,posthoc_probe_v2,z_degree_to_cn_residual,cross_leakage,z_degree,cn_residual,1,1,StandardScaler+Ridge,0.01;0.1;1.0;10.0;100.0,100.0,0.3763253710960196,512,263,512,0.027647869728725127,0.34368689641849415,0.03452025830459515
M2,1,cora_uniform_seed1_25044ef578c4,posthoc_probe_v2,z_degree_to_degree,target_retention,z_degree,degree,1,1,StandardScaler+Ridge,0.01;0.1;1.0;10.0;100.0,0.01,0.034154656889581206,512,263,512,0.9983031551379731,0.03269827640213736,0.9994879599931902
M2,1,cora_uniform_seed1_25044ef578c4,posthoc_probe_v2,z_cn_to_cn_residual,target_retention,z_cn,cn_residual,1,1,StandardScaler+Ridge,0.01;0.1;1.0;10.0;100.0,0.01,0.04582994534906922,512,263,512,0.9561910614431092,0.049291601546699475,0.9829390400966055
M2,1,cora_uniform_seed1_25044ef578c4,posthoc_probe_v2,z_cn_to_degree,cross_leakage,z_cn,degree,2,2,StandardScaler+Ridge,0.01;0.1;1.0;10.0;100.0,0.1,0.6885749013447874,512,263,512,0.5354183342072888,0.6982550160131504,0.7402712906662702
M2,1,cora_uniform_seed1_25044ef578c4,posthoc_probe_v2,z_residual_to_degree,cross_leakage,z_residual,degree,2,2,StandardScaler+Ridge,0.01;0.1;1.0;10.0;100.0,100.0,1.0305592639406513,512,263,512,0.0686687674881108,0.9839507788711099,0.408671690770991
M2,1,cora_uniform_seed1_25044ef578c4,posthoc_probe_v2,z_degree_to_cn_residual,cross_leakage,z_degree,cn_residual,2,2,StandardScaler+Ridge,0.01;0.1;1.0;10.0;100.0,100.0,0.3778401354245794,512,263,512,0.02065020682320373,0.3406454657582524,0.04122290651367251
M2,1,cora_uniform_seed1_25044ef578c4,posthoc_probe_v2,z_degree_to_degree,target_retention,z_degree,degree,2,2,StandardScaler+Ridge,0.01;0.1;1.0;10.0;100.0,0.01,0.03382586929683904,512,263,512,0.9981318988932659,0.03165473007794281,0.9994319014242132
M2,1,cora_uniform_seed1_25044ef578c4,posthoc_probe_v2,z_cn_to_cn_residual,target_retention,z_cn,cn_residual,2,2,StandardScaler+Ridge,0.01;0.1;1.0;10.0;100.0,0.01,0.04660725544436979,512,263,512,0.9563629642621831,0.04852439490131921,0.9830310074701519
M2,2,cora_uniform_seed2_d44d1125a6c1,posthoc_probe_v2,z_cn_to_degree,cross_leakage,z_cn,degree,0,0,StandardScaler+Ridge,0.01;0.1;1.0;10.0;100.0,0.01,0.6754472354065355,512,263,512,0.5703704747530667,0.6595235918674267,0.7967018597067884
M2,2,cora_uniform_seed2_d44d1125a6c1,posthoc_probe_v2,z_residual_to_degree,cross_leakage,z_residual,degree,0,0,StandardScaler+Ridge,0.01;0.1;1.0;10.0;100.0,100.0,1.0062606024542944,512,263,512,0.07618304850629143,0.9935781124108369,0.29927458589098094
M2,2,cora_uniform_seed2_d44d1125a6c1,posthoc_probe_v2,z_degree_to_cn_residual,cross_leakage,z_degree,cn_residual,0,0,StandardScaler+Ridge,0.01;0.1;1.0;10.0;100.0,1.0,0.37314931055076817,512,263,512,0.03488108096615106,0.3403330484334528,0.09225379434382452
M2,2,cora_uniform_seed2_d44d1125a6c1,posthoc_probe_v2,z_degree_to_degree,target_retention,z_degree,degree,0,0,StandardScaler+Ridge,0.01;0.1;1.0;10.0;100.0,0.01,0.0413936899406772,512,263,512,0.9975837517023354,0.03794065416879694,0.9992836587953083
M2,2,cora_uniform_seed2_d44d1125a6c1,posthoc_probe_v2,z_cn_to_cn_residual,target_retention,z_cn,cn_residual,0,0,StandardScaler+Ridge,0.01;0.1;1.0;10.0;100.0,0.01,0.04398705368557215,512,263,512,0.9537796431124925,0.04421552424162818,0.9820251825188493
M2,2,cora_uniform_seed2_d44d1125a6c1,posthoc_probe_v2,z_cn_to_degree,cross_leakage,z_cn,degree,1,1,StandardScaler+Ridge,0.01;0.1;1.0;10.0;100.0,0.01,0.6564750232941798,512,263,512,0.5781661879799755,0.6526169741576063,0.7795888449524291
M2,2,cora_uniform_seed2_d44d1125a6c1,posthoc_probe_v2,z_residual_to_degree,cross_leakage,z_residual,degree,1,1,StandardScaler+Ridge,0.01;0.1;1.0;10.0;100.0,100.0,1.0639384459669694,512,263,512,0.15080633297344714,0.9552621103488894,0.37203418392949744
M2,2,cora_uniform_seed2_d44d1125a6c1,posthoc_probe_v2,z_degree_to_cn_residual,cross_leakage,z_degree,cn_residual,1,1,StandardScaler+Ridge,0.01;0.1;1.0;10.0;100.0,100.0,0.382263444280356,512,263,512,0.028891337590157606,0.3479716514861663,0.06476369714973346
M2,2,cora_uniform_seed2_d44d1125a6c1,posthoc_probe_v2,z_degree_to_degree,target_retention,z_degree,degree,1,1,StandardScaler+Ridge,0.01;0.1;1.0;10.0;100.0,0.01,0.03895582923066636,512,263,512,0.9977239138937778,0.036852642806892974,0.9994657750594546
M2,2,cora_uniform_seed2_d44d1125a6c1,posthoc_probe_v2,z_cn_to_cn_residual,target_retention,z_cn,cn_residual,1,1,StandardScaler+Ridge,0.01;0.1;1.0;10.0;100.0,0.01,0.04577652588916911,512,263,512,0.9645476155833042,0.04067838684956627,0.9859260499411352
M2,2,cora_uniform_seed2_d44d1125a6c1,posthoc_probe_v2,z_cn_to_degree,cross_leakage,z_cn,degree,2,2,StandardScaler+Ridge,0.01;0.1;1.0;10.0;100.0,0.01,0.6666089256623888,512,263,512,0.589800293475192,0.6475092171964506,0.8001465872059683
M2,2,cora_uniform_seed2_d44d1125a6c1,posthoc_probe_v2,z_residual_to_degree,cross_leakage,z_residual,degree,2,2,StandardScaler+Ridge,0.01;0.1;1.0;10.0;100.0,100.0,0.997356983292671,512,263,512,0.09207746417219398,0.9703567437407782,0.34822602840726535
M2,2,cora_uniform_seed2_d44d1125a6c1,posthoc_probe_v2,z_degree_to_cn_residual,cross_leakage,z_degree,cn_residual,2,2,StandardScaler+Ridge,0.01;0.1;1.0;10.0;100.0,10.0,0.3762604186952237,512,263,512,0.027459677918546976,0.346880885917916,0.07354328018483729
M2,2,cora_uniform_seed2_d44d1125a6c1,posthoc_probe_v2,z_degree_to_degree,target_retention,z_degree,degree,2,2,StandardScaler+Ridge,0.01;0.1;1.0;10.0;100.0,0.01,0.04111567818229824,512,263,512,0.9976628630547656,0.03979857062105867,0.9992647165802145
M2,2,cora_uniform_seed2_d44d1125a6c1,posthoc_probe_v2,z_cn_to_cn_residual,target_retention,z_cn,cn_residual,2,2,StandardScaler+Ridge,0.01;0.1;1.0;10.0;100.0,0.01,0.043070161642747684,512,263,512,0.9632993807825351,0.041590180500374704,0.9877882778709209
M2,3,cora_uniform_seed3_e15a1f5bd187,posthoc_probe_v2,z_cn_to_degree,cross_leakage,z_cn,degree,0,0,StandardScaler+Ridge,0.01;0.1;1.0;10.0;100.0,0.01,0.7101560626385042,512,263,512,0.523509193123364,0.7034878764920046,0.7409398937035281
M2,3,cora_uniform_seed3_e15a1f5bd187,posthoc_probe_v2,z_residual_to_degree,cross_leakage,z_residual,degree,0,0,StandardScaler+Ridge,0.01;0.1;1.0;10.0;100.0,100.0,0.9481229251889814,512,263,512,0.14106117632600335,0.9709838788241852,0.380820757148425
M2,3,cora_uniform_seed3_e15a1f5bd187,posthoc_probe_v2,z_degree_to_cn_residual,cross_leakage,z_degree,cn_residual,0,0,StandardScaler+Ridge,0.01;0.1;1.0;10.0;100.0,100.0,0.38192110047945416,512,263,512,0.025919797374360565,0.3416341800745659,0.044689062216550064
M2,3,cora_uniform_seed3_e15a1f5bd187,posthoc_probe_v2,z_degree_to_degree,target_retention,z_degree,degree,0,0,StandardScaler+Ridge,0.01;0.1;1.0;10.0;100.0,0.01,0.05517100778482845,512,263,512,0.9992126834852414,0.025493557624200507,0.9990611906671366
M2,3,cora_uniform_seed3_e15a1f5bd187,posthoc_probe_v2,z_cn_to_cn_residual,target_retention,z_cn,cn_residual,0,0,StandardScaler+Ridge,0.01;0.1;1.0;10.0;100.0,0.01,0.05822451836044752,512,263,512,0.9576347276137828,0.04230074668676706,0.9809782095338274
M2,3,cora_uniform_seed3_e15a1f5bd187,posthoc_probe_v2,z_cn_to_degree,cross_leakage,z_cn,degree,1,1,StandardScaler+Ridge,0.01;0.1;1.0;10.0;100.0,0.01,0.7424878213825703,512,263,512,0.4916156502083925,0.7395933718555112,0.7226266670361967
M2,3,cora_uniform_seed3_e15a1f5bd187,posthoc_probe_v2,z_residual_to_degree,cross_leakage,z_residual,degree,1,1,StandardScaler+Ridge,0.01;0.1;1.0;10.0;100.0,100.0,0.9682283767867748,512,263,512,0.15089250526335762,0.9697507116161126,0.38226553116347145
M2,3,cora_uniform_seed3_e15a1f5bd187,posthoc_probe_v2,z_degree_to_cn_residual,cross_leakage,z_degree,cn_residual,1,1,StandardScaler+Ridge,0.01;0.1;1.0;10.0;100.0,10.0,0.3717640146231183,512,263,512,0.011407141220302508,0.34079184484730896,0.047758212863965026
M2,3,cora_uniform_seed3_e15a1f5bd187,posthoc_probe_v2,z_degree_to_degree,target_retention,z_degree,degree,1,1,StandardScaler+Ridge,0.01;0.1;1.0;10.0;100.0,0.01,0.029198701140654995,512,263,512,0.9993055181400676,0.025178949406290372,0.999019781590481
M2,3,cora_uniform_seed3_e15a1f5bd187,posthoc_probe_v2,z_cn_to_cn_residual,target_retention,z_cn,cn_residual,1,1,StandardScaler+Ridge,0.01;0.1;1.0;10.0;100.0,0.01,0.05815680563911816,512,263,512,0.9488236659976298,0.04592352727148017,0.9778946328296556
M2,3,cora_uniform_seed3_e15a1f5bd187,posthoc_probe_v2,z_cn_to_degree,cross_leakage,z_cn,degree,2,2,StandardScaler+Ridge,0.01;0.1;1.0;10.0;100.0,0.1,0.7199556875871947,512,263,512,0.4720343882919841,0.7249659211304016,0.7186234326002584
M2,3,cora_uniform_seed3_e15a1f5bd187,posthoc_probe_v2,z_residual_to_degree,cross_leakage,z_residual,degree,2,2,StandardScaler+Ridge,0.01;0.1;1.0;10.0;100.0,100.0,0.9458753126980738,512,263,512,0.17322495263760052,0.9421005182914153,0.43853086916310113
M2,3,cora_uniform_seed3_e15a1f5bd187,posthoc_probe_v2,z_degree_to_cn_residual,cross_leakage,z_degree,cn_residual,2,2,StandardScaler+Ridge,0.01;0.1;1.0;10.0;100.0,100.0,0.37651354613086446,512,263,512,0.032063729361311966,0.3394084402526083,0.04924937239112273
M2,3,cora_uniform_seed3_e15a1f5bd187,posthoc_probe_v2,z_degree_to_degree,target_retention,z_degree,degree,2,2,StandardScaler+Ridge,0.01;0.1;1.0;10.0;100.0,0.01,0.023133591439987475,512,263,512,0.9993269376081967,0.021949641416251407,0.9992686452796055
M2,3,cora_uniform_seed3_e15a1f5bd187,posthoc_probe_v2,z_cn_to_cn_residual,target_retention,z_cn,cn_residual,2,2,StandardScaler+Ridge,0.01;0.1;1.0;10.0;100.0,0.01,0.055296631229215625,512,263,512,0.9522458694819845,0.04382674458889975,0.9766597965697252
M2,4,cora_uniform_seed4_08eb1afb48dd,posthoc_probe_v2,z_cn_to_degree,cross_leakage,z_cn,degree,0,0,StandardScaler+Ridge,0.01;0.1;1.0;10.0;100.0,0.01,0.6945225416079652,512,263,512,0.5307256343191177,0.6912508911501642,0.7434115102202012
M2,4,cora_uniform_seed4_08eb1afb48dd,posthoc_probe_v2,z_residual_to_degree,cross_leakage,z_residual,degree,0,0,StandardScaler+Ridge,0.01;0.1;1.0;10.0;100.0,100.0,1.0220441433401206,512,263,512,0.09183594868013945,0.9566997343005851,0.43549692777146704
M2,4,cora_uniform_seed4_08eb1afb48dd,posthoc_probe_v2,z_degree_to_cn_residual,cross_leakage,z_degree,cn_residual,0,0,StandardScaler+Ridge,0.01;0.1;1.0;10.0;100.0,100.0,0.37881206372648846,512,263,512,0.03154706610666569,0.3432821383304358,0.04996704322691317
M2,4,cora_uniform_seed4_08eb1afb48dd,posthoc_probe_v2,z_degree_to_degree,target_retention,z_degree,degree,0,0,StandardScaler+Ridge,0.01;0.1;1.0;10.0;100.0,0.01,0.024407594042870694,512,263,512,0.9979821775307056,0.0323940837955133,0.9994680424940962
M2,4,cora_uniform_seed4_08eb1afb48dd,posthoc_probe_v2,z_cn_to_cn_residual,target_retention,z_cn,cn_residual,0,0,StandardScaler+Ridge,0.01;0.1;1.0;10.0;100.0,0.01,0.05522190314138553,512,263,512,0.9436932485380762,0.049304231827580466,0.9764390126951782
M2,4,cora_uniform_seed4_08eb1afb48dd,posthoc_probe_v2,z_cn_to_degree,cross_leakage,z_cn,degree,1,1,StandardScaler+Ridge,0.01;0.1;1.0;10.0;100.0,0.01,0.6789465938637914,512,263,512,0.5265301389261737,0.6966438622986689,0.7429638097034752
M2,4,cora_uniform_seed4_08eb1afb48dd,posthoc_probe_v2,z_residual_to_degree,cross_leakage,z_residual,degree,1,1,StandardScaler+Ridge,0.01;0.1;1.0;10.0;100.0,100.0,1.025426045243578,512,263,512,0.16001538986156627,0.9517207262884577,0.39943359486692614
M2,4,cora_uniform_seed4_08eb1afb48dd,posthoc_probe_v2,z_degree_to_cn_residual,cross_leakage,z_degree,cn_residual,1,1,StandardScaler+Ridge,0.01;0.1;1.0;10.0;100.0,1.0,0.3669315975767734,512,263,512,-0.017723739876639888,0.3384692291807499,0.017671221871838932
M2,4,cora_uniform_seed4_08eb1afb48dd,posthoc_probe_v2,z_degree_to_degree,target_retention,z_degree,degree,1,1,StandardScaler+Ridge,0.01;0.1;1.0;10.0;100.0,0.01,0.024886840311636915,512,263,512,0.9981708936044581,0.032496055522026626,0.9994699889464586
M2,4,cora_uniform_seed4_08eb1afb48dd,posthoc_probe_v2,z_cn_to_cn_residual,target_retention,z_cn,cn_residual,1,1,StandardScaler+Ridge,0.01;0.1;1.0;10.0;100.0,0.01,0.05988823413617503,512,263,512,0.9410855517036564,0.051321368045733534,0.9774407145945007
M2,4,cora_uniform_seed4_08eb1afb48dd,posthoc_probe_v2,z_cn_to_degree,cross_leakage,z_cn,degree,2,2,StandardScaler+Ridge,0.01;0.1;1.0;10.0;100.0,0.01,0.7001766447256704,512,263,512,0.5075276968338733,0.6905997033596745,0.7399112665099252
M2,4,cora_uniform_seed4_08eb1afb48dd,posthoc_probe_v2,z_residual_to_degree,cross_leakage,z_residual,degree,2,2,StandardScaler+Ridge,0.01;0.1;1.0;10.0;100.0,100.0,1.2827746456821107,512,263,512,0.1992106814909913,0.9405316210680187,0.4354385475982866
M2,4,cora_uniform_seed4_08eb1afb48dd,posthoc_probe_v2,z_degree_to_cn_residual,cross_leakage,z_degree,cn_residual,2,2,StandardScaler+Ridge,0.01;0.1;1.0;10.0;100.0,100.0,0.37896737925632545,512,263,512,0.03184425862700313,0.3400738100474482,0.06502145335693717
M2,4,cora_uniform_seed4_08eb1afb48dd,posthoc_probe_v2,z_degree_to_degree,target_retention,z_degree,degree,2,2,StandardScaler+Ridge,0.01;0.1;1.0;10.0;100.0,0.01,0.025931474218236338,512,263,512,0.9981575006434871,0.03295219162139111,0.9993955826176918
M2,4,cora_uniform_seed4_08eb1afb48dd,posthoc_probe_v2,z_cn_to_cn_residual,target_retention,z_cn,cn_residual,2,2,StandardScaler+Ridge,0.01;0.1;1.0;10.0;100.0,0.01,0.05859514268223657,512,263,512,0.9229242382751212,0.05515900083592887,0.9709912450025466
M3,0,cora_uniform_seed0_36c81d7aab4e,posthoc_probe_v2,z_cn_to_degree,cross_leakage,z_cn,degree,0,0,StandardScaler+Ridge,0.01;0.1;1.0;10.0;100.0,0.01,0.7160740010653088,512,263,512,0.5192622128596935,0.7050558679912888,0.7131160928177176
M3,0,cora_uniform_seed0_36c81d7aab4e,posthoc_probe_v2,z_residual_to_degree,cross_leakage,z_residual,degree,0,0,StandardScaler+Ridge,0.01;0.1;1.0;10.0;100.0,100.0,1.0335557157206283,512,263,512,0.12380142767091062,0.9467536470121773,0.36942048824707874
M3,0,cora_uniform_seed0_36c81d7aab4e,posthoc_probe_v2,z_degree_to_cn_residual,cross_leakage,z_degree,cn_residual,0,0,StandardScaler+Ridge,0.01;0.1;1.0;10.0;100.0,10.0,0.36911179358059604,512,263,512,0.03340638767665016,0.3389253049432386,0.052537661623383074
M3,0,cora_uniform_seed0_36c81d7aab4e,posthoc_probe_v2,z_degree_to_degree,target_retention,z_degree,degree,0,0,StandardScaler+Ridge,0.01;0.1;1.0;10.0;100.0,0.01,0.032752098413295704,512,263,512,0.998772007683211,0.03018322763410408,0.9983368867913172
M3,0,cora_uniform_seed0_36c81d7aab4e,posthoc_probe_v2,z_cn_to_cn_residual,target_retention,z_cn,cn_residual,0,0,StandardScaler+Ridge,0.01;0.1;1.0;10.0;100.0,0.01,0.06095526373834649,512,263,512,0.9473945786451845,0.057272380900400245,0.9830208009693119
M3,0,cora_uniform_seed0_36c81d7aab4e,posthoc_probe_v2,z_cn_to_degree,cross_leakage,z_cn,degree,1,1,StandardScaler+Ridge,0.01;0.1;1.0;10.0;100.0,100.0,0.7308618292292196,512,263,512,0.41355836837036364,0.7501388410978057,0.6733881877289418
M3,0,cora_uniform_seed0_36c81d7aab4e,posthoc_probe_v2,z_residual_to_degree,cross_leakage,z_residual,degree,1,1,StandardScaler+Ridge,0.01;0.1;1.0;10.0;100.0,100.0,1.3042738904638007,512,263,512,0.18788825727134661,0.9367781305677647,0.4195918254625404
M3,0,cora_uniform_seed0_36c81d7aab4e,posthoc_probe_v2,z_degree_to_cn_residual,cross_leakage,z_degree,cn_residual,1,1,StandardScaler+Ridge,0.01;0.1;1.0;10.0;100.0,10.0,0.380697821694147,512,263,512,0.012261519485060934,0.34982361456964994,0.06511847035717713
M3,0,cora_uniform_seed0_36c81d7aab4e,posthoc_probe_v2,z_degree_to_degree,target_retention,z_degree,degree,1,1,StandardScaler+Ridge,0.01;0.1;1.0;10.0;100.0,0.01,0.03792855903280074,512,263,512,0.9985617854415707,0.03429196029873353,0.9985140998082856
M3,0,cora_uniform_seed0_36c81d7aab4e,posthoc_probe_v2,z_cn_to_cn_residual,target_retention,z_cn,cn_residual,1,1,StandardScaler+Ridge,0.01;0.1;1.0;10.0;100.0,0.1,0.06502719248276626,512,263,512,0.9365741081179458,0.060254864177333965,0.9739420392387654
M3,0,cora_uniform_seed0_36c81d7aab4e,posthoc_probe_v2,z_cn_to_degree,cross_leakage,z_cn,degree,2,2,StandardScaler+Ridge,0.01;0.1;1.0;10.0;100.0,0.1,0.7471198317323672,512,263,512,0.49273565666302244,0.7536650360981456,0.7045750437056157
M3,0,cora_uniform_seed0_36c81d7aab4e,posthoc_probe_v2,z_residual_to_degree,cross_leakage,z_residual,degree,2,2,StandardScaler+Ridge,0.01;0.1;1.0;10.0;100.0,100.0,1.074511321813904,512,263,512,0.1749039068352849,0.9574062400777138,0.40677819951570343
M3,0,cora_uniform_seed0_36c81d7aab4e,posthoc_probe_v2,z_degree_to_cn_residual,cross_leakage,z_degree,cn_residual,2,2,StandardScaler+Ridge,0.01;0.1;1.0;10.0;100.0,1.0,0.3746963124425741,512,263,512,0.011494779677654443,0.34450597112028525,0.09285155720800652
M3,0,cora_uniform_seed0_36c81d7aab4e,posthoc_probe_v2,z_degree_to_degree,target_retention,z_degree,degree,2,2,StandardScaler+Ridge,0.01;0.1;1.0;10.0;100.0,0.01,0.0382390782255572,512,263,512,0.9985476557281534,0.035162522791302706,0.998216330269671
M3,0,cora_uniform_seed0_36c81d7aab4e,posthoc_probe_v2,z_cn_to_cn_residual,target_retention,z_cn,cn_residual,2,2,StandardScaler+Ridge,0.01;0.1;1.0;10.0;100.0,0.1,0.06262743314558925,512,263,512,0.9380592415328604,0.05972220789487264,0.9729377955292274
M3,1,cora_uniform_seed1_4d43ed49c208,posthoc_probe_v2,z_cn_to_degree,cross_leakage,z_cn,degree,0,0,StandardScaler+Ridge,0.01;0.1;1.0;10.0;100.0,0.01,0.672676272935731,512,263,512,0.5127298915612735,0.6790472209517102,0.7645404986363353
M3,1,cora_uniform_seed1_4d43ed49c208,posthoc_probe_v2,z_residual_to_degree,cross_leakage,z_residual,degree,0,0,StandardScaler+Ridge,0.01;0.1;1.0;10.0;100.0,100.0,1.0349302959949291,512,263,512,-2.149534832787122,1.048298218865018,0.43598861266100686
M3,1,cora_uniform_seed1_4d43ed49c208,posthoc_probe_v2,z_degree_to_cn_residual,cross_leakage,z_degree,cn_residual,0,0,StandardScaler+Ridge,0.01;0.1;1.0;10.0;100.0,100.0,0.37812920035411945,512,263,512,0.02225204583328355,0.3451914042033455,0.06366162367043066
M3,1,cora_uniform_seed1_4d43ed49c208,posthoc_probe_v2,z_degree_to_degree,target_retention,z_degree,degree,0,0,StandardScaler+Ridge,0.01;0.1;1.0;10.0;100.0,0.01,0.029143208030693778,512,263,512,0.9985792018503091,0.030326887552086686,0.999269264530257
M3,1,cora_uniform_seed1_4d43ed49c208,posthoc_probe_v2,z_cn_to_cn_residual,target_retention,z_cn,cn_residual,0,0,StandardScaler+Ridge,0.01;0.1;1.0;10.0;100.0,0.01,0.04696892996906801,512,263,512,0.9569976526471692,0.04458118547673916,0.9826444889414778
M3,1,cora_uniform_seed1_4d43ed49c208,posthoc_probe_v2,z_cn_to_degree,cross_leakage,z_cn,degree,1,1,StandardScaler+Ridge,0.01;0.1;1.0;10.0;100.0,0.01,0.6741005265160543,512,263,512,0.5014938156863399,0.6977438294860231,0.7599260434242404
M3,1,cora_uniform_seed1_4d43ed49c208,posthoc_probe_v2,z_residual_to_degree,cross_leakage,z_residual,degree,1,1,StandardScaler+Ridge,0.01;0.1;1.0;10.0;100.0,100.0,1.0584663053422776,512,263,512,-0.526287413558894,1.0192733802925482,0.3734606610700636
M3,1,cora_uniform_seed1_4d43ed49c208,posthoc_probe_v2,z_degree_to_cn_residual,cross_leakage,z_degree,cn_residual,1,1,StandardScaler+Ridge,0.01;0.1;1.0;10.0;100.0,100.0,0.37563983998579553,512,263,512,0.028126839524680092,0.3441263458813578,0.03465434519546092
M3,1,cora_uniform_seed1_4d43ed49c208,posthoc_probe_v2,z_degree_to_degree,target_retention,z_degree,degree,1,1,StandardScaler+Ridge,0.01;0.1;1.0;10.0;100.0,0.01,0.032011655550522045,512,263,512,0.9986526980173203,0.030062421673906284,0.9992532426805876
M3,1,cora_uniform_seed1_4d43ed49c208,posthoc_probe_v2,z_cn_to_cn_residual,target_retention,z_cn,cn_residual,1,1,StandardScaler+Ridge,0.01;0.1;1.0;10.0;100.0,0.01,0.044871549085296,512,263,512,0.9582984824253103,0.044637529935484435,0.983316934640642
M3,1,cora_uniform_seed1_4d43ed49c208,posthoc_probe_v2,z_cn_to_degree,cross_leakage,z_cn,degree,2,2,StandardScaler+Ridge,0.01;0.1;1.0;10.0;100.0,0.01,0.6673342601463104,512,263,512,0.5061408722156722,0.7073794352034276,0.758678133766571
M3,1,cora_uniform_seed1_4d43ed49c208,posthoc_probe_v2,z_residual_to_degree,cross_leakage,z_residual,degree,2,2,StandardScaler+Ridge,0.01;0.1;1.0;10.0;100.0,100.0,1.0185830946304495,512,263,512,-0.1217626582698581,0.9843681419917403,0.43539418879293285
M3,1,cora_uniform_seed1_4d43ed49c208,posthoc_probe_v2,z_degree_to_cn_residual,cross_leakage,z_degree,cn_residual,2,2,StandardScaler+Ridge,0.01;0.1;1.0;10.0;100.0,10.0,0.37915064369328577,512,263,512,0.019367774266449866,0.3408049365328294,0.05454355493948196
M3,1,cora_uniform_seed1_4d43ed49c208,posthoc_probe_v2,z_degree_to_degree,target_retention,z_degree,degree,2,2,StandardScaler+Ridge,0.01;0.1;1.0;10.0;100.0,0.01,0.031150060660892074,512,263,512,0.9985304681345839,0.030268537236882435,0.9991521446443001
M3,1,cora_uniform_seed1_4d43ed49c208,posthoc_probe_v2,z_cn_to_cn_residual,target_retention,z_cn,cn_residual,2,2,StandardScaler+Ridge,0.01;0.1;1.0;10.0;100.0,0.01,0.044908503987403474,512,263,512,0.9583723137294647,0.044183701125708894,0.983718813758817
M3,2,cora_uniform_seed2_8df3d221b8d4,posthoc_probe_v2,z_cn_to_degree,cross_leakage,z_cn,degree,0,0,StandardScaler+Ridge,0.01;0.1;1.0;10.0;100.0,0.01,0.6358996971498616,512,263,512,0.5801886943356516,0.6440837390575507,0.7867529053902674
M3,2,cora_uniform_seed2_8df3d221b8d4,posthoc_probe_v2,z_residual_to_degree,cross_leakage,z_residual,degree,0,0,StandardScaler+Ridge,0.01;0.1;1.0;10.0;100.0,100.0,0.9872244891939727,512,263,512,0.17440703037501049,0.9676164125150318,0.38435652804358367
M3,2,cora_uniform_seed2_8df3d221b8d4,posthoc_probe_v2,z_degree_to_cn_residual,cross_leakage,z_degree,cn_residual,0,0,StandardScaler+Ridge,0.01;0.1;1.0;10.0;100.0,0.01,0.3691738304559264,512,263,512,0.000992511593019496,0.3407385978216385,0.0769905517230733
M3,2,cora_uniform_seed2_8df3d221b8d4,posthoc_probe_v2,z_degree_to_degree,target_retention,z_degree,degree,0,0,StandardScaler+Ridge,0.01;0.1;1.0;10.0;100.0,0.01,0.0285723817496534,512,263,512,0.9985779596503422,0.026651034975530934,0.9996771373680667
M3,2,cora_uniform_seed2_8df3d221b8d4,posthoc_probe_v2,z_cn_to_cn_residual,target_retention,z_cn,cn_residual,0,0,StandardScaler+Ridge,0.01;0.1;1.0;10.0;100.0,0.01,0.04408361721060884,512,263,512,0.9567739015796211,0.04517852738099246,0.9762650501498674
M3,2,cora_uniform_seed2_8df3d221b8d4,posthoc_probe_v2,z_cn_to_degree,cross_leakage,z_cn,degree,1,1,StandardScaler+Ridge,0.01;0.1;1.0;10.0;100.0,0.01,0.6568407278289312,512,263,512,0.5649404389256778,0.6571424133095469,0.7653280275794615
M3,2,cora_uniform_seed2_8df3d221b8d4,posthoc_probe_v2,z_residual_to_degree,cross_leakage,z_residual,degree,1,1,StandardScaler+Ridge,0.01;0.1;1.0;10.0;100.0,1.0,1.010721648830679,512,263,512,-0.15645511342946983,1.035590093852658,0.3804520986269852
M3,2,cora_uniform_seed2_8df3d221b8d4,posthoc_probe_v2,z_degree_to_cn_residual,cross_leakage,z_degree,cn_residual,1,1,StandardScaler+Ridge,0.01;0.1;1.0;10.0;100.0,100.0,0.38415810315999127,512,263,512,0.027253401415441858,0.3489981346349847,0.062273963184334154
M3,2,cora_uniform_seed2_8df3d221b8d4,posthoc_probe_v2,z_degree_to_degree,target_retention,z_degree,degree,1,1,StandardScaler+Ridge,0.01;0.1;1.0;10.0;100.0,0.01,0.027423463101086662,512,263,512,0.998488420491367,0.02565096703758952,0.9996066405660202
M3,2,cora_uniform_seed2_8df3d221b8d4,posthoc_probe_v2,z_cn_to_cn_residual,target_retention,z_cn,cn_residual,1,1,StandardScaler+Ridge,0.01;0.1;1.0;10.0;100.0,0.01,0.04273758409125865,512,263,512,0.9590721633514226,0.04306940422079232,0.9770041446839856
M3,2,cora_uniform_seed2_8df3d221b8d4,posthoc_probe_v2,z_cn_to_degree,cross_leakage,z_cn,degree,2,2,StandardScaler+Ridge,0.01;0.1;1.0;10.0;100.0,0.01,0.6383038846407679,512,263,512,0.5687032837125178,0.6598498897025988,0.774952383071378
M3,2,cora_uniform_seed2_8df3d221b8d4,posthoc_probe_v2,z_residual_to_degree,cross_leakage,z_residual,degree,2,2,StandardScaler+Ridge,0.01;0.1;1.0;10.0;100.0,100.0,0.9770961439993592,512,263,512,0.12569204225756903,0.9815502585919261,0.34479010265370774
M3,2,cora_uniform_seed2_8df3d221b8d4,posthoc_probe_v2,z_degree_to_cn_residual,cross_leakage,z_degree,cn_residual,2,2,StandardScaler+Ridge,0.01;0.1;1.0;10.0;100.0,10.0,0.3771707491092461,512,263,512,0.028079840528549393,0.34769625700123097,0.07942501622892012
M3,2,cora_uniform_seed2_8df3d221b8d4,posthoc_probe_v2,z_degree_to_degree,target_retention,z_degree,degree,2,2,StandardScaler+Ridge,0.01;0.1;1.0;10.0;100.0,0.01,0.03085577154114755,512,263,512,0.9986125279970057,0.029330264175095634,0.9995268110627681
M3,2,cora_uniform_seed2_8df3d221b8d4,posthoc_probe_v2,z_cn_to_cn_residual,target_retention,z_cn,cn_residual,2,2,StandardScaler+Ridge,0.01;0.1;1.0;10.0;100.0,0.01,0.046412240703989346,512,263,512,0.9523340543342474,0.0481646898565118,0.9720307726596092
M3,3,cora_uniform_seed3_5734aa780c60,posthoc_probe_v2,z_cn_to_degree,cross_leakage,z_cn,degree,0,0,StandardScaler+Ridge,0.01;0.1;1.0;10.0;100.0,0.01,0.6905490241621982,512,263,512,0.5268836878949048,0.670624215486903,0.7283135295254733
M3,3,cora_uniform_seed3_5734aa780c60,posthoc_probe_v2,z_residual_to_degree,cross_leakage,z_residual,degree,0,0,StandardScaler+Ridge,0.01;0.1;1.0;10.0;100.0,10.0,0.9074058922020704,512,263,512,0.35859316823159093,0.8573247367315934,0.6060439708133905
M3,3,cora_uniform_seed3_5734aa780c60,posthoc_probe_v2,z_degree_to_cn_residual,cross_leakage,z_degree,cn_residual,0,0,StandardScaler+Ridge,0.01;0.1;1.0;10.0;100.0,10.0,0.3748413890786349,512,263,512,0.024650769683226992,0.3409153462745566,0.04844957919139364
M3,3,cora_uniform_seed3_5734aa780c60,posthoc_probe_v2,z_degree_to_degree,target_retention,z_degree,degree,0,0,StandardScaler+Ridge,0.01;0.1;1.0;10.0;100.0,0.01,0.017809743355324016,512,263,512,0.9992676990190242,0.01854697272147096,0.9995075370829815
M3,3,cora_uniform_seed3_5734aa780c60,posthoc_probe_v2,z_cn_to_cn_residual,target_retention,z_cn,cn_residual,0,0,StandardScaler+Ridge,0.01;0.1;1.0;10.0;100.0,0.01,0.05076948906391784,512,263,512,0.9567132865334133,0.037903220693488796,0.9896259659121883
M3,3,cora_uniform_seed3_5734aa780c60,posthoc_probe_v2,z_cn_to_degree,cross_leakage,z_cn,degree,1,1,StandardScaler+Ridge,0.01;0.1;1.0;10.0;100.0,0.1,0.7213125840597449,512,263,512,0.47206209096475027,0.7011754946864857,0.7406276168985021
M3,3,cora_uniform_seed3_5734aa780c60,posthoc_probe_v2,z_residual_to_degree,cross_leakage,z_residual,degree,1,1,StandardScaler+Ridge,0.01;0.1;1.0;10.0;100.0,100.0,0.8785778224813586,512,263,512,0.34932032931096757,0.8647074050685097,0.584885087766708
M3,3,cora_uniform_seed3_5734aa780c60,posthoc_probe_v2,z_degree_to_cn_residual,cross_leakage,z_degree,cn_residual,1,1,StandardScaler+Ridge,0.01;0.1;1.0;10.0;100.0,10.0,0.3714018050311225,512,263,512,0.022815579389635188,0.34076502708550516,0.04980399063314925
M3,3,cora_uniform_seed3_5734aa780c60,posthoc_probe_v2,z_degree_to_degree,target_retention,z_degree,degree,1,1,StandardScaler+Ridge,0.01;0.1;1.0;10.0;100.0,0.01,0.01870638714121365,512,263,512,0.9990643930838183,0.0195089291925781,0.9994761524263502
M3,3,cora_uniform_seed3_5734aa780c60,posthoc_probe_v2,z_cn_to_cn_residual,target_retention,z_cn,cn_residual,1,1,StandardScaler+Ridge,0.01;0.1;1.0;10.0;100.0,0.01,0.0469578526208704,512,263,512,0.8329950417809977,0.048298131692540616,0.9655723622069392
M3,3,cora_uniform_seed3_5734aa780c60,posthoc_probe_v2,z_cn_to_degree,cross_leakage,z_cn,degree,2,2,StandardScaler+Ridge,0.01;0.1;1.0;10.0;100.0,0.01,0.6689971903064398,512,263,512,0.5633118504621528,0.6561627879989689,0.7500693733852466
M3,3,cora_uniform_seed3_5734aa780c60,posthoc_probe_v2,z_residual_to_degree,cross_leakage,z_residual,degree,2,2,StandardScaler+Ridge,0.01;0.1;1.0;10.0;100.0,1.0,0.8717334253432247,512,263,512,0.3277369069002909,0.8802467024162817,0.5869334187474813
M3,3,cora_uniform_seed3_5734aa780c60,posthoc_probe_v2,z_degree_to_cn_residual,cross_leakage,z_degree,cn_residual,2,2,StandardScaler+Ridge,0.01;0.1;1.0;10.0;100.0,10.0,0.3760069560515244,512,263,512,0.02501837377959759,0.33729813787856383,0.051878791693379694
M3,3,cora_uniform_seed3_5734aa780c60,posthoc_probe_v2,z_degree_to_degree,target_retention,z_degree,degree,2,2,StandardScaler+Ridge,0.01;0.1;1.0;10.0;100.0,0.01,0.01711245986224018,512,263,512,0.9991613359251127,0.01914479793285576,0.9994684279797829
M3,3,cora_uniform_seed3_5734aa780c60,posthoc_probe_v2,z_cn_to_cn_residual,target_retention,z_cn,cn_residual,2,2,StandardScaler+Ridge,0.01;0.1;1.0;10.0;100.0,0.01,0.047215344634172804,512,263,512,0.9707666209632172,0.036990569062051816,0.986328982675217
M3,4,cora_uniform_seed4_cb4c9d211379,posthoc_probe_v2,z_cn_to_degree,cross_leakage,z_cn,degree,0,0,StandardScaler+Ridge,0.01;0.1;1.0;10.0;100.0,0.01,0.6894416244103263,512,263,512,0.5535459196009467,0.6596900169724714,0.748440625145812
M3,4,cora_uniform_seed4_cb4c9d211379,posthoc_probe_v2,z_residual_to_degree,cross_leakage,z_residual,degree,0,0,StandardScaler+Ridge,0.01;0.1;1.0;10.0;100.0,100.0,0.9651441238317171,512,263,512,-17.114317967049246,1.4518217258732762,0.3379581689650299
M3,4,cora_uniform_seed4_cb4c9d211379,posthoc_probe_v2,z_degree_to_cn_residual,cross_leakage,z_degree,cn_residual,0,0,StandardScaler+Ridge,0.01;0.1;1.0;10.0;100.0,100.0,0.38091246738345425,512,263,512,0.029052473106399912,0.3423593183171183,0.0473265762321863
M3,4,cora_uniform_seed4_cb4c9d211379,posthoc_probe_v2,z_degree_to_degree,target_retention,z_degree,degree,0,0,StandardScaler+Ridge,0.01;0.1;1.0;10.0;100.0,0.01,0.02462143189572832,512,263,512,0.9988947977842287,0.026586589982389615,0.9986362030874375
M3,4,cora_uniform_seed4_cb4c9d211379,posthoc_probe_v2,z_cn_to_cn_residual,target_retention,z_cn,cn_residual,0,0,StandardScaler+Ridge,0.01;0.1;1.0;10.0;100.0,0.1,0.04514276651906964,512,263,512,0.9683252843999032,0.037783657012962664,0.9823469935894337
M3,4,cora_uniform_seed4_cb4c9d211379,posthoc_probe_v2,z_cn_to_degree,cross_leakage,z_cn,degree,1,1,StandardScaler+Ridge,0.01;0.1;1.0;10.0;100.0,0.01,0.6699376315932657,512,263,512,0.5503529411584799,0.6777890915028467,0.7355558966307659
M3,4,cora_uniform_seed4_cb4c9d211379,posthoc_probe_v2,z_residual_to_degree,cross_leakage,z_residual,degree,1,1,StandardScaler+Ridge,0.01;0.1;1.0;10.0;100.0,100.0,0.9735510143818557,512,263,512,0.13543163756005472,0.9676141456307334,0.3649274685642995
M3,4,cora_uniform_seed4_cb4c9d211379,posthoc_probe_v2,z_degree_to_cn_residual,cross_leakage,z_degree,cn_residual,1,1,StandardScaler+Ridge,0.01;0.1;1.0;10.0;100.0,1.0,0.3643437571404084,512,263,512,-0.03657700885363324,0.3386590405130819,0.0011761554848824585
M3,4,cora_uniform_seed4_cb4c9d211379,posthoc_probe_v2,z_degree_to_degree,target_retention,z_degree,degree,1,1,StandardScaler+Ridge,0.01;0.1;1.0;10.0;100.0,0.01,0.02631194194639787,512,263,512,0.9989295071862787,0.0265077016455297,0.99880928831042
M3,4,cora_uniform_seed4_cb4c9d211379,posthoc_probe_v2,z_cn_to_cn_residual,target_retention,z_cn,cn_residual,1,1,StandardScaler+Ridge,0.01;0.1;1.0;10.0;100.0,0.1,0.045981341453088756,512,263,512,0.9643396622313716,0.0398815786181516,0.9827355891226794
M3,4,cora_uniform_seed4_cb4c9d211379,posthoc_probe_v2,z_cn_to_degree,cross_leakage,z_cn,degree,2,2,StandardScaler+Ridge,0.01;0.1;1.0;10.0;100.0,0.01,0.668953802837252,512,263,512,0.5494528310331842,0.670583352021866,0.7404648698894487
M3,4,cora_uniform_seed4_cb4c9d211379,posthoc_probe_v2,z_residual_to_degree,cross_leakage,z_residual,degree,2,2,StandardScaler+Ridge,0.01;0.1;1.0;10.0;100.0,100.0,1.058804939764093,512,263,512,0.10176170924038441,0.9857668829989503,0.3640739743073588
M3,4,cora_uniform_seed4_cb4c9d211379,posthoc_probe_v2,z_degree_to_cn_residual,cross_leakage,z_degree,cn_residual,2,2,StandardScaler+Ridge,0.01;0.1;1.0;10.0;100.0,0.01,0.3787580001007668,512,263,512,-0.013623186512251584,0.3438773876239718,0.05881586468762618
M3,4,cora_uniform_seed4_cb4c9d211379,posthoc_probe_v2,z_degree_to_degree,target_retention,z_degree,degree,2,2,StandardScaler+Ridge,0.01;0.1;1.0;10.0;100.0,0.01,0.027705689373492066,512,263,512,0.9988475302731067,0.027265960623603012,0.9985221096235205
M3,4,cora_uniform_seed4_cb4c9d211379,posthoc_probe_v2,z_cn_to_cn_residual,target_retention,z_cn,cn_residual,2,2,StandardScaler+Ridge,0.01;0.1;1.0;10.0;100.0,0.1,0.0434419521750639,512,263,512,0.9667986257476956,0.03938539420548957,0.9857631366126757
