model,model_seed,probe,role,metric,aggregation,mean,std,median,min,max,count
M0,0,z_cn_to_cn_residual,target_retention,mae,mean_over_probe_sample_seeds,0.1448090533472963,0.0019767981068377705,0.14433340874688552,0.14311347128840543,0.14698028000659796,3
M0,0,z_cn_to_cn_residual,target_retention,r2,mean_over_probe_sample_seeds,0.7802112020447544,0.004025301075665471,0.7788853752569187,0.7770160477557191,0.7847321831216252,3
M0,0,z_cn_to_cn_residual,target_retention,spearman,mean_over_probe_sample_seeds,0.8132002730205207,0.008162560129019085,0.8128809044134668,0.805202084400946,0.8215178302471491,3
M0,0,z_cn_to_degree,cross_leakage,mae,mean_over_probe_sample_seeds,0.9533403567832757,0.017660047705177543,0.9597496516897335,0.9333706268950963,0.9669007917649974,3
M0,0,z_cn_to_degree,cross_leakage,r2,mean_over_probe_sample_seeds,0.16113909050682984,0.114887717512125,0.21556468552850383,0.029152352581172214,0.23870023341081348,3
M0,0,z_cn_to_degree,cross_leakage,spearman,mean_over_probe_sample_seeds,0.3739555490523074,0.012707903902475034,0.37988070989359624,0.359367127872897,0.3826188093904288,3
M0,0,z_degree_to_cn_residual,cross_leakage,mae,mean_over_probe_sample_seeds,0.34307495911368296,0.005697661954373877,0.34305755178486075,0.3373860207671393,0.3487813047890489,3
M0,0,z_degree_to_cn_residual,cross_leakage,r2,mean_over_probe_sample_seeds,0.023191114398049256,0.013797800855888318,0.015916540535481305,0.014552826401970975,0.03910397625669548,3
M0,0,z_degree_to_cn_residual,cross_leakage,spearman,mean_over_probe_sample_seeds,0.07150905865243638,0.006410000487613865,0.073379091897566,0.06437199897957013,0.07677608508017303,3
M0,0,z_degree_to_degree,target_retention,mae,mean_over_probe_sample_seeds,0.02965113541435167,0.0017296421593035556,0.02970536553658586,0.027895015923042995,0.03135302478342616,3
M0,0,z_degree_to_degree,target_retention,r2,mean_over_probe_sample_seeds,0.9989752516117374,3.518978291400269e-05,0.998979145503468,0.9989382768336965,0.9990083324980479,3
M0,0,z_degree_to_degree,target_retention,spearman,mean_over_probe_sample_seeds,0.9992321036318272,0.00011140062371351693,0.9992564463560147,0.9991105445519672,0.9993293199874997,3
M0,0,z_residual_to_degree,cross_leakage,mae,mean_over_probe_sample_seeds,0.9451737551278003,0.01661271856448974,0.9358498982582424,0.9353173610730512,0.9643540060521075,3
M0,0,z_residual_to_degree,cross_leakage,r2,mean_over_probe_sample_seeds,0.20488487027633137,0.009954615907573381,0.1991412891147183,0.19913385189211463,0.21637946982216116,3
M0,0,z_residual_to_degree,cross_leakage,spearman,mean_over_probe_sample_seeds,0.4521886818464371,0.003417854178601641,0.45256256224356134,0.4485992591317305,0.4554042241640196,3
M0,1,z_cn_to_cn_residual,target_retention,mae,mean_over_probe_sample_seeds,0.14604702078452994,0.002450682866114768,0.14561733902531937,0.14383959481268804,0.14868412851558238,3
M0,1,z_cn_to_cn_residual,target_retention,r2,mean_over_probe_sample_seeds,0.7865971944419031,0.006041897411766125,0.7864040473073094,0.7806541864862298,0.7927333495321705,3
M0,1,z_cn_to_cn_residual,target_retention,spearman,mean_over_probe_sample_seeds,0.839963753345375,0.004208507613777809,0.8377815794708579,0.837294504629895,0.8448151759353721,3
M0,1,z_cn_to_degree,cross_leakage,mae,mean_over_probe_sample_seeds,0.9636836810862799,0.008431314079066927,0.963688142158622,0.9552501373561872,0.9721127637440306,3
M0,1,z_cn_to_degree,cross_leakage,r2,mean_over_probe_sample_seeds,0.18630642500635264,0.01349948401527011,0.18479508524035482,0.17362621167453018,0.2004979781041729,3
M0,1,z_cn_to_degree,cross_leakage,spearman,mean_over_probe_sample_seeds,0.3453718356933448,0.00848473768100556,0.3496190270138022,0.33560220851794104,0.35089427154829095,3
M0,1,z_degree_to_cn_residual,cross_leakage,mae,mean_over_probe_sample_seeds,0.3427327919139079,0.0020596347386312545,0.34258970481577455,0.3407484318129128,0.3448602391130364,3
M0,1,z_degree_to_cn_residual,cross_leakage,r2,mean_over_probe_sample_seeds,0.01755399813573122,0.003003410710329442,0.016726084294096055,0.01505138259935812,0.02088452751373948,3
M0,1,z_degree_to_cn_residual,cross_leakage,spearman,mean_over_probe_sample_seeds,0.025320939189384214,0.007467692371833424,0.02877495668528469,0.01675150749967941,0.030436353383188536,3
M0,1,z_degree_to_degree,target_retention,mae,mean_over_probe_sample_seeds,0.02884345461314507,0.0007624979502483984,0.02853604774501073,0.028282645005203288,0.02971167108922119,3
M0,1,z_degree_to_degree,target_retention,r2,mean_over_probe_sample_seeds,0.9984845867202715,0.00019787132327435766,0.9984602011035542,0.9983000384123193,0.9986935206449414,3
M0,1,z_degree_to_degree,target_retention,spearman,mean_over_probe_sample_seeds,0.9994339236780677,6.39617235747879e-05,0.9994574181365959,0.9993615372709027,0.9994828156267047,3
M0,1,z_residual_to_degree,cross_leakage,mae,mean_over_probe_sample_seeds,0.9448727552970121,0.017518363381332544,0.9492481576050036,0.9255814011255223,0.9597887071605102,3
M0,1,z_residual_to_degree,cross_leakage,r2,mean_over_probe_sample_seeds,0.20836278209619755,0.016308685085289303,0.20642404287070515,0.19311012418853835,0.22555417922934917,3
M0,1,z_residual_to_degree,cross_leakage,spearman,mean_over_probe_sample_seeds,0.462574425175233,0.02370177069716545,0.47437755663486675,0.4352885544534141,0.4780571644374182,3
M0,2,z_cn_to_cn_residual,target_retention,mae,mean_over_probe_sample_seeds,0.15193475137156154,0.0010085341390756153,0.15214694172784204,0.15083700476816783,0.15282030761867468,3
M0,2,z_cn_to_cn_residual,target_retention,r2,mean_over_probe_sample_seeds,0.7647997657023499,0.005337795856272785,0.7626010517523786,0.7609125098662286,0.7708857354884422,3
M0,2,z_cn_to_cn_residual,target_retention,spearman,mean_over_probe_sample_seeds,0.8272980901041341,0.002898832705074235,0.826963893941175,0.8245808397764394,0.8303495365947877,3
M0,2,z_cn_to_degree,cross_leakage,mae,mean_over_probe_sample_seeds,0.9440638488660259,0.0047465018576483145,0.9443868581670994,0.939164092572929,0.9486405958580493,3
M0,2,z_cn_to_degree,cross_leakage,r2,mean_over_probe_sample_seeds,0.20595437778954048,0.0024962635107974632,0.20630636708645655,0.20330080182728438,0.20825596445488048,3
M0,2,z_cn_to_degree,cross_leakage,spearman,mean_over_probe_sample_seeds,0.38431939448700875,0.011444175505485503,0.3899594199383367,0.3711499016931658,0.3918488618295238,3
M0,2,z_degree_to_cn_residual,cross_leakage,mae,mean_over_probe_sample_seeds,0.3464222309909297,0.0027478810002942652,0.34748537239162913,0.3433016164973298,0.3484797040838302,3
M0,2,z_degree_to_cn_residual,cross_leakage,r2,mean_over_probe_sample_seeds,0.029395621399864846,0.004827167816477124,0.02819994867046105,0.02527865934135154,0.03470825618778195,3
M0,2,z_degree_to_cn_residual,cross_leakage,spearman,mean_over_probe_sample_seeds,0.07282355529321662,0.006430761618458317,0.07227757316599807,0.0666831913353878,0.07950990137826397,3
M0,2,z_degree_to_degree,target_retention,mae,mean_over_probe_sample_seeds,0.03753244986721495,0.0017867469299562232,0.03787638542448306,0.03559873697618722,0.039122227200974566,3
M0,2,z_degree_to_degree,target_retention,r2,mean_over_probe_sample_seeds,0.9977231828133971,0.00016354376577380698,0.9977168867488078,0.9975628779992758,0.9978897836921078,3
M0,2,z_degree_to_degree,target_retention,spearman,mean_over_probe_sample_seeds,0.9986463788169045,0.00011298795652740299,0.9986583518915284,0.9985278811137767,0.9987529034454087,3
M0,2,z_residual_to_degree,cross_leakage,mae,mean_over_probe_sample_seeds,0.9972114086095223,0.028302259728015814,0.9951682084181228,0.9699861167444157,1.0264799006660283,3
M0,2,z_residual_to_degree,cross_leakage,r2,mean_over_probe_sample_seeds,0.05576847776686289,0.09165860173083214,0.09847924965688182,-0.0494507367615733,0.11827692040528015,3
M0,2,z_residual_to_degree,cross_leakage,spearman,mean_over_probe_sample_seeds,0.30202424986692505,0.023568536248511705,0.3095172486893541,0.27562014406441854,0.32093535684700264,3
M0,3,z_cn_to_cn_residual,target_retention,mae,mean_over_probe_sample_seeds,0.15888746809488166,0.017609948340911456,0.14903058138542347,0.14841326171434607,0.17921856118487547,3
M0,3,z_cn_to_cn_residual,target_retention,r2,mean_over_probe_sample_seeds,0.4427780478996885,0.5733456843811052,0.7731500852172468,-0.21926409834274274,0.7744481568245614,3
M0,3,z_cn_to_cn_residual,target_retention,spearman,mean_over_probe_sample_seeds,0.815560008157539,0.02594880685834318,0.8297457478012022,0.7856107569413736,0.8313235197300413,3
M0,3,z_cn_to_degree,cross_leakage,mae,mean_over_probe_sample_seeds,0.9737688179960556,0.03277758736164251,0.9582596422910383,0.9516240858736338,1.011422725823495,3
M0,3,z_cn_to_degree,cross_leakage,r2,mean_over_probe_sample_seeds,0.01104432995178517,0.30240176660876955,0.1806725787449004,-0.3380925542605713,0.1905529653710264,3
M0,3,z_cn_to_degree,cross_leakage,spearman,mean_over_probe_sample_seeds,0.3804918558804635,0.006356770237506724,0.3817748235502466,0.37359145653877923,0.38610928755236457,3
M0,3,z_degree_to_cn_residual,cross_leakage,mae,mean_over_probe_sample_seeds,0.3392971634893291,0.002453086710039151,0.34010808740778636,0.33654128960751617,0.3412421134526846,3
M0,3,z_degree_to_cn_residual,cross_leakage,r2,mean_over_probe_sample_seeds,0.013631240090672958,0.022782044854155734,0.025277736666395656,-0.012619707672913094,0.028235691278536312,3
M0,3,z_degree_to_cn_residual,cross_leakage,spearman,mean_over_probe_sample_seeds,0.05049245822819226,0.012425110343587321,0.053453491441278166,0.03685432759653844,0.06116955564676016,3
M0,3,z_degree_to_degree,target_retention,mae,mean_over_probe_sample_seeds,0.02493063623369812,0.00029116034179431903,0.024784932912649726,0.024741090769027724,0.025265885019416907,3
M0,3,z_degree_to_degree,target_retention,r2,mean_over_probe_sample_seeds,0.9990609910777409,0.00011394055972740117,0.9990243983728783,0.9989698425508308,0.9991887323095141,3
M0,3,z_degree_to_degree,target_retention,spearman,mean_over_probe_sample_seeds,0.9993777664509987,0.00015558966375222875,0.9993182554485479,0.9992607160466653,0.9995543278577833,3
M0,3,z_residual_to_degree,cross_leakage,mae,mean_over_probe_sample_seeds,0.8491205004516731,0.0049205229518216684,0.8510872356697502,0.8435208019883862,0.8527534636968829,3
M0,3,z_residual_to_degree,cross_leakage,r2,mean_over_probe_sample_seeds,0.3698244211987196,0.012894471024284305,0.3639933420730135,0.3608754645578385,0.3846044569653069,3
M0,3,z_residual_to_degree,cross_leakage,spearman,mean_over_probe_sample_seeds,0.6135784423980241,0.008043451612012753,0.6137461243456942,0.6054524607944743,0.621536742053904,3
M0,4,z_cn_to_cn_residual,target_retention,mae,mean_over_probe_sample_seeds,0.14011306810603144,0.002002507097309989,0.13987605244590987,0.13823961650944228,0.14222353536274224,3
M0,4,z_cn_to_cn_residual,target_retention,r2,mean_over_probe_sample_seeds,0.7962858899231965,0.002208452825672745,0.7973246745685382,0.7937495794741075,0.7977834157269436,3
M0,4,z_cn_to_cn_residual,target_retention,spearman,mean_over_probe_sample_seeds,0.8436852040025292,0.0005412901547264188,0.8435364330689489,0.843233856230314,0.8442853227083246,3
M0,4,z_cn_to_degree,cross_leakage,mae,mean_over_probe_sample_seeds,0.9395823890264948,0.010346657446720595,0.9363366530040252,0.9312477363335527,0.9511627777419065,3
M0,4,z_cn_to_degree,cross_leakage,r2,mean_over_probe_sample_seeds,0.20784612403818037,0.004851021371119755,0.20631133584634265,0.20394814277431228,0.21327889349388618,3
M0,4,z_cn_to_degree,cross_leakage,spearman,mean_over_probe_sample_seeds,0.3669897422062929,0.01715608674542415,0.37296275958021163,0.347645556116821,0.38036091092184593,3
M0,4,z_degree_to_cn_residual,cross_leakage,mae,mean_over_probe_sample_seeds,0.34160781491457737,0.0026372340300382345,0.34077411735403995,0.3394881868839217,0.34456114050577047,3
M0,4,z_degree_to_cn_residual,cross_leakage,r2,mean_over_probe_sample_seeds,0.009657671290072592,0.028100868473317553,0.02215242800411865,-0.022523653930998977,0.029344239797098104,3
M0,4,z_degree_to_cn_residual,cross_leakage,spearman,mean_over_probe_sample_seeds,0.032687560288980795,0.020103476478565925,0.03450629995466578,0.011736511233937354,0.051819869678339264,3
M0,4,z_degree_to_degree,target_retention,mae,mean_over_probe_sample_seeds,0.034743489453656844,0.0008397899955340669,0.034580719933812176,0.03399699934431676,0.03565274908284159,3
M0,4,z_degree_to_degree,target_retention,r2,mean_over_probe_sample_seeds,0.9977804211561399,0.00010008596677173302,0.9978236831450575,0.9976659812128625,0.9978515991104996,3
M0,4,z_degree_to_degree,target_retention,spearman,mean_over_probe_sample_seeds,0.9993468381214424,0.00012635622602270096,0.9992874042836046,0.9992611574232082,0.9994919526575143,3
M0,4,z_residual_to_degree,cross_leakage,mae,mean_over_probe_sample_seeds,0.9741742182328273,0.014679502783646107,0.976479950661981,0.9584782952402229,0.9875644087962782,3
M0,4,z_residual_to_degree,cross_leakage,r2,mean_over_probe_sample_seeds,0.09818377337778043,0.010380719409702146,0.09574864147322115,0.08923709145240011,0.10956558720772003,3
M0,4,z_residual_to_degree,cross_leakage,spearman,mean_over_probe_sample_seeds,0.37188469198956353,0.0174483246182967,0.3703525182083642,0.3552529811858108,0.3900485765745155,3
M1,0,z_cn_to_cn_residual,target_retention,mae,mean_over_probe_sample_seeds,0.06005822159934828,0.004087237425189958,0.060889907667115634,0.055619104589784515,0.0636656525411447,3
M1,0,z_cn_to_cn_residual,target_retention,r2,mean_over_probe_sample_seeds,0.9222170306498091,0.011801406469896364,0.9234590137554788,0.9098437498245968,0.9333483283693514,3
M1,0,z_cn_to_cn_residual,target_retention,spearman,mean_over_probe_sample_seeds,0.9672833483114708,0.005857766085628449,0.9670865621905379,0.961526454877589,0.9732370278662852,3
M1,0,z_cn_to_degree,cross_leakage,mae,mean_over_probe_sample_seeds,0.7162806223383974,0.016971289393086033,0.7179641756343783,0.6985303005167802,0.7323473908640332,3
M1,0,z_cn_to_degree,cross_leakage,r2,mean_over_probe_sample_seeds,0.47689199799894744,0.08503321835561836,0.5208916434176587,0.378874600833516,0.5309097497456676,3
M1,0,z_cn_to_degree,cross_leakage,spearman,mean_over_probe_sample_seeds,0.7305310808698735,0.004374360562152378,0.7329306829188154,0.7254820639729488,0.7331804957178562,3
M1,0,z_degree_to_cn_residual,cross_leakage,mae,mean_over_probe_sample_seeds,0.3452710803039791,0.007003235726295864,0.3451553882375784,0.33832640735131475,0.35233144532304417,3
M1,0,z_degree_to_cn_residual,cross_leakage,r2,mean_over_probe_sample_seeds,0.0059775662410200825,0.024173280202638276,0.0010835001553821666,-0.015374215048335582,0.03222341361601366,3
M1,0,z_degree_to_cn_residual,cross_leakage,spearman,mean_over_probe_sample_seeds,0.058942220595004036,0.015239051316216671,0.05235473237041453,0.04810506119101731,0.07636686822358026,3
M1,0,z_degree_to_degree,target_retention,mae,mean_over_probe_sample_seeds,0.03025622438497812,0.0019843402579739775,0.030058155856579914,0.02837834618197999,0.03233217111637446,3
M1,0,z_degree_to_degree,target_retention,r2,mean_over_probe_sample_seeds,0.9988473605973599,0.00011383398453576709,0.9988860718792237,0.9987192196011284,0.9989367903117273,3
M1,0,z_degree_to_degree,target_retention,spearman,mean_over_probe_sample_seeds,0.9991143079483278,6.861626969271226e-05,0.9991451607197376,0.9990356813067786,0.9991620818184673,3
M1,0,z_residual_to_degree,cross_leakage,mae,mean_over_probe_sample_seeds,0.9683968369126376,0.026925712215847723,0.9628684687848397,0.9446643827423505,0.997657659210722,3
M1,0,z_residual_to_degree,cross_leakage,r2,mean_over_probe_sample_seeds,0.15620197038697403,0.041536808302576486,0.14997565390514755,0.11812980137088847,0.20050045588488608,3
M1,0,z_residual_to_degree,cross_leakage,spearman,mean_over_probe_sample_seeds,0.4480789178357217,0.007826428356608864,0.44612212030136233,0.44141655823882026,0.45669807496698245,3
M1,1,z_cn_to_cn_residual,target_retention,mae,mean_over_probe_sample_seeds,0.046521895287467634,0.00029714084840420853,0.04653994065184331,0.04621614300209065,0.04680960220846893,3
M1,1,z_cn_to_cn_residual,target_retention,r2,mean_over_probe_sample_seeds,0.9538722877730855,0.0014849146051847133,0.9534880698368924,0.9526172430458818,0.9555115504364825,3
M1,1,z_cn_to_cn_residual,target_retention,spearman,mean_over_probe_sample_seeds,0.9819130329444171,0.0004919649985252272,0.9821393670586384,0.9813486351133907,0.9822510966612223,3
M1,1,z_cn_to_degree,cross_leakage,mae,mean_over_probe_sample_seeds,0.7328923961757012,0.014828482322554095,0.7298335705865554,0.7198318611464575,0.7490117567940906,3
M1,1,z_cn_to_degree,cross_leakage,r2,mean_over_probe_sample_seeds,0.4688352168387218,0.011629853439281822,0.47440483697506064,0.45546796897617625,0.4766328445649287,3
M1,1,z_cn_to_degree,cross_leakage,spearman,mean_over_probe_sample_seeds,0.7087203748583288,0.011810029089952247,0.7154167377580672,0.6950840531468879,0.7156603336700315,3
M1,1,z_degree_to_cn_residual,cross_leakage,mae,mean_over_probe_sample_seeds,0.3428182576207792,0.0023452999132605942,0.34382851686764077,0.3401371307837155,0.3444891252109813,3
M1,1,z_degree_to_cn_residual,cross_leakage,r2,mean_over_probe_sample_seeds,0.025344370899370177,0.00452689502869507,0.02275790677775391,0.022703720512580516,0.0305714854077761,3
M1,1,z_degree_to_cn_residual,cross_leakage,spearman,mean_over_probe_sample_seeds,0.04771568345607922,0.006366832664978917,0.050789492178937294,0.04039515279834578,0.05196240539095458,3
M1,1,z_degree_to_degree,target_retention,mae,mean_over_probe_sample_seeds,0.03275989946343785,0.0009137211217797755,0.033007671877517186,0.03174784496631884,0.03352418154647753,3
M1,1,z_degree_to_degree,target_retention,r2,mean_over_probe_sample_seeds,0.998393305491282,9.906978396336305e-05,0.9983397388902017,0.9983325514481848,0.9985076261354594,3
M1,1,z_degree_to_degree,target_retention,spearman,mean_over_probe_sample_seeds,0.9995352458054976,0.00010841604087350601,0.9995850458681425,0.9994108771698866,0.9996098143784637,3
M1,1,z_residual_to_degree,cross_leakage,mae,mean_over_probe_sample_seeds,0.9825240556736093,0.03415562633412256,0.9800387076150545,0.9496789885919377,1.0178544708138357,3
M1,1,z_residual_to_degree,cross_leakage,r2,mean_over_probe_sample_seeds,0.10397897462908386,0.050541613650904836,0.10672873979632769,0.05211861092384551,0.15308957316707839,3
M1,1,z_residual_to_degree,cross_leakage,spearman,mean_over_probe_sample_seeds,0.3952472294119742,0.05913192238058162,0.3842681410268491,0.3423742945782236,0.45909925263084983,3
M1,2,z_cn_to_cn_residual,target_retention,mae,mean_over_probe_sample_seeds,0.04237371936017063,0.0012909052904214594,0.042224239177631274,0.04116406145038724,0.043732857452493376,3
M1,2,z_cn_to_cn_residual,target_retention,r2,mean_over_probe_sample_seeds,0.9605325867646767,0.002074104975554496,0.9593961068708344,0.9592751154699748,0.962926537953221,3
M1,2,z_cn_to_cn_residual,target_retention,spearman,mean_over_probe_sample_seeds,0.9667649959660728,0.01614994741185115,0.957609244234464,0.9572734027915256,0.985412340872229,3
M1,2,z_cn_to_degree,cross_leakage,mae,mean_over_probe_sample_seeds,0.6443131963548566,0.004851668189695861,0.6465278487576529,0.6387493950582741,0.6476623452486427,3
M1,2,z_cn_to_degree,cross_leakage,r2,mean_over_probe_sample_seeds,0.5797393289518568,0.014474914070983697,0.5830494316794456,0.5638960588023244,0.5922724963738004,3
M1,2,z_cn_to_degree,cross_leakage,spearman,mean_over_probe_sample_seeds,0.7793899994667915,0.010326204296425,0.7815369579208209,0.7681590883685305,0.7884739521110231,3
M1,2,z_degree_to_cn_residual,cross_leakage,mae,mean_over_probe_sample_seeds,0.3462047725175566,0.002286214094494116,0.34715839325745435,0.3435961247947144,0.34785979950050105,3
M1,2,z_degree_to_cn_residual,cross_leakage,r2,mean_over_probe_sample_seeds,0.023377051454586278,0.012109443760898429,0.03031994514680303,0.00939438210192356,0.03041682711503224,3
M1,2,z_degree_to_cn_residual,cross_leakage,spearman,mean_over_probe_sample_seeds,0.08342261940197332,0.010125120930377145,0.07854801096629052,0.07665684161953683,0.09506300562009261,3
M1,2,z_degree_to_degree,target_retention,mae,mean_over_probe_sample_seeds,0.02974385129038053,0.0009469408908619144,0.029777863996563087,0.028780362289455727,0.030673327585122777,3
M1,2,z_degree_to_degree,target_retention,r2,mean_over_probe_sample_seeds,0.9982842109893865,4.945134281364702e-05,0.9983082444477394,0.9982273363738825,0.9983170521465375,3
M1,2,z_degree_to_degree,target_retention,spearman,mean_over_probe_sample_seeds,0.9996168899747665,1.8689809873709945e-05,0.9996100156604039,0.9996026108443952,0.9996380434195005,3
M1,2,z_residual_to_degree,cross_leakage,mae,mean_over_probe_sample_seeds,0.9979800981578144,0.02398901066125922,1.0018803787675528,0.9722799369923232,1.0197799787135673,3
M1,2,z_residual_to_degree,cross_leakage,r2,mean_over_probe_sample_seeds,-0.0794444902148889,0.1905794466607283,-0.1468955111510981,-0.2271254165689287,0.13568745707536012,3
M1,2,z_residual_to_degree,cross_leakage,spearman,mean_over_probe_sample_seeds,0.3476891300238876,0.021781525105105583,0.35254222638794597,0.32389039366036393,0.36663477002335315,3
M1,3,z_cn_to_cn_residual,target_retention,mae,mean_over_probe_sample_seeds,0.04167028786402871,0.001098116357772888,0.04221664132575519,0.04040616060142686,0.04238806166490405,3
M1,3,z_cn_to_cn_residual,target_retention,r2,mean_over_probe_sample_seeds,0.9609605479131899,0.005309476252172624,0.9635279822028648,0.954855342517974,0.9644983190187305,3
M1,3,z_cn_to_cn_residual,target_retention,spearman,mean_over_probe_sample_seeds,0.9872355923689895,0.0009445756925285702,0.9873913569717288,0.9862228163408703,0.9880926037943697,3
M1,3,z_cn_to_degree,cross_leakage,mae,mean_over_probe_sample_seeds,0.6790536008511103,0.01298880527627583,0.6725154912560246,0.6706329634073239,0.6940123478899827,3
M1,3,z_cn_to_degree,cross_leakage,r2,mean_over_probe_sample_seeds,0.5381059642569753,0.005679754134865498,0.535788291030285,0.5339515250311385,0.5445780767095023,3
M1,3,z_cn_to_degree,cross_leakage,spearman,mean_over_probe_sample_seeds,0.7299995015799685,0.008039962368838596,0.7268365110520689,0.724022054253671,0.7391399394341656,3
M1,3,z_degree_to_cn_residual,cross_leakage,mae,mean_over_probe_sample_seeds,0.3392639816883713,0.0024235090408501,0.3400954939084424,0.33653417358194787,0.3411622775747235,3
M1,3,z_degree_to_cn_residual,cross_leakage,r2,mean_over_probe_sample_seeds,0.013801070730916335,0.022718945730509466,0.025302170693244586,-0.012368686380991978,0.028469727880496398,3
M1,3,z_degree_to_cn_residual,cross_leakage,spearman,mean_over_probe_sample_seeds,0.05036698999006134,0.011553243663280525,0.052764290369546954,0.03780316702068071,0.06053351257995633,3
M1,3,z_degree_to_degree,target_retention,mae,mean_over_probe_sample_seeds,0.025678689779671398,0.0003250879992237825,0.025563068286806052,0.025427217548832422,0.026045783503375716,3
M1,3,z_degree_to_degree,target_retention,r2,mean_over_probe_sample_seeds,0.9990349281654839,0.00011601684797810913,0.9989971649292074,0.9989424977784105,0.9991651217888337,3
M1,3,z_degree_to_degree,target_retention,spearman,mean_over_probe_sample_seeds,0.9993823590423702,0.00016408706299640276,0.9993182554485479,0.9992600003111846,0.9995688213673779,3
M1,3,z_residual_to_degree,cross_leakage,mae,mean_over_probe_sample_seeds,0.8502071302532341,0.00668604137216198,0.852916283377479,0.8425916818474859,0.8551134255347377,3
M1,3,z_residual_to_degree,cross_leakage,r2,mean_over_probe_sample_seeds,0.3655062740747022,0.01414023480753035,0.3579562117480811,0.3567436156757291,0.38181899480029635,3
M1,3,z_residual_to_degree,cross_leakage,spearman,mean_over_probe_sample_seeds,0.6086669660268879,0.005576330588253432,0.6065156097853852,0.6044867700461122,0.6149985182491661,3
M1,4,z_cn_to_cn_residual,target_retention,mae,mean_over_probe_sample_seeds,0.03923485081765434,0.0013818662855011403,0.03959418156505387,0.03770881421302133,0.04040155667488781,3
M1,4,z_cn_to_cn_residual,target_retention,r2,mean_over_probe_sample_seeds,0.9676937333639982,0.001942720406689408,0.9673331188107641,0.9659565864856057,0.9697914947956252,3
M1,4,z_cn_to_cn_residual,target_retention,spearman,mean_over_probe_sample_seeds,0.9883562240685074,0.0005867998129725663,0.9881080496033147,0.9879342883193309,0.989026334282877,3
M1,4,z_cn_to_degree,cross_leakage,mae,mean_over_probe_sample_seeds,0.6884639297683356,0.011215889188603785,0.6834108066928621,0.6806635541667686,0.7013174284453758,3
M1,4,z_cn_to_degree,cross_leakage,r2,mean_over_probe_sample_seeds,0.5306493755999305,0.011244488508365865,0.528669445695831,0.520526355804582,0.5427523252993789,3
M1,4,z_cn_to_degree,cross_leakage,spearman,mean_over_probe_sample_seeds,0.7499199440673693,0.012702841846307407,0.7477435601784425,0.7384459026973176,0.7635703693263478,3
M1,4,z_degree_to_cn_residual,cross_leakage,mae,mean_over_probe_sample_seeds,0.3414302828835067,0.002212137239270738,0.34015496282881874,0.34015124777756744,0.3439846380441338,3
M1,4,z_degree_to_cn_residual,cross_leakage,r2,mean_over_probe_sample_seeds,0.011400661457716121,0.03067368421026881,0.026691427258762612,-0.023912740236071928,0.03142329735045768,3
M1,4,z_degree_to_cn_residual,cross_leakage,spearman,mean_over_probe_sample_seeds,0.03788547301866494,0.026113463601068705,0.03902092518163442,0.011222804083563026,0.06341268979079738,3
M1,4,z_degree_to_degree,target_retention,mae,mean_over_probe_sample_seeds,0.03289703248248011,0.0005239628058536106,0.03305644478792691,0.032311878202277655,0.03332277445723578,3
M1,4,z_degree_to_degree,target_retention,r2,mean_over_probe_sample_seeds,0.9981089105393638,3.287500805814171e-05,0.998106269942827,0.9980774354630763,0.9981430262121883,3
M1,4,z_degree_to_degree,target_retention,spearman,mean_over_probe_sample_seeds,0.9994536767786372,0.00015292374451919343,0.9993932462860867,0.999340202121595,0.9996275819282298,3
M1,4,z_residual_to_degree,cross_leakage,mae,mean_over_probe_sample_seeds,0.9517413835831249,0.0009400554391516227,0.9519725719244159,0.9507073025090251,0.9525442763159335,3
M1,4,z_residual_to_degree,cross_leakage,r2,mean_over_probe_sample_seeds,0.16221351340432622,0.007985069592878341,0.16605372050318168,0.15303386830728438,0.16755295140251258,3
M1,4,z_residual_to_degree,cross_leakage,spearman,mean_over_probe_sample_seeds,0.39895064787599827,0.001983526284495616,0.39995716881154125,0.3966656570060558,0.4002291178103977,3
M2,0,z_cn_to_cn_residual,target_retention,mae,mean_over_probe_sample_seeds,0.05998715296548998,0.007671750255315958,0.05626132358373499,0.054889866614480906,0.06881026869825405,3
M2,0,z_cn_to_cn_residual,target_retention,r2,mean_over_probe_sample_seeds,0.8399102419645827,0.16036484256797431,0.9320271371700332,0.6547376651544609,0.932965923569254,3
M2,0,z_cn_to_cn_residual,target_retention,spearman,mean_over_probe_sample_seeds,0.9738566662904407,0.001095753996025576,0.9743215473586301,0.9726051128999187,0.9746433386127732,3
M2,0,z_cn_to_degree,cross_leakage,mae,mean_over_probe_sample_seeds,0.7537549536968379,0.02435370424881174,0.7613437911024272,0.7265103735710969,0.7734106964169895,3
M2,0,z_cn_to_degree,cross_leakage,r2,mean_over_probe_sample_seeds,0.3953206725905269,0.13291203047223762,0.47083243322024926,0.2418535639993975,0.47327602055193396,3
M2,0,z_cn_to_degree,cross_leakage,spearman,mean_over_probe_sample_seeds,0.6978682858753995,0.013670461384288912,0.7056197824730063,0.6820838332040667,0.7059012419491257,3
M2,0,z_degree_to_cn_residual,cross_leakage,mae,mean_over_probe_sample_seeds,0.34630995257893565,0.009294604034480226,0.3448659847760004,0.33782183974389496,0.35624203321691156,3
M2,0,z_degree_to_cn_residual,cross_leakage,r2,mean_over_probe_sample_seeds,-0.01841406752720905,0.033118232798766314,-0.016749655379125983,-0.05233312360037057,0.013840576397869397,3
M2,0,z_degree_to_cn_residual,cross_leakage,spearman,mean_over_probe_sample_seeds,0.030410573570514996,0.032747215560307213,0.029400063037458676,-0.0018196912947672328,0.06365134896885355,3
M2,0,z_degree_to_degree,target_retention,mae,mean_over_probe_sample_seeds,0.03638958377308355,0.0020804323786171963,0.03709429120295129,0.03404832597280125,0.038026134143498126,3
M2,0,z_degree_to_degree,target_retention,r2,mean_over_probe_sample_seeds,0.9983523067322327,0.00010847656583620139,0.9983685753114411,0.9982366147123927,0.9984517301728647,3
M2,0,z_degree_to_degree,target_retention,spearman,mean_over_probe_sample_seeds,0.9987935878908618,0.0001819864594442549,0.9987285714911451,0.9986530390993936,0.9989991530820466,3
M2,0,z_residual_to_degree,cross_leakage,mae,mean_over_probe_sample_seeds,0.96072018447098,0.02158774735331851,0.9638088388226627,0.9377544661985597,0.9805972483917172,3
M2,0,z_residual_to_degree,cross_leakage,r2,mean_over_probe_sample_seeds,0.14973152887746854,0.049419098145700814,0.1775675055620487,0.09267288612375302,0.17895419494660392,3
M2,0,z_residual_to_degree,cross_leakage,spearman,mean_over_probe_sample_seeds,0.41716555537061195,0.023091270545837185,0.4145998595989626,0.39546428527626265,0.4414325212366105,3
M2,1,z_cn_to_cn_residual,target_retention,mae,mean_over_probe_sample_seeds,0.048841702437349865,0.00040042090750272414,0.048709110864030916,0.04852439490131921,0.049291601546699475,3
M2,1,z_cn_to_cn_residual,target_retention,r2,mean_over_probe_sample_seeds,0.9568400605502353,0.000979007545467821,0.9563629642621831,0.9561910614431092,0.9579661559454138,3
M2,1,z_cn_to_cn_residual,target_retention,spearman,mean_over_probe_sample_seeds,0.9828696760480766,0.00020501170592735144,0.9829390400966055,0.9826389805774723,0.9830310074701519,3
M2,1,z_cn_to_degree,cross_leakage,mae,mean_over_probe_sample_seeds,0.6818988832021907,0.017355636650999536,0.6837495661287165,0.6636920674647052,0.6982550160131504,3
M2,1,z_cn_to_degree,cross_leakage,r2,mean_over_probe_sample_seeds,0.5523574633083131,0.01581472426587914,0.554918988202568,0.5354183342072888,0.5667350675150826,3
M2,1,z_cn_to_degree,cross_leakage,spearman,mean_over_probe_sample_seeds,0.7682406472468225,0.024301995805825753,0.7802572504626148,0.7402712906662702,0.7841934006115827,3
M2,1,z_degree_to_cn_residual,cross_leakage,mae,mean_over_probe_sample_seeds,0.3430398582477722,0.002145346231224937,0.34368689641849415,0.3406454657582524,0.3447872125665702,3
M2,1,z_degree_to_cn_residual,cross_leakage,r2,mean_over_probe_sample_seeds,0.02319356077969048,0.0038704823048924196,0.021282605787142583,0.02065020682320373,0.027647869728725127,3
M2,1,z_degree_to_cn_residual,cross_leakage,spearman,mean_over_probe_sample_seeds,0.039447180261205785,0.004321909187850109,0.04122290651367251,0.03452025830459515,0.042598375965349676,3
M2,1,z_degree_to_degree,target_retention,mae,mean_over_probe_sample_seeds,0.032130877047989094,0.0005277238680296854,0.03203962466388711,0.03165473007794281,0.03269827640213736,3
M2,1,z_degree_to_degree,target_retention,r2,mean_over_probe_sample_seeds,0.9981670394367606,0.00012238938759105984,0.9981318988932659,0.9980660642790427,0.9983031551379731,3
M2,1,z_degree_to_degree,target_retention,spearman,mean_over_probe_sample_seeds,0.9994474771076861,3.5368309596340376e-05,0.9994319014242132,0.9994225699056549,0.9994879599931902,3
M2,1,z_residual_to_degree,cross_leakage,mae,mean_over_probe_sample_seeds,0.9796155214072936,0.004628923885964123,0.9801554918672648,0.9747402934835057,0.9839507788711099,3
M2,1,z_residual_to_degree,cross_leakage,r2,mean_over_probe_sample_seeds,0.10314760963885579,0.03903850984725196,0.09523922098749471,0.0686687674881108,0.14553484044096188,3
M2,1,z_residual_to_degree,cross_leakage,spearman,mean_over_probe_sample_seeds,0.39448720599689513,0.021413502063262285,0.40493458630771095,0.36985534091198335,0.408671690770991,3
M2,2,z_cn_to_cn_residual,target_retention,mae,mean_over_probe_sample_seeds,0.04216136386385638,0.001836443045296892,0.041590180500374704,0.04067838684956627,0.04421552424162818,3
M2,2,z_cn_to_cn_residual,target_retention,r2,mean_over_probe_sample_seeds,0.960542213159444,0.00588971881836526,0.9632993807825351,0.9537796431124925,0.9645476155833042,3
M2,2,z_cn_to_cn_residual,target_retention,spearman,mean_over_probe_sample_seeds,0.9852465034436352,0.0029410295120868633,0.9859260499411352,0.9820251825188493,0.9877882778709209,3
M2,2,z_cn_to_degree,cross_leakage,mae,mean_over_probe_sample_seeds,0.6532165944071612,0.006029590203024185,0.6526169741576063,0.6475092171964506,0.6595235918674267,3
M2,2,z_cn_to_degree,cross_leakage,r2,mean_over_probe_sample_seeds,0.5794456520694115,0.009777895231632427,0.5781661879799755,0.5703704747530667,0.589800293475192,3
M2,2,z_cn_to_degree,cross_leakage,spearman,mean_over_probe_sample_seeds,0.7921457639550619,0.011010163396376694,0.7967018597067884,0.7795888449524291,0.8001465872059683,3
M2,2,z_degree_to_cn_residual,cross_leakage,mae,mean_over_probe_sample_seeds,0.34506186194584504,0.004131428361651413,0.346880885917916,0.3403330484334528,0.3479716514861663,3
M2,2,z_degree_to_cn_residual,cross_leakage,r2,mean_over_probe_sample_seeds,0.03041069882495188,0.00393708645067561,0.028891337590157606,0.027459677918546976,0.03488108096615106,3
M2,2,z_degree_to_cn_residual,cross_leakage,spearman,mean_over_probe_sample_seeds,0.0768535905594651,0.014040832490184466,0.07354328018483729,0.06476369714973346,0.09225379434382452,3
M2,2,z_degree_to_degree,target_retention,mae,mean_over_probe_sample_seeds,0.03819728919891619,0.001489637145610299,0.03794065416879694,0.036852642806892974,0.03979857062105867,3
M2,2,z_degree_to_degree,target_retention,r2,mean_over_probe_sample_seeds,0.9976568428836262,7.02747595008006e-05,0.9976628630547656,0.9975837517023354,0.9977239138937778,3
M2,2,z_degree_to_degree,target_retention,spearman,mean_over_probe_sample_seeds,0.9993380501449924,0.00011101775627764855,0.9992836587953083,0.9992647165802145,0.9994657750594546,3
M2,2,z_residual_to_degree,cross_leakage,mae,mean_over_probe_sample_seeds,0.9730656555001681,0.01930110503812962,0.9703567437407782,0.9552621103488894,0.9935781124108369,3
M2,2,z_residual_to_degree,cross_leakage,r2,mean_over_probe_sample_seeds,0.10635561521731085,0.03930722381594622,0.09207746417219398,0.07618304850629143,0.15080633297344714,3
M2,2,z_residual_to_degree,cross_leakage,spearman,mean_over_probe_sample_seeds,0.3398449327425812,0.03709679029359634,0.34822602840726535,0.29927458589098094,0.37203418392949744,3
M2,3,z_cn_to_cn_residual,target_retention,mae,mean_over_probe_sample_seeds,0.04401700618238232,0.0018188689883302381,0.04382674458889975,0.04230074668676706,0.04592352727148017,3
M2,3,z_cn_to_cn_residual,target_retention,r2,mean_over_probe_sample_seeds,0.9529014210311324,0.004441960442879207,0.9522458694819845,0.9488236659976298,0.9576347276137828,3
M2,3,z_cn_to_cn_residual,target_retention,spearman,mean_over_probe_sample_seeds,0.9785108796444026,0.002224183610821271,0.9778946328296556,0.9766597965697252,0.9809782095338274,3
M2,3,z_cn_to_degree,cross_leakage,mae,mean_over_probe_sample_seeds,0.7226823898259725,0.018160742971442,0.7249659211304016,0.7034878764920046,0.7395933718555112,3
M2,3,z_cn_to_degree,cross_leakage,r2,mean_over_probe_sample_seeds,0.49571974387458023,0.02598165837129713,0.4916156502083925,0.4720343882919841,0.523509193123364,3
M2,3,z_cn_to_degree,cross_leakage,spearman,mean_over_probe_sample_seeds,0.7273966644466611,0.011898351378040347,0.7226266670361967,0.7186234326002584,0.7409398937035281,3
M2,3,z_degree_to_cn_residual,cross_leakage,mae,mean_over_probe_sample_seeds,0.34061148839149435,0.0011237774588981017,0.34079184484730896,0.3394084402526083,0.3416341800745659,3
M2,3,z_degree_to_cn_residual,cross_leakage,r2,mean_over_probe_sample_seeds,0.02313022265199168,0.010607070931957735,0.025919797374360565,0.011407141220302508,0.032063729361311966,3
M2,3,z_degree_to_cn_residual,cross_leakage,spearman,mean_over_probe_sample_seeds,0.04723221582387927,0.0023252122240156868,0.047758212863965026,0.044689062216550064,0.04924937239112273,3
M2,3,z_degree_to_degree,target_retention,mae,mean_over_probe_sample_seeds,0.02420738281558076,0.001961578892723513,0.025178949406290372,0.021949641416251407,0.025493557624200507,3
M2,3,z_degree_to_degree,target_retention,r2,mean_over_probe_sample_seeds,0.9992817130778353,6.073312023918127e-05,0.9993055181400676,0.9992126834852414,0.9993269376081967,3
M2,3,z_degree_to_degree,target_retention,spearman,mean_over_probe_sample_seeds,0.9991165391790743,0.0001333449559280434,0.9990611906671366,0.999019781590481,0.9992686452796055,3
M2,3,z_residual_to_degree,cross_leakage,mae,mean_over_probe_sample_seeds,0.9609450362439045,0.01633147476460804,0.9697507116161126,0.9421005182914153,0.9709838788241852,3
M2,3,z_residual_to_degree,cross_leakage,r2,mean_over_probe_sample_seeds,0.1550595447423205,0.01648181695596821,0.15089250526335762,0.14106117632600335,0.17322495263760052,3
M2,3,z_residual_to_degree,cross_leakage,spearman,mean_over_probe_sample_seeds,0.4005390524916659,0.032909807709641796,0.38226553116347145,0.380820757148425,0.43853086916310113,3
M2,4,z_cn_to_cn_residual,target_retention,mae,mean_over_probe_sample_seeds,0.05192820023641429,0.00297418291569534,0.051321368045733534,0.049304231827580466,0.05515900083592887,3
M2,4,z_cn_to_cn_residual,target_retention,r2,mean_over_probe_sample_seeds,0.9359010128389512,0.011313599305942019,0.9410855517036564,0.9229242382751212,0.9436932485380762,3
M2,4,z_cn_to_cn_residual,target_retention,spearman,mean_over_probe_sample_seeds,0.9749569907640753,0.0034707645062129573,0.9764390126951782,0.9709912450025466,0.9774407145945007,3
M2,4,z_cn_to_degree,cross_leakage,mae,mean_over_probe_sample_seeds,0.6928314856028358,0.003317630696418592,0.6912508911501642,0.6905997033596745,0.6966438622986689,3
M2,4,z_cn_to_degree,cross_leakage,r2,mean_over_probe_sample_seeds,0.5215944900263882,0.012361494587580882,0.5265301389261737,0.5075276968338733,0.5307256343191177,3
M2,4,z_cn_to_degree,cross_leakage,spearman,mean_over_probe_sample_seeds,0.7420955288112006,0.0019048255271149229,0.7429638097034752,0.7399112665099252,0.7434115102202012,3
M2,4,z_degree_to_cn_residual,cross_leakage,mae,mean_over_probe_sample_seeds,0.3406083925195446,0.002450583080694702,0.3400738100474482,0.3384692291807499,0.3432821383304358,3
M2,4,z_degree_to_cn_residual,cross_leakage,r2,mean_over_probe_sample_seeds,0.01522252828567631,0.028532692130536396,0.03154706610666569,-0.017723739876639888,0.03184425862700313,3
M2,4,z_degree_to_cn_residual,cross_leakage,spearman,mean_over_probe_sample_seeds,0.04421990615189642,0.024192628915485213,0.04996704322691317,0.017671221871838932,0.06502145335693717,3
M2,4,z_degree_to_degree,target_retention,mae,mean_over_probe_sample_seeds,0.032614110312977014,0.00029719318056824445,0.032496055522026626,0.0323940837955133,0.03295219162139111,3
M2,4,z_degree_to_degree,target_retention,r2,mean_over_probe_sample_seeds,0.9981035239262169,0.00010530220144224799,0.9981575006434871,0.9979821775307056,0.9981708936044581,3
M2,4,z_degree_to_degree,target_retention,spearman,mean_over_probe_sample_seeds,0.9994445380194156,4.240779041222304e-05,0.9994680424940962,0.9993955826176918,0.9994699889464586,3
M2,4,z_residual_to_degree,cross_leakage,mae,mean_over_probe_sample_seeds,0.9496506938856872,0.008280443646729453,0.9517207262884577,0.9405316210680187,0.9566997343005851,3
M2,4,z_residual_to_degree,cross_leakage,r2,mean_over_probe_sample_seeds,0.15035400667756568,0.054335440141049046,0.16001538986156627,0.09183594868013945,0.1992106814909913,3
M2,4,z_residual_to_degree,cross_leakage,spearman,mean_over_probe_sample_seeds,0.42345635674555987,0.020804342533935323,0.4354385475982866,0.39943359486692614,0.43549692777146704,3
M3,0,z_cn_to_cn_residual,target_retention,mae,mean_over_probe_sample_seeds,0.05908315099086895,0.0015906278380606231,0.05972220789487264,0.057272380900400245,0.060254864177333965,3
M3,0,z_cn_to_cn_residual,target_retention,r2,mean_over_probe_sample_seeds,0.9406759760986635,0.005865673060153638,0.9380592415328604,0.9365741081179458,0.9473945786451845,3
M3,0,z_cn_to_cn_residual,target_retention,spearman,mean_over_probe_sample_seeds,0.9766335452457682,0.005554268909180786,0.9739420392387654,0.9729377955292274,0.9830208009693119,3
M3,0,z_cn_to_degree,cross_leakage,mae,mean_over_probe_sample_seeds,0.7362865817290801,0.02710399644377193,0.7501388410978057,0.7050558679912888,0.7536650360981456,3
M3,0,z_cn_to_degree,cross_leakage,r2,mean_over_probe_sample_seeds,0.4751854126310266,0.05499394497708875,0.49273565666302244,0.41355836837036364,0.5192622128596935,3
M3,0,z_cn_to_degree,cross_leakage,spearman,mean_over_probe_sample_seeds,0.6970264414174251,0.02091202185501565,0.7045750437056157,0.6733881877289418,0.7131160928177176,3
M3,0,z_degree_to_cn_residual,cross_leakage,mae,mean_over_probe_sample_seeds,0.3444182968777246,0.005449683775953343,0.34450597112028525,0.3389253049432386,0.34982361456964994,3
M3,0,z_degree_to_cn_residual,cross_leakage,r2,mean_over_probe_sample_seeds,0.01905422894645518,0.012435244977305412,0.012261519485060934,0.011494779677654443,0.03340638767665016,3
M3,0,z_degree_to_cn_residual,cross_leakage,spearman,mean_over_probe_sample_seeds,0.07016922972952223,0.02062607989851633,0.06511847035717713,0.052537661623383074,0.09285155720800652,3
M3,0,z_degree_to_degree,target_retention,mae,mean_over_probe_sample_seeds,0.0332125702413801,0.0026593527854650058,0.03429196029873353,0.03018322763410408,0.035162522791302706,3
M3,0,z_degree_to_degree,target_retention,r2,mean_over_probe_sample_seeds,0.998627149617645,0.00012564953867778906,0.9985617854415707,0.9985476557281534,0.998772007683211,3
M3,0,z_degree_to_degree,target_retention,spearman,mean_over_probe_sample_seeds,0.9983557722897579,0.00014978040950072865,0.9983368867913172,0.998216330269671,0.9985140998082856,3
M3,0,z_residual_to_degree,cross_leakage,mae,mean_over_probe_sample_seeds,0.9469793392192186,0.010315906563063295,0.9467536470121773,0.9367781305677647,0.9574062400777138,3
M3,0,z_residual_to_degree,cross_leakage,r2,mean_over_probe_sample_seeds,0.16219786392584737,0.03388012805275653,0.1749039068352849,0.12380142767091062,0.18788825727134661,3
M3,0,z_residual_to_degree,cross_leakage,spearman,mean_over_probe_sample_seeds,0.3985968377417742,0.02606706312291098,0.40677819951570343,0.36942048824707874,0.4195918254625404,3
M3,1,z_cn_to_cn_residual,target_retention,mae,mean_over_probe_sample_seeds,0.04446747217931083,0.0002473624519901694,0.04458118547673916,0.044183701125708894,0.044637529935484435,3
M3,1,z_cn_to_cn_residual,target_retention,r2,mean_over_probe_sample_seeds,0.9578894829339815,0.0007732294036862465,0.9582984824253103,0.9569976526471692,0.9583723137294647,3
M3,1,z_cn_to_cn_residual,target_retention,spearman,mean_over_probe_sample_seeds,0.9832267457803122,0.0005428111791252841,0.983316934640642,0.9826444889414778,0.983718813758817,3
M3,1,z_cn_to_degree,cross_leakage,mae,mean_over_probe_sample_seeds,0.6947234952137203,0.014405568556590873,0.6977438294860231,0.6790472209517102,0.7073794352034276,3
M3,1,z_cn_to_degree,cross_leakage,r2,mean_over_probe_sample_seeds,0.5067881931544285,0.0056459382360357436,0.5061408722156722,0.5014938156863399,0.5127298915612735,3
M3,1,z_cn_to_degree,cross_leakage,spearman,mean_over_probe_sample_seeds,0.7610482252757156,0.003088089951312445,0.7599260434242404,0.758678133766571,0.7645404986363353,3
M3,1,z_degree_to_cn_residual,cross_leakage,mae,mean_over_probe_sample_seeds,0.34337422887251084,0.0022879105429121013,0.3441263458813578,0.3408049365328294,0.3451914042033455,3
M3,1,z_degree_to_cn_residual,cross_leakage,r2,mean_over_probe_sample_seeds,0.02324888654147117,0.004463807186428298,0.02225204583328355,0.019367774266449866,0.028126839524680092,3
M3,1,z_degree_to_cn_residual,cross_leakage,spearman,mean_over_probe_sample_seeds,0.05095317460179118,0.014833195015170131,0.05454355493948196,0.03465434519546092,0.06366162367043066,3
M3,1,z_degree_to_degree,target_retention,mae,mean_over_probe_sample_seeds,0.0302192821542918,0.00013894278517141652,0.030268537236882435,0.030062421673906284,0.030326887552086686,3
M3,1,z_degree_to_degree,target_retention,r2,mean_over_probe_sample_seeds,0.9985874560007378,6.153157163529839e-05,0.9985792018503091,0.9985304681345839,0.9986526980173203,3
M3,1,z_degree_to_degree,target_retention,spearman,mean_over_probe_sample_seeds,0.9992248839517149,6.350141769356335e-05,0.9992532426805876,0.9991521446443001,0.999269264530257,3
M3,1,z_residual_to_degree,cross_leakage,mae,mean_over_probe_sample_seeds,1.0173132470497688,0.032010080818437314,1.0192733802925482,0.9843681419917403,1.048298218865018,3
M3,1,z_residual_to_degree,cross_leakage,r2,mean_over_probe_sample_seeds,-0.9325283015386246,1.0731909160240494,-0.526287413558894,-2.149534832787122,-0.1217626582698581,3
M3,1,z_residual_to_degree,cross_leakage,spearman,mean_over_probe_sample_seeds,0.4149478208413344,0.035930163572532606,0.43539418879293285,0.3734606610700636,0.43598861266100686,3
M3,2,z_cn_to_cn_residual,target_retention,mae,mean_over_probe_sample_seeds,0.04547087381943219,0.0025601921329157346,0.04517852738099246,0.04306940422079232,0.0481646898565118,3
M3,2,z_cn_to_cn_residual,target_retention,r2,mean_over_probe_sample_seeds,0.956060039755097,0.003425306892851936,0.9567739015796211,0.9523340543342474,0.9590721633514226,3
M3,2,z_cn_to_cn_residual,target_retention,spearman,mean_over_probe_sample_seeds,0.9750999891644874,0.002683585781739279,0.9762650501498674,0.9720307726596092,0.9770041446839856,3
M3,2,z_cn_to_degree,cross_leakage,mae,mean_over_probe_sample_seeds,0.6536920140232322,0.008430410308332524,0.6571424133095469,0.6440837390575507,0.6598498897025988,3
M3,2,z_cn_to_degree,cross_leakage,r2,mean_over_probe_sample_seeds,0.5712774723246157,0.00794337198675346,0.5687032837125178,0.5649404389256778,0.5801886943356516,3
M3,2,z_cn_to_degree,cross_leakage,spearman,mean_over_probe_sample_seeds,0.7756777720137024,0.010730842890482827,0.774952383071378,0.7653280275794615,0.7867529053902674,3
M3,2,z_degree_to_cn_residual,cross_leakage,mae,mean_over_probe_sample_seeds,0.3458109964859514,0.004440793003575978,0.34769625700123097,0.3407385978216385,0.3489981346349847,3
M3,2,z_degree_to_cn_residual,cross_leakage,r2,mean_over_probe_sample_seeds,0.018775251179003583,0.01540584696760008,0.027253401415441858,0.000992511593019496,0.028079840528549393,3
M3,2,z_degree_to_cn_residual,cross_leakage,spearman,mean_over_probe_sample_seeds,0.07289651037877586,0.009279576285109304,0.0769905517230733,0.062273963184334154,0.07942501622892012,3
M3,2,z_degree_to_degree,target_retention,mae,mean_over_probe_sample_seeds,0.02721075539607203,0.0019024384532470948,0.026651034975530934,0.02565096703758952,0.029330264175095634,3
M3,2,z_degree_to_degree,target_retention,r2,mean_over_probe_sample_seeds,0.9985596360462384,6.405063691709255e-05,0.9985779596503422,0.998488420491367,0.9986125279970057,3
M3,2,z_degree_to_degree,target_retention,spearman,mean_over_probe_sample_seeds,0.9996035296656184,7.521142062325901e-05,0.9996066405660202,0.9995268110627681,0.9996771373680667,3
M3,2,z_residual_to_degree,cross_leakage,mae,mean_over_probe_sample_seeds,0.9949189216532054,0.03590468218327241,0.9815502585919261,0.9676164125150318,1.035590093852658,3
M3,2,z_residual_to_degree,cross_leakage,r2,mean_over_probe_sample_seeds,0.0478813197343699,0.17862900367916423,0.12569204225756903,-0.15645511342946983,0.17440703037501049,3
M3,2,z_residual_to_degree,cross_leakage,spearman,mean_over_probe_sample_seeds,0.3698662431080922,0.02180414541625772,0.3804520986269852,0.34479010265370774,0.38435652804358367,3
M3,3,z_cn_to_cn_residual,target_retention,mae,mean_over_probe_sample_seeds,0.041063973816027076,0.0062815613812835834,0.037903220693488796,0.036990569062051816,0.048298131692540616,3
M3,3,z_cn_to_cn_residual,target_retention,r2,mean_over_probe_sample_seeds,0.920158316425876,0.07581194752321593,0.9567132865334133,0.8329950417809977,0.9707666209632172,3
M3,3,z_cn_to_cn_residual,target_retention,spearman,mean_over_probe_sample_seeds,0.9805091035981149,0.013040214996554384,0.986328982675217,0.9655723622069392,0.9896259659121883,3
M3,3,z_cn_to_degree,cross_leakage,mae,mean_over_probe_sample_seeds,0.6759874993907858,0.02298063427125851,0.670624215486903,0.6561627879989689,0.7011754946864857,3
M3,3,z_cn_to_degree,cross_leakage,r2,mean_over_probe_sample_seeds,0.5207525431072693,0.04593280803944676,0.5268836878949048,0.47206209096475027,0.5633118504621528,3
M3,3,z_cn_to_degree,cross_leakage,spearman,mean_over_probe_sample_seeds,0.7396701732697407,0.010909477954485275,0.7406276168985021,0.7283135295254733,0.7500693733852466,3
M3,3,z_degree_to_cn_residual,cross_leakage,mae,mean_over_probe_sample_seeds,0.3396595037462085,0.0020463835259567865,0.34076502708550516,0.33729813787856383,0.3409153462745566,3
M3,3,z_degree_to_cn_residual,cross_leakage,r2,mean_over_probe_sample_seeds,0.024161574284153258,0.0011800677459233612,0.024650769683226992,0.022815579389635188,0.02501837377959759,3
M3,3,z_degree_to_cn_residual,cross_leakage,spearman,mean_over_probe_sample_seeds,0.0500441205059742,0.0017271714920098593,0.04980399063314925,0.04844957919139364,0.051878791693379694,3
M3,3,z_degree_to_degree,target_retention,mae,mean_over_probe_sample_seeds,0.019066899948968274,0.0004856862516033642,0.01914479793285576,0.01854697272147096,0.0195089291925781,3
M3,3,z_degree_to_degree,target_retention,r2,mean_over_probe_sample_seeds,0.9991644760093185,0.00010168933532628027,0.9991613359251127,0.9990643930838183,0.9992676990190242,3
M3,3,z_degree_to_degree,target_retention,spearman,mean_over_probe_sample_seeds,0.9994840391630383,2.0713062302286055e-05,0.9994761524263502,0.9994684279797829,0.9995075370829815,3
M3,3,z_residual_to_degree,cross_leakage,mae,mean_over_probe_sample_seeds,0.8674262814054616,0.011700356580644647,0.8647074050685097,0.8573247367315934,0.8802467024162817,3
M3,3,z_residual_to_degree,cross_leakage,r2,mean_over_probe_sample_seeds,0.3452168014809498,0.015832132557718443,0.34932032931096757,0.3277369069002909,0.35859316823159093,3
M3,3,z_residual_to_degree,cross_leakage,spearman,mean_over_probe_sample_seeds,0.59262082577586,0.011669812850925866,0.5869334187474813,0.584885087766708,0.6060439708133905,3
M3,4,z_cn_to_cn_residual,target_retention,mae,mean_over_probe_sample_seeds,0.039016876612201275,0.0010964363537396395,0.03938539420548957,0.037783657012962664,0.0398815786181516,3
M3,4,z_cn_to_cn_residual,target_retention,r2,mean_over_probe_sample_seeds,0.9664878574596568,0.0020109024626297927,0.9667986257476956,0.9643396622313716,0.9683252843999032,3
M3,4,z_cn_to_cn_residual,target_retention,spearman,mean_over_probe_sample_seeds,0.9836152397749296,0.0018702532559293514,0.9827355891226794,0.9823469935894337,0.9857631366126757,3
M3,4,z_cn_to_degree,cross_leakage,mae,mean_over_probe_sample_seeds,0.6693541534990614,0.00911193291625705,0.670583352021866,0.6596900169724714,0.6777890915028467,3
M3,4,z_cn_to_degree,cross_leakage,r2,mean_over_probe_sample_seeds,0.5511172305975368,0.0021509177729233525,0.5503529411584799,0.5494528310331842,0.5535459196009467,3
M3,4,z_cn_to_degree,cross_leakage,spearman,mean_over_probe_sample_seeds,0.7414871305553422,0.0065029085706616785,0.7404648698894487,0.7355558966307659,0.748440625145812,3
M3,4,z_degree_to_cn_residual,cross_leakage,mae,mean_over_probe_sample_seeds,0.341631915484724,0.0026841428432303562,0.3423593183171183,0.3386590405130819,0.3438773876239718,3
M3,4,z_degree_to_cn_residual,cross_leakage,r2,mean_over_probe_sample_seeds,-0.007049240753161638,0.033304951549554485,-0.013623186512251584,-0.03657700885363324,0.029052473106399912,3
M3,4,z_degree_to_cn_residual,cross_leakage,spearman,mean_over_probe_sample_seeds,0.03577286546823164,0.030507379329550024,0.0473265762321863,0.0011761554848824585,0.05881586468762618,3
M3,4,z_degree_to_degree,target_retention,mae,mean_over_probe_sample_seeds,0.026786750750507442,0.0004168781827792558,0.026586589982389615,0.0265077016455297,0.027265960623603012,3
M3,4,z_degree_to_degree,target_retention,r2,mean_over_probe_sample_seeds,0.9988906117478714,4.114845985686643e-05,0.9988947977842287,0.9988475302731067,0.9989295071862787,3
M3,4,z_degree_to_degree,target_retention,spearman,mean_over_probe_sample_seeds,0.9986558670071259,0.0001445956495039623,0.9986362030874375,0.9985221096235205,0.99880928831042,3
M3,4,z_residual_to_degree,cross_leakage,mae,mean_over_probe_sample_seeds,1.13506758483432,0.27446724734926947,0.9857668829989503,0.9676141456307334,1.4518217258732762,3
M3,4,z_residual_to_degree,cross_leakage,r2,mean_over_probe_sample_seeds,-5.625708206749603,9.949442149405032,0.10176170924038441,-17.114317967049246,0.13543163756005472,3
M3,4,z_residual_to_degree,cross_leakage,spearman,mean_over_probe_sample_seeds,0.3556532039455627,0.01533029061477206,0.3640739743073588,0.3379581689650299,0.3649274685642995,3
