candidate,baseline,probe,metric,paired_seed_count,mean,std,median,min,max,count,direction_lower_is_better,direction_higher_is_better
M1,M0,z_cn_to_degree,r2,5,0.36438630727074867,0.09662635181801256,0.32280325156175016,0.2825287918323692,0.5270616343051902,5,WORSE,IMPROVED
M1,M0,z_cn_to_degree,mae,5,-0.26268706965394617,0.03243241259420163,-0.25111845925815923,-0.2997506525111693,-0.23079128491057865,5,IMPROVED,WORSE
M1,M0,z_cn_to_degree,spearman,5,0.3694865047045829,0.018965770674601937,0.36334853916498405,0.349507645699505,0.3950706049797828,5,WORSE,IMPROVED
M1,M0,z_residual_to_degree,r2,5,-0.0457136164871389,0.07940140278072627,-0.04868289988935734,-0.1352129679817518,0.06402974002654578,5,MIXED,MIXED
M1,M0,z_residual_to_degree,mae,5,0.008059373372317036,0.023114758111594597,0.0010866298015610454,-0.02243283464970247,0.03765130037659725,5,MIXED,MIXED
M1,M0,z_residual_to_degree,spearman,5,-0.0007235200203426273,0.04298021024672046,-0.004109764010715444,-0.0673271957632588,0.04566488015696257,5,MIXED,MIXED
M1,M0,z_degree_to_cn_residual,r2,5,-0.0027057849061563758,0.009482613425580126,0.0001698306402433767,-0.017213548157029173,0.007790372763638958,5,UNCHANGED,UNCHANGED
M1,M0,z_degree_to_cn_residual,mae,5,0.00037068291835318234,0.0010275128200340552,-3.318180095779333e-05,-0.00021745847337312219,0.002196121190296163,5,UNCHANGED,UNCHANGED
M1,M0,z_degree_to_cn_residual,spearman,5,0.005099882961914517,0.012930392080404944,0.005197912729684145,-0.012566838057432347,0.022394744266695004,5,MIXED,MIXED
M1,M0,z_degree_to_degree,r2,5,0.00012885648071785382,0.0003020784565926068,-2.606291225704105e-05,-0.00012789101437749029,0.0005610281759893532,5,UNCHANGED,UNCHANGED
M1,M0,z_degree_to_degree,mae,5,-0.0008730936362237277,0.0043739131702859695,0.0006050889706264509,-0.007788598576834418,0.003916444850292782,5,UNCHANGED,UNCHANGED
M1,M0,z_degree_to_degree,spearman,5,0.00021309377007170394,0.00043313529077021196,0.00010132212742985924,-0.00011779568349945535,0.000970511157861953,5,UNCHANGED,UNCHANGED
M1,M0,z_cn_to_cn_residual,r2,5,0.2389208172905734,0.15727040160744787,0.17140784344080173,0.14200582860505473,0.5181825000135014,5,WORSE,IMPROVED
M1,M0,z_cn_to_cn_residual,mae,5,-0.10238647735512625,0.012174791180656844,-0.10087821728837709,-0.11721718023085295,-0.08475083174794801,5,IMPROVED,WORSE
M1,M0,z_cn_to_cn_residual,spearman,5,0.1503691730058719,0.01313372766421241,0.1446710200659782,0.13946690586193866,0.17167558421145046,5,WORSE,IMPROVED
M2,M0,z_cn_to_degree,r2,5,0.35442953491530627,0.09162003862757051,0.3660510383019605,0.23418158208369705,0.48467541392279506,5,WORSE,IMPROVED
M2,M0,z_cn_to_degree,mae,5,-0.25401095740462676,0.03588767620485857,-0.2510864281700831,-0.2908472544588647,-0.1995854030864378,5,IMPROVED,WORSE
M2,M0,z_cn_to_degree,spearman,5,0.3753237026031456,0.04113310457081226,0.3751057866049077,0.32391273682309213,0.4228688115534777,5,WORSE,IMPROVED
M2,M0,z_residual_to_degree,r2,5,-0.0544752039124741,0.11256012643635892,-0.055153341398862826,-0.2147648764563991,0.05217023329978525,5,MIXED,MIXED
M2,M0,z_residual_to_degree,mae,5,0.02268889075783964,0.0560445579159587,0.015546429343179624,-0.024523524347140113,0.1118245357922314,5,MIXED,MIXED
M2,M0,z_residual_to_degree,spearman,5,-0.04535147758577375,0.10613026019716891,-0.03502312647582517,-0.21303938990635818,0.05157166475599634,5,MIXED,MIXED
M2,M0,z_degree_to_cn_residual,r2,5,-0.003977340459857913,0.02124810773599349,0.0055648569956037175,-0.041605181925258305,0.00949898256131872,5,MIXED,MIXED
M2,M0,z_degree_to_cn_residual,mae,5,0.0004993186522329717,0.0018634494816234688,0.00030706633386434756,-0.0013603690450846861,0.003234993465252689,5,UNCHANGED,UNCHANGED
M2,M0,z_degree_to_cn_residual,spearman,5,-0.0029340210570497397,0.022391176448079225,0.004030035266248483,-0.04109848508192139,0.01412624107182157,5,MIXED,MIXED
M2,M0,z_degree_to_degree,r2,5,-9.260146452301221e-05,0.00038843790740811235,-6.633992977089775e-05,-0.0006229448795046499,0.0003231027700770772,5,UNCHANGED,UNCHANGED
M2,M0,z_degree_to_degree,mae,5,0.0015676155132959917,0.0035151850210671234,0.0006648393317012433,-0.0021293791406798296,0.006738448358731882,5,UNCHANGED,UNCHANGED
M2,M0,z_degree_to_degree,spearman,5,2.063632855791031e-05,0.0004320140750042352,1.3553429618395896e-05,-0.00043851574096542834,0.000691671328087895,5,UNCHANGED,UNCHANGED
M2,M0,z_cn_to_cn_residual,r2,5,0.21508456990649066,0.17267968313260343,0.17024286610833217,0.05969903991982839,0.5101233731314438,5,WORSE,IMPROVED
M2,M0,z_cn_to_cn_residual,mae,5,-0.09897118720376161,0.01312573581591872,-0.09720531834718008,-0.11487046191249933,-0.08482190038180631,5,IMPROVED,WORSE
M2,M0,z_cn_to_cn_residual,spearman,5,0.15114667751210648,0.013591896681747578,0.15794841333950105,0.13127178676154605,0.1629508714868636,5,WORSE,IMPROVED
M3,M0,z_cn_to_degree,r2,5,0.3705661009044377,0.08036784029508841,0.34327110655935644,0.31404632212419675,0.5097082131554841,5,WORSE,IMPROVED
M3,M0,z_cn_to_degree,mae,5,-0.2688790699804504,0.031563297271725556,-0.27022823552743347,-0.2977813186052698,-0.21705377505419554,5,IMPROVED,WORSE
M3,M0,z_cn_to_degree,spearman,5,0.3727562730425017,0.034800158441898384,0.37449738834904933,0.3230708923651177,0.4156763895823708,5,WORSE,IMPROVED
M3,M0,z_residual_to_degree,r2,5,-1.3879929695725903,2.4715602040862006,-0.042687006350484,-5.723891980127383,-0.007887158032492993,5,IMPROVED,WORSE
M3,M0,z_residual_to_degree,mae,5,0.05023054728862784,0.06867018658750729,0.018305780953788542,-0.002292486956316897,0.16089336660149256,5,MIXED,MIXED
M3,M0,z_residual_to_degree,spearman,5,-0.014113111972711867,0.048604779838724264,-0.02095761662216411,-0.053591844104662945,0.06784199324116713,5,MIXED,MIXED
M3,M0,z_degree_to_cn_residual,r2,5,-0.0030477890232938633,0.011246128193914021,-0.0041368854515940745,-0.01670691204323423,0.0105303341934803,5,UNCHANGED,UNCHANGED
M3,M0,z_degree_to_cn_residual,mae,5,0.0003519962089384654,0.0007249086121608328,0.00036234025687942317,-0.0006112345049782975,0.0013433377640416078,5,UNCHANGED,UNCHANGED
M3,M0,z_degree_to_cn_residual,spearman,5,0.005400465806416969,0.01143139226379619,7.29550855592398e-05,-0.0013398289229141491,0.02563223541240697,5,MIXED,MIXED
M3,M0,z_degree_to_degree,r2,5,0.00036097920850486354,0.0005964715907011741,0.00010348493157752436,-0.00034810199409240905,0.0011101905917315635,5,UNCHANGED,UNCHANGED
M3,M0,z_degree_to_degree,mae,5,-0.003840981418169401,0.00602165880258943,-0.005863736284729845,-0.010321694471142919,0.0035614348270284306,5,UNCHANGED,UNCHANGED
M3,M0,z_degree_to_degree,spearman,5,-0.00014258372439703848,0.0007271307229978743,-0.00020903972635277768,-0.0008763313420693253,0.0009571508487138392,5,UNCHANGED,UNCHANGED
M3,M0,z_cn_to_cn_residual,r2,5,0.23411991453227649,0.13644636571577526,0.17129228849207834,0.16046477405390913,0.4773802685261875,5,WORSE,IMPROVED
M3,M0,z_cn_to_cn_residual,mae,5,-0.10253780285729211,0.01156182206369875,-0.10157954860521912,-0.11782349427885458,-0.08572590235642735,5,IMPROVED,WORSE
M3,M0,z_cn_to_cn_residual,spearman,5,0.15187545898670285,0.011597032199368465,0.14780189906035324,0.13993003577240037,0.1649490954405759,5,WORSE,IMPROVED
