probe,role,representation,target,probe_seed,architecture,hyperparameter_candidates,selected_hyperparameter,validation_metric,train_count,valid_count,test_count,r2,mae,spearman
z_cn_to_degree,cross_leakage,z_cn,degree,0,StandardScaler+Ridge,0.01;0.1;1.0;10.0;100.0,0.01,0.9635250798298634,512,263,512,0.3276757391215285,0.875860845481292,0.7005851777970005
z_residual_to_degree,cross_leakage,z_residual,degree,0,StandardScaler+Ridge,0.01;0.1;1.0;10.0;100.0,100.0,1.1476614990049496,512,263,512,0.15122588307705453,0.9783554880460513,0.43316628086531744
z_degree_to_cn_residual,cross_leakage,z_degree,cn_residual,0,StandardScaler+Ridge,0.01;0.1;1.0;10.0;100.0,10.0,0.37027599328081706,512,263,512,0.007735159423033711,0.3355003409320933,0.017693482470855792
z_degree_to_degree,target_retention,z_degree,degree,0,StandardScaler+Ridge,0.01;0.1;1.0;10.0;100.0,0.01,0.6414888333693486,512,263,512,0.8796933478084809,0.4177289781464416,0.9916954348713308
z_cn_to_cn_residual,target_retention,z_cn,cn_residual,0,StandardScaler+Ridge,0.01;0.1;1.0;10.0;100.0,0.1,0.10839258750744252,512,263,512,0.8885479949375301,0.08811516292097056,0.9667405295278895
z_cn_to_degree,cross_leakage,z_cn,degree,1,StandardScaler+Ridge,0.01;0.1;1.0;10.0;100.0,0.01,0.9635250798298634,512,263,512,0.3276757391215285,0.875860845481292,0.7005851777970005
z_residual_to_degree,cross_leakage,z_residual,degree,1,StandardScaler+Ridge,0.01;0.1;1.0;10.0;100.0,100.0,1.1476614990049496,512,263,512,0.15122588307705453,0.9783554880460513,0.43316628086531744
z_degree_to_cn_residual,cross_leakage,z_degree,cn_residual,1,StandardScaler+Ridge,0.01;0.1;1.0;10.0;100.0,10.0,0.37027599328081706,512,263,512,0.007735159423033711,0.3355003409320933,0.017693482470855792
z_degree_to_degree,target_retention,z_degree,degree,1,StandardScaler+Ridge,0.01;0.1;1.0;10.0;100.0,0.01,0.6414888333693486,512,263,512,0.8796933478084809,0.4177289781464416,0.9916954348713308
z_cn_to_cn_residual,target_retention,z_cn,cn_residual,1,StandardScaler+Ridge,0.01;0.1;1.0;10.0;100.0,0.1,0.10839258750744252,512,263,512,0.8885479949375301,0.08811516292097056,0.9667405295278895
z_cn_to_degree,cross_leakage,z_cn,degree,2,StandardScaler+Ridge,0.01;0.1;1.0;10.0;100.0,0.01,0.9635250798298634,512,263,512,0.3276757391215285,0.875860845481292,0.7005851777970005
z_residual_to_degree,cross_leakage,z_residual,degree,2,StandardScaler+Ridge,0.01;0.1;1.0;10.0;100.0,100.0,1.1476614990049496,512,263,512,0.15122588307705453,0.9783554880460513,0.43316628086531744
z_degree_to_cn_residual,cross_leakage,z_degree,cn_residual,2,StandardScaler+Ridge,0.01;0.1;1.0;10.0;100.0,10.0,0.37027599328081706,512,263,512,0.007735159423033711,0.3355003409320933,0.017693482470855792
z_degree_to_degree,target_retention,z_degree,degree,2,StandardScaler+Ridge,0.01;0.1;1.0;10.0;100.0,0.01,0.6414888333693486,512,263,512,0.8796933478084809,0.4177289781464416,0.9916954348713308
z_cn_to_cn_residual,target_retention,z_cn,cn_residual,2,StandardScaler+Ridge,0.01;0.1;1.0;10.0;100.0,0.1,0.10839258750744252,512,263,512,0.8885479949375301,0.08811516292097056,0.9667405295278895
