dataset,method,n,seeds,rank,parameters,mrr_mean,hits10_mean,hits20_mean,mean_positive_rank_mean,mrr_std,hits10_std,hits20_std,mean_positive_rank_std,mean_train_seconds,mean_inference_seconds,peak_gpu_mb,fair_protocol
cora,B0_BASELINE,5,"0,1,2,3,4",5,24735,0.46594045724371885,0.7935483870967742,0.9791271347248577,5.868690702087287,0.1298717019678676,0.10866919369944075,0.031034966288038167,1.7031364238656599,149.02732985178008,8.042246694955974,58.923828125,YES
pubmed,B0_BASELINE,5,"0,1,2,3,4",5,9807,0.8431156367354253,0.9927797833935019,0.9998646209386282,1.6321750902527075,0.012571941194017468,0.0005752503963890859,0.00020181118930503804,0.06006434657528178,3504.83058542097,119.4033029725775,594.66259765625,YES
citeseer,B0_BASELINE,3,"0,1,2",4,61055,0.43857193059090305,0.7296703296703297,0.9802197802197803,6.745421245421245,0.09192491741595124,0.08599559361104991,0.02476797290018607,0.7975935407620519,95.5744325555861,6.719061622706552,80.15478515625,YES
cora,C1_COUNT_PARAM_MATCHED,5,"0,1,2,3,4",3,24810,0.6242373114969475,0.9096774193548388,0.991650853889943,3.6690702087286526,0.08596665308300691,0.030140330488899088,0.011113131282236297,0.7352550641523282,152.32237849542872,8.166026537213474,58.9453125,YES
pubmed,C2_CONSTANT_SET,5,"0,1,2,3,4",3,9882,0.8572053148148843,0.9912003610108304,0.9997292418772563,1.6050992779783393,0.0251851648804989,0.0011615106205987303,0.00037075082863617366,0.10982061680417414,3447.149187005963,106.58277655960993,762.07861328125,YES
cora,NCN,5,"0,1,2,3,4",1,764163,0.848105048019659,0.9893738140417458,1.0,1.6174573055028465,0.006706340864332814,0.0021635207307384064,0.0,0.01248628757219132,7.147127217240632,0.014362714998424054,140.00048828125,YES
pubmed,NCN,5,"0,1,2,3,4",2,525315,0.9303195120346786,0.9991425992779783,1.0,1.203835740072202,0.0018628734079999781,0.00018877708179920746,0.0,0.00569379433053701,52.246383853442964,0.0588018192909658,494.47998046875,YES
citeseer,NCN,5,"0,1,2,3,4",2,1411587,0.86939014930831,0.98989010989011,1.0,1.5556043956043957,0.007841451227825801,0.0012037858406706906,0.0,0.03886445160243078,20.85260474057868,0.015179197769612074,195.36279296875,YES
cora,NCNC,5,"0,1,2,3,4",2,830212,0.8434945922168268,0.993168880455408,1.0,1.5886148007590133,0.006660096129259056,0.0021635207307384064,0.0,0.038149384843651504,15.682824917323888,0.37576433895155786,142.31689453125,YES
pubmed,NCNC,5,"0,1,2,3,4",1,591364,0.9370930995022826,0.9992779783393502,1.0,1.1788808664259927,0.0018743531595511681,0.00018877708179920746,0.0,0.008580536180314199,139.17732341038064,3.968580109719187,546.29736328125,YES
citeseer,NCNC,5,"0,1,2,3,4",1,1477636,0.8858734836591979,0.9964835164835165,1.0,1.407032967032967,0.0040417688791567295,0.003333132063319351,0.0,0.025930340578026602,43.15105791436508,0.3401743629015982,203.361328125,YES
cora,NSLR-HMANN,5,"0,1,2,3,4",6,79393,0.3909376011546719,0.752561669829222,0.9806451612903226,6.612144212523719,0.034777595652838764,0.0393160455024638,0.010513772430508574,0.49262023271096916,98.9600388164632,0.011448354087769985,78.341796875,YES
pubmed,NSLR-HMANN,5,"0,1,2,3,4",6,79393,0.5226451617001289,0.8778429602888087,0.9740072202166065,4.61471119133574,0.021630450968215004,0.06188619175686297,0.03451996468309935,1.040711429087254,254.92329260595142,0.032227903883904216,1751.18701171875,YES
citeseer,NSLR-HMANN,5,"0,1,2,3,4",5,79393,0.36385716579885263,0.7054945054945054,0.9789010989010988,7.272967032967033,0.01486236066424293,0.021645841322628822,0.005938134543343432,0.332890500035503,70.77405739231035,0.008294365834444761,96.759765625,YES
cora,R-HSPE,5,"0,1,2,3,4",4,24810,0.6100535476808527,0.9104364326375711,0.991650853889943,3.775332068311195,0.0839628360024447,0.03069666863566326,0.011113131282236297,0.7100687411100163,146.69851251831278,8.192751836031675,71.06689453125,YES
pubmed,R-HSPE,5,"0,1,2,3,4",4,9882,0.8560636614766113,0.9911101083032492,0.9997292418772563,1.6078068592057762,0.02190243205516568,0.0015517823884521338,0.0004891580186976332,0.10648210790663187,2791.0108207447456,121.27349124737084,762.68994140625,YES
citeseer,R-HSPE,3,"0,1,2",3,61130,0.5273195932193366,0.8293040293040294,0.9934065934065934,5.0025641025641026,0.07174903286223369,0.053939516876776436,0.00439560439560438,0.261793054893648,93.99165083902578,6.199991205862413,96.31982421875,YES
