u,v,label,score_total,score_degree,score_cn,score_residual,score_interaction,interaction_share,degree_u,degree_v,degree_score,cn_raw,cn,cn_expected,cn_residual,quadrant,model_cn_expected,model_cn_residual,model_cn_normalized,cn_feature_mode,interaction_mode,rank
3,28,1,1.3312572240829468,0.5459166169166565,0.016048923134803772,0.7296323180198669,0.04065937176346779,0.030519159510731697,13,0,2.6390573296152584,0,0,0.07937666235849895,-0.07937666235849895,LL,0.07937666028738022,-0.07937666028738022,0.0,raw,unrestricted,4.0
3,10,1,1.297843337059021,0.385309100151062,0.1684054136276245,0.7026405334472656,0.04248832166194916,0.0327124297618866,13,5,4.430816798843313,2,2,0.3722654830952868,0.726346805572823,HH,0.372265487909317,0.7263468503952026,0.24806946516036987,raw,unrestricted,5.0
0,44,1,1.341166377067566,0.47583794593811035,0.1369640827178955,0.6936062574386597,0.03575816750526428,0.026642126962542534,11,1,3.1780538303479458,1,1,0.06561197821590224,0.627535202344043,HH,0.06561198085546494,0.6275352239608765,0.30151134729385376,raw,unrestricted,5.0
12,25,1,1.2085583209991455,0.5839574337005615,0.016048923134803772,0.567227303981781,0.04232464358210564,0.03499181568622589,4,1,2.3025850929940455,0,0,-0.0016422928486813544,0.0016422928486813544,LH,-0.0016422928310930729,0.0016422928310930729,0.0,raw,unrestricted,9.0
0,8,1,1.1734927892684937,0.42724597454071045,0.1378834843635559,0.5692673921585083,0.04009609296917915,0.03413907065987587,11,5,4.276666119016055,1,1,0.4882850044316028,0.2048621761283425,HH,0.48828500509262085,0.20486217737197876,0.1348399817943573,raw,unrestricted,7.0
14,40,1,1.0345473289489746,0.557462215423584,0.016048923134803772,0.4202011525630951,0.04183511435985565,0.040399033576250076,3,1,2.0794415416798357,0,0,-0.011688713276508111,0.011688713276508111,LH,-0.011688712984323502,0.011688712984323502,0.0,raw,unrestricted,11.0
11,17,1,1.353877067565918,0.5357378721237183,0.1369640827178955,0.6370679140090942,0.04510723799467087,0.0332924947142601,2,2,2.1972245773362196,1,1,0.24581401701908673,0.44733316354085856,LH,0.2458140105009079,0.4473331570625305,0.5,raw,unrestricted,4.0
20,35,1,1.0726934671401978,0.557462215423584,0.016048923134803772,0.4583473801612854,0.04183511435985565,0.038963738828897476,3,1,2.0794415416798357,0,0,-0.011688713276508111,0.011688713276508111,LH,-0.011688712984323502,0.011688712984323502,0.0,raw,unrestricted,10.0
24,27,1,1.3280482292175293,0.5357378721237183,0.016048923134803772,0.7366794347763062,0.04058205708861351,0.03053467534482479,2,2,2.1972245773362196,0,0,0.24581401701908673,-0.24581401701908673,LL,0.2458140105009079,-0.2458140105009079,0.0,raw,unrestricted,3.0
