probe,probe_seed,rank,pair_id,u,v,degree_u,degree_v,cn,target,prediction,residual,absolute_error,context_graph_hash
z_cn_to_degree,0,1,test-0-459,1358,1751,139.0,1.0,0.0,5.634789603169249,2.432261912751244,3.2025276904180053,3.2025276904180053,cf8bee4faf9f1e67678d45b7cd8c350d04e95baeead6b79c4cff607556fb7129
z_cn_to_degree,0,2,test-0-511,170,1358,1.0,139.0,0.0,5.634789603169249,2.432261912751244,3.2025276904180053,3.2025276904180053,cf8bee4faf9f1e67678d45b7cd8c350d04e95baeead6b79c4cff607556fb7129
z_cn_to_degree,0,3,test-0-441,346,1358,1.0,139.0,1.0,5.634789603169249,2.5924386573943305,3.0423509457749187,3.0423509457749187,cf8bee4faf9f1e67678d45b7cd8c350d04e95baeead6b79c4cff607556fb7129
z_cn_to_degree,0,4,test-0-43,326,1358,2.0,139.0,1.0,6.040254711277413,3.2898466958279453,2.7504080154494677,2.7504080154494677,cf8bee4faf9f1e67678d45b7cd8c350d04e95baeead6b79c4cff607556fb7129
z_cn_to_degree,0,5,test-0-18,968,1986,1.0,55.0,0.0,4.718498871295095,1.9879436331888396,2.7305552381062554,2.7305552381062554,cf8bee4faf9f1e67678d45b7cd8c350d04e95baeead6b79c4cff607556fb7129
z_cn_to_degree,0,6,test-0-179,1876,1986,1.0,55.0,0.0,4.718498871295095,1.9879436331888396,2.7305552381062554,2.7305552381062554,cf8bee4faf9f1e67678d45b7cd8c350d04e95baeead6b79c4cff607556fb7129
z_cn_to_degree,0,7,test-0-253,1986,1991,55.0,1.0,0.0,4.718498871295095,1.9879436331888396,2.7305552381062554,2.7305552381062554,cf8bee4faf9f1e67678d45b7cd8c350d04e95baeead6b79c4cff607556fb7129
z_cn_to_degree,0,8,test-0-440,335,1986,1.0,55.0,0.0,4.718498871295095,1.9879436331888396,2.7305552381062554,2.7305552381062554,cf8bee4faf9f1e67678d45b7cd8c350d04e95baeead6b79c4cff607556fb7129
z_cn_to_degree,0,9,test-0-476,90,1358,2.0,139.0,1.0,6.040254711277413,3.322088237904884,2.718166473372529,2.718166473372529,cf8bee4faf9f1e67678d45b7cd8c350d04e95baeead6b79c4cff607556fb7129
z_cn_to_degree,0,10,test-0-120,155,1358,5.0,139.0,3.0,6.733401891837358,4.158443393683443,2.574958498153915,2.574958498153915,cf8bee4faf9f1e67678d45b7cd8c350d04e95baeead6b79c4cff607556fb7129
z_cn_to_degree,0,11,test-0-213,1013,1293,29.0,2.0,0.0,4.499809670330265,1.948127101287536,2.551682569042729,2.551682569042729,cf8bee4faf9f1e67678d45b7cd8c350d04e95baeead6b79c4cff607556fb7129
z_cn_to_degree,0,12,test-0-50,1358,1568,139.0,2.0,1.0,6.040254711277413,3.488993347039873,2.55126136423754,2.55126136423754,cf8bee4faf9f1e67678d45b7cd8c350d04e95baeead6b79c4cff607556fb7129
z_cn_to_degree,0,13,test-0-146,13,1701,1.0,65.0,0.0,4.882801922586371,2.48935788858023,2.3934440340061407,2.3934440340061407,cf8bee4faf9f1e67678d45b7cd8c350d04e95baeead6b79c4cff607556fb7129
z_cn_to_degree,0,14,test-0-500,1358,1741,139.0,2.0,0.0,6.040254711277413,3.8386707426087128,2.2015839686687,2.2015839686687,cf8bee4faf9f1e67678d45b7cd8c350d04e95baeead6b79c4cff607556fb7129
z_cn_to_degree,0,15,test-0-149,876,1358,3.0,139.0,1.0,6.327936783729195,4.205703921033669,2.122232862695526,2.122232862695526,cf8bee4faf9f1e67678d45b7cd8c350d04e95baeead6b79c4cff607556fb7129
z_cn_to_degree,0,16,test-0-240,764,1358,3.0,139.0,1.0,6.327936783729195,4.212754670888446,2.115182112840749,2.115182112840749,cf8bee4faf9f1e67678d45b7cd8c350d04e95baeead6b79c4cff607556fb7129
z_cn_to_degree,0,17,test-0-445,1358,1709,139.0,3.0,1.0,6.327936783729195,4.286613734562637,2.0413230491665573,2.0413230491665573,cf8bee4faf9f1e67678d45b7cd8c350d04e95baeead6b79c4cff607556fb7129
z_cn_to_degree,0,18,test-0-94,306,2078,64.0,2.0,1.0,5.272999558563747,3.3178950708198993,1.9551044877438475,1.9551044877438475,cf8bee4faf9f1e67678d45b7cd8c350d04e95baeead6b79c4cff607556fb7129
z_cn_to_degree,0,19,test-0-48,307,991,0.0,0.0,0.0,0.0,1.946393832412971,-1.946393832412971,1.946393832412971,cf8bee4faf9f1e67678d45b7cd8c350d04e95baeead6b79c4cff607556fb7129
z_cn_to_degree,0,20,test-0-159,832,2600,0.0,0.0,0.0,0.0,1.946393832412971,-1.946393832412971,1.946393832412971,cf8bee4faf9f1e67678d45b7cd8c350d04e95baeead6b79c4cff607556fb7129
z_residual_to_degree,0,1,test-0-454,1358,1740,139.0,12.0,2.0,7.50659178007084,3.451583398389453,4.055008381681388,4.055008381681388,cf8bee4faf9f1e67678d45b7cd8c350d04e95baeead6b79c4cff607556fb7129
z_residual_to_degree,0,2,test-0-120,155,1358,5.0,139.0,3.0,6.733401891837358,2.777129324281227,3.956272567556131,3.956272567556131,cf8bee4faf9f1e67678d45b7cd8c350d04e95baeead6b79c4cff607556fb7129
z_residual_to_degree,0,3,test-0-97,1358,1742,139.0,12.0,2.0,7.50659178007084,3.5530812179756586,3.9535105620951816,3.9535105620951816,cf8bee4faf9f1e67678d45b7cd8c350d04e95baeead6b79c4cff607556fb7129
z_residual_to_degree,0,4,test-0-117,154,1358,10.0,139.0,7.0,7.3395376954076745,3.6179511047448303,3.7215865906628443,3.7215865906628443,cf8bee4faf9f1e67678d45b7cd8c350d04e95baeead6b79c4cff607556fb7129
z_residual_to_degree,0,5,test-0-185,1154,1358,9.0,139.0,4.0,7.24422751560335,3.55028008558813,3.69394743001522,3.69394743001522,cf8bee4faf9f1e67678d45b7cd8c350d04e95baeead6b79c4cff607556fb7129
z_residual_to_degree,0,6,test-0-322,1986,2001,55.0,14.0,2.0,6.73340189183736,3.0803562926199657,3.6530455992173945,3.6530455992173945,cf8bee4faf9f1e67678d45b7cd8c350d04e95baeead6b79c4cff607556fb7129
z_residual_to_degree,0,7,test-0-103,71,1986,0.0,55.0,0.0,4.02535169073515,0.6275720849195436,3.397779605815606,3.397779605815606,cf8bee4faf9f1e67678d45b7cd8c350d04e95baeead6b79c4cff607556fb7129
z_residual_to_degree,0,8,test-0-476,90,1358,2.0,139.0,1.0,6.040254711277413,2.675951429626831,3.364303281650582,3.364303281650582,cf8bee4faf9f1e67678d45b7cd8c350d04e95baeead6b79c4cff607556fb7129
z_residual_to_degree,0,9,test-0-323,1358,1761,139.0,5.0,2.0,6.733401891837358,3.4341038774145156,3.2992980144228428,3.2992980144228428,cf8bee4faf9f1e67678d45b7cd8c350d04e95baeead6b79c4cff607556fb7129
z_residual_to_degree,0,10,test-0-445,1358,1709,139.0,3.0,1.0,6.327936783729195,3.0365241328369588,3.291412650892236,3.291412650892236,cf8bee4faf9f1e67678d45b7cd8c350d04e95baeead6b79c4cff607556fb7129
z_residual_to_degree,0,11,test-0-240,764,1358,3.0,139.0,1.0,6.327936783729195,3.108289200825011,3.2196475829041837,3.2196475829041837,cf8bee4faf9f1e67678d45b7cd8c350d04e95baeead6b79c4cff607556fb7129
z_residual_to_degree,0,12,test-0-48,307,991,0.0,0.0,0.0,0.0,3.1452337718427144,-3.1452337718427144,3.1452337718427144,cf8bee4faf9f1e67678d45b7cd8c350d04e95baeead6b79c4cff607556fb7129
z_residual_to_degree,0,13,test-0-316,1358,1745,139.0,5.0,2.0,6.733401891837358,3.610289091865741,3.1231127999716173,3.1231127999716173,cf8bee4faf9f1e67678d45b7cd8c350d04e95baeead6b79c4cff607556fb7129
z_residual_to_degree,0,14,test-0-252,873,2313,3.0,0.0,0.0,1.3862943611198906,4.503807235304801,-3.11751287418491,3.11751287418491,cf8bee4faf9f1e67678d45b7cd8c350d04e95baeead6b79c4cff607556fb7129
z_residual_to_degree,0,15,test-0-288,88,415,31.0,19.0,10.0,6.461468176353717,3.3441111850387806,3.117356991314937,3.117356991314937,cf8bee4faf9f1e67678d45b7cd8c350d04e95baeead6b79c4cff607556fb7129
z_residual_to_degree,0,16,test-0-271,306,2080,64.0,9.0,7.0,6.476972362889683,3.3994248962591582,3.0775474666305245,3.0775474666305245,cf8bee4faf9f1e67678d45b7cd8c350d04e95baeead6b79c4cff607556fb7129
z_residual_to_degree,0,17,test-0-492,1430,1718,1.0,3.0,0.0,2.0794415416798357,5.082462258541254,-3.003020716861418,3.003020716861418,cf8bee4faf9f1e67678d45b7cd8c350d04e95baeead6b79c4cff607556fb7129
z_residual_to_degree,0,18,test-0-259,201,1701,5.0,65.0,1.0,5.98141421125448,3.0540759462153577,2.927338265039122,2.927338265039122,cf8bee4faf9f1e67678d45b7cd8c350d04e95baeead6b79c4cff607556fb7129
z_residual_to_degree,0,19,test-0-470,1040,1358,3.0,139.0,2.0,6.327936783729195,3.5523301246340875,2.775606659095107,2.775606659095107,cf8bee4faf9f1e67678d45b7cd8c350d04e95baeead6b79c4cff607556fb7129
z_residual_to_degree,0,20,test-0-371,843,2542,3.0,0.0,0.0,1.3862943611198906,4.002825437475826,-2.616531076355935,2.616531076355935,cf8bee4faf9f1e67678d45b7cd8c350d04e95baeead6b79c4cff607556fb7129
z_degree_to_cn_residual,0,1,test-0-288,88,415,31.0,19.0,10.0,1.35793738207373,-0.235468171553474,1.5934055536272038,1.5934055536272038,cf8bee4faf9f1e67678d45b7cd8c350d04e95baeead6b79c4cff607556fb7129
z_degree_to_cn_residual,0,2,test-0-157,310,1950,15.0,13.0,8.0,1.2627715283766356,-0.06298975567091103,1.3257612840475468,1.3257612840475468,cf8bee4faf9f1e67678d45b7cd8c350d04e95baeead6b79c4cff607556fb7129
z_degree_to_cn_residual,0,3,test-0-340,1090,2367,6.0,12.0,5.0,1.1605692126756,-0.13557909493689146,1.2961483076124916,1.2961483076124916,cf8bee4faf9f1e67678d45b7cd8c350d04e95baeead6b79c4cff607556fb7129
z_degree_to_cn_residual,0,4,test-0-239,1072,1725,26.0,11.0,3.0,1.0575197935891483,-0.09509056488629175,1.1526103584754401,1.1526103584754401,cf8bee4faf9f1e67678d45b7cd8c350d04e95baeead6b79c4cff607556fb7129
z_degree_to_cn_residual,0,5,test-0-324,745,1986,7.0,55.0,6.0,1.0888176139850687,-0.033037028289546355,1.1218546422746152,1.1218546422746152,cf8bee4faf9f1e67678d45b7cd8c350d04e95baeead6b79c4cff607556fb7129
z_degree_to_cn_residual,0,6,test-0-175,1102,2464,4.0,9.0,4.0,1.1849817921765171,0.25522832606864576,0.9297534661078714,0.9297534661078714,cf8bee4faf9f1e67678d45b7cd8c350d04e95baeead6b79c4cff607556fb7129
z_degree_to_cn_residual,0,7,test-0-45,1085,1421,3.0,5.0,3.0,1.1773142271763006,0.24995218374383354,0.9273620434324671,0.9273620434324671,cf8bee4faf9f1e67678d45b7cd8c350d04e95baeead6b79c4cff607556fb7129
z_degree_to_cn_residual,0,8,test-0-168,2001,2335,14.0,5.0,0.0,-0.5370711129495983,0.3759549122435982,-0.9130260251931965,0.9130260251931965,cf8bee4faf9f1e67678d45b7cd8c350d04e95baeead6b79c4cff607556fb7129
z_degree_to_cn_residual,0,9,test-0-7,306,1798,64.0,5.0,5.0,1.0897527105280385,0.18215884876411492,0.9075938617639235,0.9075938617639235,cf8bee4faf9f1e67678d45b7cd8c350d04e95baeead6b79c4cff607556fb7129
z_degree_to_cn_residual,0,10,test-0-360,519,598,10.0,26.0,0.0,-0.830148528167549,0.07425557804641214,-0.9044041062139612,0.9044041062139612,cf8bee4faf9f1e67678d45b7cd8c350d04e95baeead6b79c4cff607556fb7129
z_degree_to_cn_residual,0,11,test-0-41,1109,2671,3.0,12.0,3.0,1.0631781652624883,0.19286202781780226,0.870316137444686,0.870316137444686,cf8bee4faf9f1e67678d45b7cd8c350d04e95baeead6b79c4cff607556fb7129
z_degree_to_cn_residual,0,12,test-0-510,963,2434,16.0,4.0,3.0,0.9297740279230993,0.06435369244668243,0.8654203354764168,0.8654203354764168,cf8bee4faf9f1e67678d45b7cd8c350d04e95baeead6b79c4cff607556fb7129
z_degree_to_cn_residual,0,13,test-0-373,905,1483,3.0,20.0,3.0,1.0242908208925827,0.1803495196986874,0.8439413011938953,0.8439413011938953,cf8bee4faf9f1e67678d45b7cd8c350d04e95baeead6b79c4cff607556fb7129
z_degree_to_cn_residual,0,14,test-0-444,695,1681,5.0,8.0,3.0,0.9339988208263761,0.09805001830862337,0.8359488025177527,0.8359488025177527,cf8bee4faf9f1e67678d45b7cd8c350d04e95baeead6b79c4cff607556fb7129
z_degree_to_cn_residual,0,15,test-0-53,1038,1358,3.0,139.0,0.0,-0.5382569319004575,0.268028272473369,-0.8062852043738266,0.8062852043738266,cf8bee4faf9f1e67678d45b7cd8c350d04e95baeead6b79c4cff607556fb7129
z_degree_to_cn_residual,0,16,test-0-372,1358,1713,139.0,3.0,0.0,-0.5382569319004575,0.268028272473369,-0.8062852043738266,0.8062852043738266,cf8bee4faf9f1e67678d45b7cd8c350d04e95baeead6b79c4cff607556fb7129
z_degree_to_cn_residual,0,17,test-0-271,306,2080,64.0,9.0,7.0,0.5959739975662122,-0.20698796164959654,0.8029619592158087,0.8029619592158087,cf8bee4faf9f1e67678d45b7cd8c350d04e95baeead6b79c4cff607556fb7129
z_degree_to_cn_residual,0,18,test-0-500,1358,1741,139.0,2.0,0.0,-0.3073776188323407,0.4946751774137429,-0.8020527962460836,0.8020527962460836,cf8bee4faf9f1e67678d45b7cd8c350d04e95baeead6b79c4cff607556fb7129
z_degree_to_cn_residual,0,19,test-0-3,657,1740,10.0,12.0,0.0,-0.8077701392043845,-0.019604079031719457,-0.788166060172665,0.788166060172665,cf8bee4faf9f1e67678d45b7cd8c350d04e95baeead6b79c4cff607556fb7129
z_degree_to_cn_residual,0,20,test-0-127,1752,1754,2.0,3.0,2.0,1.0228237810053415,0.24332622082720923,0.7794975601781323,0.7794975601781323,cf8bee4faf9f1e67678d45b7cd8c350d04e95baeead6b79c4cff607556fb7129
z_degree_to_degree,0,1,test-0-97,1358,1742,139.0,12.0,2.0,7.50659178007084,7.079505815573521,0.4270859644973193,0.4270859644973193,cf8bee4faf9f1e67678d45b7cd8c350d04e95baeead6b79c4cff607556fb7129
z_degree_to_degree,0,2,test-0-454,1358,1740,139.0,12.0,2.0,7.50659178007084,7.079505815573521,0.4270859644973193,0.4270859644973193,cf8bee4faf9f1e67678d45b7cd8c350d04e95baeead6b79c4cff607556fb7129
z_degree_to_degree,0,3,test-0-117,154,1358,10.0,139.0,7.0,7.3395376954076745,6.9687396395412815,0.37079805586639303,0.37079805586639303,cf8bee4faf9f1e67678d45b7cd8c350d04e95baeead6b79c4cff607556fb7129
z_degree_to_degree,0,4,test-0-185,1154,1358,9.0,139.0,4.0,7.24422751560335,6.951350740480971,0.2928767751223784,0.2928767751223784,cf8bee4faf9f1e67678d45b7cd8c350d04e95baeead6b79c4cff607556fb7129
z_degree_to_degree,0,5,test-0-322,1986,2001,55.0,14.0,2.0,6.73340189183736,6.516608875776162,0.21679301606119772,0.21679301606119772,cf8bee4faf9f1e67678d45b7cd8c350d04e95baeead6b79c4cff607556fb7129
z_degree_to_degree,0,6,test-0-293,482,1810,6.0,38.0,2.0,5.60947179518496,5.800876968939264,-0.19140517375430388,0.19140517375430388,cf8bee4faf9f1e67678d45b7cd8c350d04e95baeead6b79c4cff607556fb7129
z_degree_to_degree,0,7,test-0-308,133,1623,6.0,36.0,2.0,5.556828061699537,5.738486817447254,-0.1816587557477165,0.1816587557477165,cf8bee4faf9f1e67678d45b7cd8c350d04e95baeead6b79c4cff607556fb7129
z_degree_to_degree,0,8,test-0-14,1359,1914,4.0,22.0,1.0,4.74493212836325,4.918669755082911,-0.1737376267196611,0.1737376267196611,cf8bee4faf9f1e67678d45b7cd8c350d04e95baeead6b79c4cff607556fb7129
z_degree_to_degree,0,9,test-0-248,1676,1914,4.0,22.0,0.0,4.74493212836325,4.918669755082911,-0.1737376267196611,0.1737376267196611,cf8bee4faf9f1e67678d45b7cd8c350d04e95baeead6b79c4cff607556fb7129
z_degree_to_degree,0,10,test-0-381,604,1914,4.0,22.0,1.0,4.74493212836325,4.918669755082911,-0.1737376267196611,0.1737376267196611,cf8bee4faf9f1e67678d45b7cd8c350d04e95baeead6b79c4cff607556fb7129
z_degree_to_degree,0,11,test-0-421,55,2020,8.0,1.0,1.0,2.890371757896165,2.7175823230873384,0.17278943480882658,0.17278943480882658,cf8bee4faf9f1e67678d45b7cd8c350d04e95baeead6b79c4cff607556fb7129
z_degree_to_degree,0,12,test-0-246,454,1441,8.0,17.0,0.0,5.087596335232384,5.237511219097065,-0.14991488386468177,0.14991488386468177,cf8bee4faf9f1e67678d45b7cd8c350d04e95baeead6b79c4cff607556fb7129
z_degree_to_degree,0,13,test-0-288,88,415,31.0,19.0,10.0,6.461468176353717,6.314235985026673,0.14723219132704468,0.14723219132704468,cf8bee4faf9f1e67678d45b7cd8c350d04e95baeead6b79c4cff607556fb7129
z_degree_to_degree,0,14,test-0-233,186,1672,5.0,0.0,0.0,1.791759469228055,1.6461317616798707,0.14562770754818422,0.14562770754818422,cf8bee4faf9f1e67678d45b7cd8c350d04e95baeead6b79c4cff607556fb7129
z_degree_to_degree,0,15,test-0-412,57,2418,0.0,5.0,0.0,1.791759469228055,1.6461317616798707,0.14562770754818422,0.14562770754818422,cf8bee4faf9f1e67678d45b7cd8c350d04e95baeead6b79c4cff607556fb7129
z_degree_to_degree,0,16,test-0-452,1708,2313,5.0,0.0,0.0,1.791759469228055,1.6461317616798707,0.14562770754818422,0.14562770754818422,cf8bee4faf9f1e67678d45b7cd8c350d04e95baeead6b79c4cff607556fb7129
z_degree_to_degree,0,17,test-0-21,73,1751,11.0,1.0,0.0,3.1780538303479458,3.3034132618189167,-0.12535943147097095,0.12535943147097095,cf8bee4faf9f1e67678d45b7cd8c350d04e95baeead6b79c4cff607556fb7129
z_degree_to_degree,0,18,test-0-467,1229,1384,11.0,1.0,1.0,3.1780538303479458,3.3034132618189167,-0.12535943147097095,0.12535943147097095,cf8bee4faf9f1e67678d45b7cd8c350d04e95baeead6b79c4cff607556fb7129
z_degree_to_degree,0,19,test-0-345,1224,1660,20.0,2.0,2.0,4.143134726391533,4.268237010336412,-0.1251022839448792,0.1251022839448792,cf8bee4faf9f1e67678d45b7cd8c350d04e95baeead6b79c4cff607556fb7129
z_degree_to_degree,0,20,test-0-61,109,1805,28.0,3.0,0.0,4.7535901911063645,4.869353589509948,-0.1157633984035833,0.1157633984035833,cf8bee4faf9f1e67678d45b7cd8c350d04e95baeead6b79c4cff607556fb7129
z_cn_to_cn_residual,0,1,test-0-288,88,415,31.0,19.0,10.0,1.35793738207373,0.7666016904726594,0.5913356916010706,0.5913356916010706,cf8bee4faf9f1e67678d45b7cd8c350d04e95baeead6b79c4cff607556fb7129
z_cn_to_cn_residual,0,2,test-0-97,1358,1742,139.0,12.0,2.0,-0.5218160654288044,-0.028019651917355642,-0.49379641351144876,0.49379641351144876,cf8bee4faf9f1e67678d45b7cd8c350d04e95baeead6b79c4cff607556fb7129
z_cn_to_cn_residual,0,3,test-0-322,1986,2001,55.0,14.0,2.0,-0.07862923785894682,0.39058325020090634,-0.46921248805985316,0.46921248805985316,cf8bee4faf9f1e67678d45b7cd8c350d04e95baeead6b79c4cff607556fb7129
z_cn_to_cn_residual,0,4,test-0-7,306,1798,64.0,5.0,5.0,1.0897527105280385,0.6442219830945031,0.4455307274335354,0.4455307274335354,cf8bee4faf9f1e67678d45b7cd8c350d04e95baeead6b79c4cff607556fb7129
z_cn_to_cn_residual,0,5,test-0-454,1358,1740,139.0,12.0,2.0,-0.5218160654288044,-0.16884003080773843,-0.35297603462106597,0.35297603462106597,cf8bee4faf9f1e67678d45b7cd8c350d04e95baeead6b79c4cff607556fb7129
z_cn_to_cn_residual,0,6,test-0-269,353,1345,3.0,1.0,1.0,0.6894917191807426,0.34777300663595156,0.341718712544791,0.341718712544791,cf8bee4faf9f1e67678d45b7cd8c350d04e95baeead6b79c4cff607556fb7129
z_cn_to_cn_residual,0,7,test-0-45,1085,1421,3.0,5.0,3.0,1.1773142271763006,0.8483824009410095,0.32893182623529116,0.32893182623529116,cf8bee4faf9f1e67678d45b7cd8c350d04e95baeead6b79c4cff607556fb7129
z_cn_to_cn_residual,0,8,test-0-343,1462,1663,3.0,2.0,1.0,0.6173586728971772,0.29777509569569083,0.31958357720148634,0.31958357720148634,cf8bee4faf9f1e67678d45b7cd8c350d04e95baeead6b79c4cff607556fb7129
z_cn_to_cn_residual,0,9,test-0-185,1154,1358,9.0,139.0,4.0,0.33672796414016415,0.6458040138688546,-0.3090760497286904,0.3090760497286904,cf8bee4faf9f1e67678d45b7cd8c350d04e95baeead6b79c4cff607556fb7129
z_cn_to_cn_residual,0,10,test-0-268,167,1056,2.0,1.0,1.0,0.6895865039918867,0.3888939947336416,0.3006925092582451,0.3006925092582451,cf8bee4faf9f1e67678d45b7cd8c350d04e95baeead6b79c4cff607556fb7129
z_cn_to_cn_residual,0,11,test-0-281,870,1119,2.0,12.0,1.0,0.504912141795012,0.228304273306871,0.276607868488141,0.276607868488141,cf8bee4faf9f1e67678d45b7cd8c350d04e95baeead6b79c4cff607556fb7129
z_cn_to_cn_residual,0,12,test-0-335,120,2405,4.0,6.0,3.0,0.9814936463776394,0.7344677474631405,0.2470258989144989,0.2470258989144989,cf8bee4faf9f1e67678d45b7cd8c350d04e95baeead6b79c4cff607556fb7129
z_cn_to_cn_residual,0,13,test-0-505,167,168,2.0,2.0,1.0,0.6345001729408056,0.3928120673362566,0.241688105604549,0.241688105604549,cf8bee4faf9f1e67678d45b7cd8c350d04e95baeead6b79c4cff607556fb7129
z_cn_to_cn_residual,0,14,test-0-239,1072,1725,26.0,11.0,3.0,1.0575197935891483,0.8224979782916546,0.23502181529749366,0.23502181529749366,cf8bee4faf9f1e67678d45b7cd8c350d04e95baeead6b79c4cff607556fb7129
z_cn_to_cn_residual,0,15,test-0-11,4,1761,4.0,5.0,2.0,0.8212733044980796,1.0442770767511083,-0.2230037722530287,0.2230037722530287,cf8bee4faf9f1e67678d45b7cd8c350d04e95baeead6b79c4cff607556fb7129
z_cn_to_cn_residual,0,16,test-0-120,155,1358,5.0,139.0,3.0,0.7419506826667789,0.9533657939861755,-0.2114151113193966,0.2114151113193966,cf8bee4faf9f1e67678d45b7cd8c350d04e95baeead6b79c4cff607556fb7129
z_cn_to_cn_residual,0,17,test-0-293,482,1810,6.0,38.0,2.0,0.5499859594505343,0.7588627863759352,-0.20887682692540088,0.20887682692540088,cf8bee4faf9f1e67678d45b7cd8c350d04e95baeead6b79c4cff607556fb7129
z_cn_to_cn_residual,0,18,test-0-375,403,806,6.0,1.0,1.0,0.6896682014994859,0.4812785698597517,0.20838963163973423,0.20838963163973423,cf8bee4faf9f1e67678d45b7cd8c350d04e95baeead6b79c4cff607556fb7129
z_cn_to_cn_residual,0,19,test-0-66,56,1849,2.0,5.0,2.0,0.9968573720579954,0.7900813560473186,0.20677601601067686,0.20677601601067686,cf8bee4faf9f1e67678d45b7cd8c350d04e95baeead6b79c4cff607556fb7129
z_cn_to_cn_residual,0,20,test-0-340,1090,2367,6.0,12.0,5.0,1.1605692126756,0.9547518225584386,0.20581739011716138,0.20581739011716138,cf8bee4faf9f1e67678d45b7cd8c350d04e95baeead6b79c4cff607556fb7129
z_cn_to_degree,1,1,test-1-457,1358,1751,139.0,1.0,0.0,5.634789603169249,2.140630265937946,3.494159337231303,3.494159337231303,cf8bee4faf9f1e67678d45b7cd8c350d04e95baeead6b79c4cff607556fb7129
z_cn_to_degree,1,2,test-1-511,170,1358,1.0,139.0,0.0,5.634789603169249,2.140630265937946,3.494159337231303,3.494159337231303,cf8bee4faf9f1e67678d45b7cd8c350d04e95baeead6b79c4cff607556fb7129
z_cn_to_degree,1,3,test-1-116,154,1358,10.0,139.0,7.0,7.3395376954076745,10.36005202474249,-3.020514329334816,3.020514329334816,cf8bee4faf9f1e67678d45b7cd8c350d04e95baeead6b79c4cff607556fb7129
z_cn_to_degree,1,4,test-1-119,155,1358,5.0,139.0,3.0,6.733401891837358,3.7644012782481484,2.96900061358921,2.96900061358921,cf8bee4faf9f1e67678d45b7cd8c350d04e95baeead6b79c4cff607556fb7129
z_cn_to_degree,1,5,test-1-147,13,1701,1.0,65.0,0.0,4.882801922586371,2.1645933350886652,2.7182085874977053,2.7182085874977053,cf8bee4faf9f1e67678d45b7cd8c350d04e95baeead6b79c4cff607556fb7129
z_cn_to_degree,1,6,test-1-474,90,1358,2.0,139.0,1.0,6.040254711277413,3.4756194020601736,2.5646353092172394,2.5646353092172394,cf8bee4faf9f1e67678d45b7cd8c350d04e95baeead6b79c4cff607556fb7129
z_cn_to_degree,1,7,test-1-18,968,1986,1.0,55.0,0.0,4.718498871295095,2.267224458632417,2.451274412662678,2.451274412662678,cf8bee4faf9f1e67678d45b7cd8c350d04e95baeead6b79c4cff607556fb7129
z_cn_to_degree,1,8,test-1-177,1876,1986,1.0,55.0,0.0,4.718498871295095,2.267224458632417,2.451274412662678,2.451274412662678,cf8bee4faf9f1e67678d45b7cd8c350d04e95baeead6b79c4cff607556fb7129
z_cn_to_degree,1,9,test-1-251,1986,1991,55.0,1.0,0.0,4.718498871295095,2.267224458632417,2.451274412662678,2.451274412662678,cf8bee4faf9f1e67678d45b7cd8c350d04e95baeead6b79c4cff607556fb7129
z_cn_to_degree,1,10,test-1-437,335,1986,1.0,55.0,0.0,4.718498871295095,2.267224458632417,2.451274412662678,2.451274412662678,cf8bee4faf9f1e67678d45b7cd8c350d04e95baeead6b79c4cff607556fb7129
z_cn_to_degree,1,11,test-1-211,1013,1293,29.0,2.0,0.0,4.499809670330265,2.068528203276972,2.431281467053293,2.431281467053293,cf8bee4faf9f1e67678d45b7cd8c350d04e95baeead6b79c4cff607556fb7129
z_cn_to_degree,1,12,test-1-438,346,1358,1.0,139.0,1.0,5.634789603169249,3.204343752418967,2.4304458507502824,2.4304458507502824,cf8bee4faf9f1e67678d45b7cd8c350d04e95baeead6b79c4cff607556fb7129
z_cn_to_degree,1,13,test-1-265,353,1345,3.0,1.0,1.0,2.0794415416798357,4.34618552537001,-2.266743983690174,2.266743983690174,cf8bee4faf9f1e67678d45b7cd8c350d04e95baeead6b79c4cff607556fb7129
z_cn_to_degree,1,14,test-1-43,326,1358,2.0,139.0,1.0,6.040254711277413,3.7888081977173123,2.2514465135601007,2.2514465135601007,cf8bee4faf9f1e67678d45b7cd8c350d04e95baeead6b79c4cff607556fb7129
z_cn_to_degree,1,15,test-1-411,2034,2042,35.0,1.0,1.0,4.276666119016055,2.041488171793719,2.2351779472223363,2.2351779472223363,cf8bee4faf9f1e67678d45b7cd8c350d04e95baeead6b79c4cff607556fb7129
z_cn_to_degree,1,16,test-1-31,1440,1701,1.0,65.0,1.0,4.882801922586371,2.6677566844034493,2.2150452381829213,2.2150452381829213,cf8bee4faf9f1e67678d45b7cd8c350d04e95baeead6b79c4cff607556fb7129
z_cn_to_degree,1,17,test-1-48,1358,1568,139.0,2.0,1.0,6.040254711277413,3.8663192432199276,2.1739354680574854,2.1739354680574854,cf8bee4faf9f1e67678d45b7cd8c350d04e95baeead6b79c4cff607556fb7129
z_cn_to_degree,1,18,test-1-289,744,1154,3.0,9.0,1.0,3.6888794541139367,5.826198012462071,-2.1373185583481344,2.1373185583481344,cf8bee4faf9f1e67678d45b7cd8c350d04e95baeead6b79c4cff607556fb7129
z_cn_to_degree,1,19,test-1-352,205,1701,1.0,65.0,1.0,4.882801922586371,2.75016290827409,2.1326390143122804,2.1326390143122804,cf8bee4faf9f1e67678d45b7cd8c350d04e95baeead6b79c4cff607556fb7129
z_cn_to_degree,1,20,test-1-385,1270,2034,1.0,35.0,0.0,4.276666119016055,2.1881524954734877,2.0885136235425676,2.0885136235425676,cf8bee4faf9f1e67678d45b7cd8c350d04e95baeead6b79c4cff607556fb7129
z_residual_to_degree,1,1,test-1-355,1515,2234,1.0,0.0,0.0,0.6931471805599453,-17.292021639521593,17.985168820081537,17.985168820081537,cf8bee4faf9f1e67678d45b7cd8c350d04e95baeead6b79c4cff607556fb7129
z_residual_to_degree,1,2,test-1-341,372,626,2.0,3.0,0.0,2.484906649788,-1.815967435092381,4.30087408488038,4.30087408488038,cf8bee4faf9f1e67678d45b7cd8c350d04e95baeead6b79c4cff607556fb7129
z_residual_to_degree,1,3,test-1-452,1358,1740,139.0,12.0,2.0,7.50659178007084,3.4446398760317756,4.061951904039065,4.061951904039065,cf8bee4faf9f1e67678d45b7cd8c350d04e95baeead6b79c4cff607556fb7129
z_residual_to_degree,1,4,test-1-95,1358,1742,139.0,12.0,2.0,7.50659178007084,3.524952343977953,3.981639436092887,3.981639436092887,cf8bee4faf9f1e67678d45b7cd8c350d04e95baeead6b79c4cff607556fb7129
z_residual_to_degree,1,5,test-1-116,154,1358,10.0,139.0,7.0,7.3395376954076745,3.5420278071217663,3.797509888285908,3.797509888285908,cf8bee4faf9f1e67678d45b7cd8c350d04e95baeead6b79c4cff607556fb7129
z_residual_to_degree,1,6,test-1-106,649,1457,0.0,1.0,0.0,0.6931471805599453,4.3502155416447135,-3.657068361084768,3.657068361084768,cf8bee4faf9f1e67678d45b7cd8c350d04e95baeead6b79c4cff607556fb7129
z_residual_to_degree,1,7,test-1-119,155,1358,5.0,139.0,3.0,6.733401891837358,3.1189064943971947,3.6144953974401637,3.6144953974401637,cf8bee4faf9f1e67678d45b7cd8c350d04e95baeead6b79c4cff607556fb7129
z_residual_to_degree,1,8,test-1-316,1986,2001,55.0,14.0,2.0,6.73340189183736,3.1736655742065696,3.5597363176307906,3.5597363176307906,cf8bee4faf9f1e67678d45b7cd8c350d04e95baeead6b79c4cff607556fb7129
z_residual_to_degree,1,9,test-1-46,307,991,0.0,0.0,0.0,0.0,3.3675555944889957,-3.3675555944889957,3.3675555944889957,cf8bee4faf9f1e67678d45b7cd8c350d04e95baeead6b79c4cff607556fb7129
z_residual_to_degree,1,10,test-1-317,1358,1761,139.0,5.0,2.0,6.733401891837358,3.5284008305914623,3.205001061245896,3.205001061245896,cf8bee4faf9f1e67678d45b7cd8c350d04e95baeead6b79c4cff607556fb7129
z_residual_to_degree,1,11,test-1-310,1358,1745,139.0,5.0,2.0,6.733401891837358,3.581250472395029,3.1521514194423292,3.1521514194423292,cf8bee4faf9f1e67678d45b7cd8c350d04e95baeead6b79c4cff607556fb7129
z_residual_to_degree,1,12,test-1-442,1358,1709,139.0,3.0,1.0,6.327936783729195,3.1905267173695924,3.1374100663596023,3.1374100663596023,cf8bee4faf9f1e67678d45b7cd8c350d04e95baeead6b79c4cff607556fb7129
z_residual_to_degree,1,13,test-1-471,229,2118,0.0,2.0,0.0,1.0986122886681096,4.199375614847065,-3.100763326178955,3.100763326178955,cf8bee4faf9f1e67678d45b7cd8c350d04e95baeead6b79c4cff607556fb7129
z_residual_to_degree,1,14,test-1-239,764,1358,3.0,139.0,1.0,6.327936783729195,3.2524184996935714,3.075518284035623,3.075518284035623,cf8bee4faf9f1e67678d45b7cd8c350d04e95baeead6b79c4cff607556fb7129
z_residual_to_degree,1,15,test-1-267,306,2080,64.0,9.0,7.0,6.476972362889683,3.426496941947515,3.050475420942168,3.050475420942168,cf8bee4faf9f1e67678d45b7cd8c350d04e95baeead6b79c4cff607556fb7129
z_residual_to_degree,1,16,test-1-283,88,415,31.0,19.0,10.0,6.461468176353717,3.412735731475577,3.0487324448781403,3.0487324448781403,cf8bee4faf9f1e67678d45b7cd8c350d04e95baeead6b79c4cff607556fb7129
z_residual_to_degree,1,17,test-1-474,90,1358,2.0,139.0,1.0,6.040254711277413,3.0047008276677323,3.0355538836096807,3.0355538836096807,cf8bee4faf9f1e67678d45b7cd8c350d04e95baeead6b79c4cff607556fb7129
z_residual_to_degree,1,18,test-1-114,889,1832,3.0,0.0,0.0,1.3862943611198906,4.35023347107817,-2.963939109958279,2.963939109958279,cf8bee4faf9f1e67678d45b7cd8c350d04e95baeead6b79c4cff607556fb7129
z_residual_to_degree,1,19,test-1-250,873,2313,3.0,0.0,0.0,1.3862943611198906,4.3481468289784875,-2.9618524678585967,2.9618524678585967,cf8bee4faf9f1e67678d45b7cd8c350d04e95baeead6b79c4cff607556fb7129
z_residual_to_degree,1,20,test-1-179,561,1016,0.0,3.0,0.0,1.3862943611198906,4.264773084791717,-2.878478723671826,2.878478723671826,cf8bee4faf9f1e67678d45b7cd8c350d04e95baeead6b79c4cff607556fb7129
z_degree_to_cn_residual,1,1,test-1-283,88,415,31.0,19.0,10.0,1.35793738207373,0.09398404146106014,1.2639533406126697,1.2639533406126697,cf8bee4faf9f1e67678d45b7cd8c350d04e95baeead6b79c4cff607556fb7129
z_degree_to_cn_residual,1,2,test-1-158,310,1950,15.0,13.0,8.0,1.2627715283766356,0.17542841633616044,1.0873431120404753,1.0873431120404753,cf8bee4faf9f1e67678d45b7cd8c350d04e95baeead6b79c4cff607556fb7129
z_degree_to_cn_residual,1,3,test-1-288,48,598,7.0,26.0,0.0,-0.9950422905965786,0.07687994803739795,-1.0719222386339764,1.0719222386339764,cf8bee4faf9f1e67678d45b7cd8c350d04e95baeead6b79c4cff607556fb7129
z_degree_to_cn_residual,1,4,test-1-318,745,1986,7.0,55.0,6.0,1.0888176139850687,0.06093124829875851,1.0278863656863102,1.0278863656863102,cf8bee4faf9f1e67678d45b7cd8c350d04e95baeead6b79c4cff607556fb7129
z_degree_to_cn_residual,1,5,test-1-334,1090,2367,6.0,12.0,5.0,1.1605692126756,0.1348435663768942,1.0257256462987057,1.0257256462987057,cf8bee4faf9f1e67678d45b7cd8c350d04e95baeead6b79c4cff607556fb7129
z_degree_to_cn_residual,1,6,test-1-173,1102,2464,4.0,9.0,4.0,1.1849817921765171,0.17189482226915276,1.0130869699073644,1.0130869699073644,cf8bee4faf9f1e67678d45b7cd8c350d04e95baeead6b79c4cff607556fb7129
z_degree_to_cn_residual,1,7,test-1-3,657,1740,10.0,12.0,0.0,-0.8077701392043845,0.18958811249078905,-0.9973582516951736,0.9973582516951736,cf8bee4faf9f1e67678d45b7cd8c350d04e95baeead6b79c4cff607556fb7129
z_degree_to_cn_residual,1,8,test-1-7,306,1798,64.0,5.0,5.0,1.0897527105280385,0.09945957890034965,0.9902931316276888,0.9902931316276888,cf8bee4faf9f1e67678d45b7cd8c350d04e95baeead6b79c4cff607556fb7129
z_degree_to_cn_residual,1,9,test-1-238,1072,1725,26.0,11.0,3.0,1.0575197935891483,0.0698601650495615,0.9876596285395868,0.9876596285395868,cf8bee4faf9f1e67678d45b7cd8c350d04e95baeead6b79c4cff607556fb7129
z_degree_to_cn_residual,1,10,test-1-5,507,1300,16.0,6.0,5.0,1.0283168230873239,0.10978071279406054,0.9185361102932633,0.9185361102932633,cf8bee4faf9f1e67678d45b7cd8c350d04e95baeead6b79c4cff607556fb7129
z_degree_to_cn_residual,1,11,test-1-44,1085,1421,3.0,5.0,3.0,1.1773142271763006,0.26845978771053247,0.9088544394657682,0.9088544394657682,cf8bee4faf9f1e67678d45b7cd8c350d04e95baeead6b79c4cff607556fb7129
z_degree_to_cn_residual,1,12,test-1-41,1109,2671,3.0,12.0,3.0,1.0631781652624883,0.16373048314318311,0.8994476821193051,0.8994476821193051,cf8bee4faf9f1e67678d45b7cd8c350d04e95baeead6b79c4cff607556fb7129
z_degree_to_cn_residual,1,13,test-1-354,519,598,10.0,26.0,0.0,-0.830148528167549,0.06922796330960435,-0.8993764914771534,0.8993764914771534,cf8bee4faf9f1e67678d45b7cd8c350d04e95baeead6b79c4cff607556fb7129
z_degree_to_cn_residual,1,14,test-1-367,905,1483,3.0,20.0,3.0,1.0242908208925827,0.15539770943647602,0.8688931114561067,0.8688931114561067,cf8bee4faf9f1e67678d45b7cd8c350d04e95baeead6b79c4cff607556fb7129
z_degree_to_cn_residual,1,15,test-1-81,1273,2125,7.0,3.0,3.0,1.076540575137234,0.21085997856042354,0.8656805965768104,0.8656805965768104,cf8bee4faf9f1e67678d45b7cd8c350d04e95baeead6b79c4cff607556fb7129
z_degree_to_cn_residual,1,16,test-1-428,2222,2225,3.0,4.0,3.0,1.190741033558266,0.33663920162877675,0.8541018319294893,0.8541018319294893,cf8bee4faf9f1e67678d45b7cd8c350d04e95baeead6b79c4cff607556fb7129
z_degree_to_cn_residual,1,17,test-1-446,15,1271,3.0,4.0,3.0,1.190741033558266,0.33663920162877675,0.8541018319294893,0.8541018319294893,cf8bee4faf9f1e67678d45b7cd8c350d04e95baeead6b79c4cff607556fb7129
z_degree_to_cn_residual,1,18,test-1-508,55,210,8.0,7.0,0.0,-0.5810323630174453,0.23942740916021166,-0.820459772177657,0.820459772177657,cf8bee4faf9f1e67678d45b7cd8c350d04e95baeead6b79c4cff607556fb7129
z_degree_to_cn_residual,1,19,test-1-185,132,379,4.0,5.0,3.0,1.1089553769498606,0.3012304740579093,0.8077249028919513,0.8077249028919513,cf8bee4faf9f1e67678d45b7cd8c350d04e95baeead6b79c4cff607556fb7129
z_degree_to_cn_residual,1,20,test-1-510,963,2434,16.0,4.0,3.0,0.9297740279230993,0.12667611737753326,0.803097910545566,0.803097910545566,cf8bee4faf9f1e67678d45b7cd8c350d04e95baeead6b79c4cff607556fb7129
z_degree_to_degree,1,1,test-1-95,1358,1742,139.0,12.0,2.0,7.50659178007084,7.027618546861323,0.47897323320951735,0.47897323320951735,cf8bee4faf9f1e67678d45b7cd8c350d04e95baeead6b79c4cff607556fb7129
z_degree_to_degree,1,2,test-1-452,1358,1740,139.0,12.0,2.0,7.50659178007084,7.027618546861323,0.47897323320951735,0.47897323320951735,cf8bee4faf9f1e67678d45b7cd8c350d04e95baeead6b79c4cff607556fb7129
z_degree_to_degree,1,3,test-1-116,154,1358,10.0,139.0,7.0,7.3395376954076745,6.925227759363382,0.4143099360442921,0.4143099360442921,cf8bee4faf9f1e67678d45b7cd8c350d04e95baeead6b79c4cff607556fb7129
z_degree_to_degree,1,4,test-1-316,1986,2001,55.0,14.0,2.0,6.73340189183736,6.420574744148711,0.3128271476886493,0.3128271476886493,cf8bee4faf9f1e67678d45b7cd8c350d04e95baeead6b79c4cff607556fb7129
z_degree_to_degree,1,5,test-1-283,88,415,31.0,19.0,10.0,6.461468176353717,6.181103744868295,0.2803644314854221,0.2803644314854221,cf8bee4faf9f1e67678d45b7cd8c350d04e95baeead6b79c4cff607556fb7129
z_degree_to_degree,1,6,test-1-422,506,1013,3.0,29.0,0.0,4.787491742782046,4.94456438163496,-0.157072638852914,0.157072638852914,cf8bee4faf9f1e67678d45b7cd8c350d04e95baeead6b79c4cff607556fb7129
z_degree_to_degree,1,7,test-1-117,1623,1767,36.0,1.0,1.0,4.304065093204169,4.453877942658682,-0.1498128494545128,0.1498128494545128,cf8bee4faf9f1e67678d45b7cd8c350d04e95baeead6b79c4cff607556fb7129
z_degree_to_degree,1,8,test-1-14,1359,1914,4.0,22.0,1.0,4.74493212836325,4.886068255331178,-0.1411361269679281,0.1411361269679281,cf8bee4faf9f1e67678d45b7cd8c350d04e95baeead6b79c4cff607556fb7129
z_degree_to_degree,1,9,test-1-246,1676,1914,4.0,22.0,0.0,4.74493212836325,4.886068255331178,-0.1411361269679281,0.1411361269679281,cf8bee4faf9f1e67678d45b7cd8c350d04e95baeead6b79c4cff607556fb7129
z_degree_to_degree,1,10,test-1-375,604,1914,4.0,22.0,1.0,4.74493212836325,4.886068255331178,-0.1411361269679281,0.1411361269679281,cf8bee4faf9f1e67678d45b7cd8c350d04e95baeead6b79c4cff607556fb7129
z_degree_to_degree,1,11,test-1-232,186,1672,5.0,0.0,0.0,1.791759469228055,1.6534344695468497,0.13832499968120526,0.13832499968120526,cf8bee4faf9f1e67678d45b7cd8c350d04e95baeead6b79c4cff607556fb7129
z_degree_to_degree,1,12,test-1-407,57,2418,0.0,5.0,0.0,1.791759469228055,1.6534344695468497,0.13832499968120526,0.13832499968120526,cf8bee4faf9f1e67678d45b7cd8c350d04e95baeead6b79c4cff607556fb7129
z_degree_to_degree,1,13,test-1-449,1708,2313,5.0,0.0,0.0,1.791759469228055,1.6534344695468497,0.13832499968120526,0.13832499968120526,cf8bee4faf9f1e67678d45b7cd8c350d04e95baeead6b79c4cff607556fb7129
z_degree_to_degree,1,14,test-1-287,482,1810,6.0,38.0,2.0,5.60947179518496,5.747532288303281,-0.13806049311832158,0.13806049311832158,cf8bee4faf9f1e67678d45b7cd8c350d04e95baeead6b79c4cff607556fb7129
z_degree_to_degree,1,15,test-1-385,1270,2034,1.0,35.0,0.0,4.276666119016055,4.412342062336748,-0.13567594332069266,0.13567594332069266,cf8bee4faf9f1e67678d45b7cd8c350d04e95baeead6b79c4cff607556fb7129
z_degree_to_degree,1,16,test-1-411,2034,2042,35.0,1.0,1.0,4.276666119016055,4.412342062336748,-0.13567594332069266,0.13567594332069266,cf8bee4faf9f1e67678d45b7cd8c350d04e95baeead6b79c4cff607556fb7129
z_degree_to_degree,1,17,test-1-417,55,2020,8.0,1.0,1.0,2.890371757896165,2.7560874451018207,0.13428431279434427,0.13428431279434427,cf8bee4faf9f1e67678d45b7cd8c350d04e95baeead6b79c4cff607556fb7129
z_degree_to_degree,1,18,test-1-21,73,1751,11.0,1.0,0.0,3.1780538303479458,3.3103195382506247,-0.132265707902679,0.132265707902679,cf8bee4faf9f1e67678d45b7cd8c350d04e95baeead6b79c4cff607556fb7129
z_degree_to_degree,1,19,test-1-426,1229,1254,11.0,1.0,1.0,3.1780538303479458,3.3103195382506247,-0.132265707902679,0.132265707902679,cf8bee4faf9f1e67678d45b7cd8c350d04e95baeead6b79c4cff607556fb7129
z_degree_to_degree,1,20,test-1-465,1229,1384,11.0,1.0,1.0,3.1780538303479458,3.3103195382506247,-0.132265707902679,0.132265707902679,cf8bee4faf9f1e67678d45b7cd8c350d04e95baeead6b79c4cff607556fb7129
z_cn_to_cn_residual,1,1,test-1-95,1358,1742,139.0,12.0,2.0,-0.5218160654288044,0.018655802457771403,-0.5404718678865759,0.5404718678865759,cf8bee4faf9f1e67678d45b7cd8c350d04e95baeead6b79c4cff607556fb7129
z_cn_to_cn_residual,1,2,test-1-283,88,415,31.0,19.0,10.0,1.35793738207373,0.8354338266349879,0.522503555438742,0.522503555438742,cf8bee4faf9f1e67678d45b7cd8c350d04e95baeead6b79c4cff607556fb7129
z_cn_to_cn_residual,1,3,test-1-316,1986,2001,55.0,14.0,2.0,-0.07862923785894682,0.4187880114149216,-0.49741724927386843,0.49741724927386843,cf8bee4faf9f1e67678d45b7cd8c350d04e95baeead6b79c4cff607556fb7129
z_cn_to_cn_residual,1,4,test-1-452,1358,1740,139.0,12.0,2.0,-0.5218160654288044,-0.06853759136787921,-0.45327847406092525,0.45327847406092525,cf8bee4faf9f1e67678d45b7cd8c350d04e95baeead6b79c4cff607556fb7129
z_cn_to_cn_residual,1,5,test-1-7,306,1798,64.0,5.0,5.0,1.0897527105280385,0.7117555786758631,0.3779971318521753,0.3779971318521753,cf8bee4faf9f1e67678d45b7cd8c350d04e95baeead6b79c4cff607556fb7129
z_cn_to_cn_residual,1,6,test-1-265,353,1345,3.0,1.0,1.0,0.6894917191807426,0.3170360283425211,0.3724556908382215,0.3724556908382215,cf8bee4faf9f1e67678d45b7cd8c350d04e95baeead6b79c4cff607556fb7129
z_cn_to_cn_residual,1,7,test-1-44,1085,1421,3.0,5.0,3.0,1.1773142271763006,0.8695964236103417,0.3077178035659589,0.3077178035659589,cf8bee4faf9f1e67678d45b7cd8c350d04e95baeead6b79c4cff607556fb7129
z_cn_to_cn_residual,1,8,test-1-11,4,1761,4.0,5.0,2.0,0.8212733044980796,1.0784606406151376,-0.257187336117058,0.257187336117058,cf8bee4faf9f1e67678d45b7cd8c350d04e95baeead6b79c4cff607556fb7129
z_cn_to_cn_residual,1,9,test-1-264,167,1056,2.0,1.0,1.0,0.6895865039918867,0.45387094697971064,0.23571555701217606,0.23571555701217606,cf8bee4faf9f1e67678d45b7cd8c350d04e95baeead6b79c4cff607556fb7129
z_cn_to_cn_residual,1,10,test-1-287,482,1810,6.0,38.0,2.0,0.5499859594505343,0.7826555453510071,-0.23266958590047282,0.23266958590047282,cf8bee4faf9f1e67678d45b7cd8c350d04e95baeead6b79c4cff607556fb7129
z_cn_to_cn_residual,1,11,test-1-329,120,2405,4.0,6.0,3.0,0.9814936463776394,0.7658784909976231,0.2156151553800163,0.2156151553800163,cf8bee4faf9f1e67678d45b7cd8c350d04e95baeead6b79c4cff607556fb7129
z_cn_to_cn_residual,1,12,test-1-238,1072,1725,26.0,11.0,3.0,1.0575197935891483,0.8425425111572686,0.21497728243187963,0.21497728243187963,cf8bee4faf9f1e67678d45b7cd8c350d04e95baeead6b79c4cff607556fb7129
z_cn_to_cn_residual,1,13,test-1-416,95,734,18.0,10.0,2.0,0.11452475044660182,0.32769556732537186,-0.21317081687877004,0.21317081687877004,cf8bee4faf9f1e67678d45b7cd8c350d04e95baeead6b79c4cff607556fb7129
z_cn_to_cn_residual,1,14,test-1-119,155,1358,5.0,139.0,3.0,0.7419506826667789,0.953756319411373,-0.21180563674459407,0.21180563674459407,cf8bee4faf9f1e67678d45b7cd8c350d04e95baeead6b79c4cff607556fb7129
z_cn_to_cn_residual,1,15,test-1-475,598,1821,26.0,4.0,1.0,0.11366833474633009,0.3253464039613272,-0.2116780692149971,0.2116780692149971,cf8bee4faf9f1e67678d45b7cd8c350d04e95baeead6b79c4cff607556fb7129
z_cn_to_cn_residual,1,16,test-1-443,1889,1891,6.0,2.0,2.0,0.9878307890584649,0.7810709614657139,0.20675982759275102,0.20675982759275102,cf8bee4faf9f1e67678d45b7cd8c350d04e95baeead6b79c4cff607556fb7129
z_cn_to_cn_residual,1,17,test-1-64,56,1849,2.0,5.0,2.0,0.9968573720579954,0.790286803883286,0.20657056817470942,0.20657056817470942,cf8bee4faf9f1e67678d45b7cd8c350d04e95baeead6b79c4cff607556fb7129
z_cn_to_cn_residual,1,18,test-1-337,1462,1663,3.0,2.0,1.0,0.6173586728971772,0.4178564734912571,0.19950219940592007,0.19950219940592007,cf8bee4faf9f1e67678d45b7cd8c350d04e95baeead6b79c4cff607556fb7129
z_cn_to_cn_residual,1,19,test-1-74,1091,2176,2.0,6.0,2.0,0.9878307890584649,1.1845422596860495,-0.19671147062758465,0.19671147062758465,cf8bee4faf9f1e67678d45b7cd8c350d04e95baeead6b79c4cff607556fb7129
z_cn_to_cn_residual,1,20,test-1-505,167,168,2.0,2.0,1.0,0.6345001729408056,0.44711576269916065,0.18738441024164498,0.18738441024164498,cf8bee4faf9f1e67678d45b7cd8c350d04e95baeead6b79c4cff607556fb7129
z_cn_to_degree,2,1,test-2-457,1358,1751,139.0,1.0,0.0,5.634789603169249,2.3484889854911,3.2863006176781493,3.2863006176781493,cf8bee4faf9f1e67678d45b7cd8c350d04e95baeead6b79c4cff607556fb7129
z_cn_to_degree,2,2,test-2-511,170,1358,1.0,139.0,0.0,5.634789603169249,2.3484889854911,3.2863006176781493,3.2863006176781493,cf8bee4faf9f1e67678d45b7cd8c350d04e95baeead6b79c4cff607556fb7129
z_cn_to_degree,2,3,test-2-115,155,1358,5.0,139.0,3.0,6.733401891837358,3.843457411052009,2.889944480785349,2.889944480785349,cf8bee4faf9f1e67678d45b7cd8c350d04e95baeead6b79c4cff607556fb7129
z_cn_to_degree,2,4,test-2-18,968,1986,1.0,55.0,0.0,4.718498871295095,2.003181429792633,2.715317441502462,2.715317441502462,cf8bee4faf9f1e67678d45b7cd8c350d04e95baeead6b79c4cff607556fb7129
z_cn_to_degree,2,5,test-2-177,1876,1986,1.0,55.0,0.0,4.718498871295095,2.003181429792633,2.715317441502462,2.715317441502462,cf8bee4faf9f1e67678d45b7cd8c350d04e95baeead6b79c4cff607556fb7129
z_cn_to_degree,2,6,test-2-251,1986,1991,55.0,1.0,0.0,4.718498871295095,2.003181429792633,2.715317441502462,2.715317441502462,cf8bee4faf9f1e67678d45b7cd8c350d04e95baeead6b79c4cff607556fb7129
z_cn_to_degree,2,7,test-2-437,335,1986,1.0,55.0,0.0,4.718498871295095,2.003181429792633,2.715317441502462,2.715317441502462,cf8bee4faf9f1e67678d45b7cd8c350d04e95baeead6b79c4cff607556fb7129
z_cn_to_degree,2,8,test-2-474,90,1358,2.0,139.0,1.0,6.040254711277413,3.4558299977132894,2.5844247135641236,2.5844247135641236,cf8bee4faf9f1e67678d45b7cd8c350d04e95baeead6b79c4cff607556fb7129
z_cn_to_degree,2,9,test-2-212,1013,1293,29.0,2.0,0.0,4.499809670330265,1.9500695474601741,2.549740122870091,2.549740122870091,cf8bee4faf9f1e67678d45b7cd8c350d04e95baeead6b79c4cff607556fb7129
z_cn_to_degree,2,10,test-2-438,346,1358,1.0,139.0,1.0,5.634789603169249,3.0905268277015203,2.544262775467729,2.544262775467729,cf8bee4faf9f1e67678d45b7cd8c350d04e95baeead6b79c4cff607556fb7129
z_cn_to_degree,2,11,test-2-144,13,1701,1.0,65.0,0.0,4.882801922586371,2.398695987817325,2.4841059347690457,2.4841059347690457,cf8bee4faf9f1e67678d45b7cd8c350d04e95baeead6b79c4cff607556fb7129
z_cn_to_degree,2,12,test-2-48,1358,1568,139.0,2.0,1.0,6.040254711277413,3.6514165208902387,2.3888381903871743,2.3888381903871743,cf8bee4faf9f1e67678d45b7cd8c350d04e95baeead6b79c4cff607556fb7129
z_cn_to_degree,2,13,test-2-42,326,1358,2.0,139.0,1.0,6.040254711277413,3.7862786999999685,2.2539760112774445,2.2539760112774445,cf8bee4faf9f1e67678d45b7cd8c350d04e95baeead6b79c4cff607556fb7129
z_cn_to_degree,2,14,test-2-267,353,1345,3.0,1.0,1.0,2.0794415416798357,4.247059886529776,-2.16761834484994,2.16761834484994,cf8bee4faf9f1e67678d45b7cd8c350d04e95baeead6b79c4cff607556fb7129
z_cn_to_degree,2,15,test-2-411,2034,2042,35.0,1.0,1.0,4.276666119016055,2.2249859606605327,2.0516801583555226,2.0516801583555226,cf8bee4faf9f1e67678d45b7cd8c350d04e95baeead6b79c4cff607556fb7129
z_cn_to_degree,2,16,test-2-103,873,1358,3.0,139.0,1.0,6.327936783729195,4.302435421095405,2.02550136263379,2.02550136263379,cf8bee4faf9f1e67678d45b7cd8c350d04e95baeead6b79c4cff607556fb7129
z_cn_to_degree,2,17,test-2-500,1358,1741,139.0,2.0,0.0,6.040254711277413,4.032611104770654,2.0076436065067593,2.0076436065067593,cf8bee4faf9f1e67678d45b7cd8c350d04e95baeead6b79c4cff607556fb7129
z_cn_to_degree,2,18,test-2-353,205,1701,1.0,65.0,1.0,4.882801922586371,2.9108367184581567,1.9719652041282139,1.9719652041282139,cf8bee4faf9f1e67678d45b7cd8c350d04e95baeead6b79c4cff607556fb7129
z_cn_to_degree,2,19,test-2-147,876,1358,3.0,139.0,1.0,6.327936783729195,4.370960076535681,1.9569767071935136,1.9569767071935136,cf8bee4faf9f1e67678d45b7cd8c350d04e95baeead6b79c4cff607556fb7129
z_cn_to_degree,2,20,test-2-157,832,2600,0.0,0.0,0.0,0.0,1.9491105460381561,-1.9491105460381561,1.9491105460381561,cf8bee4faf9f1e67678d45b7cd8c350d04e95baeead6b79c4cff607556fb7129
z_residual_to_degree,2,1,test-2-356,1515,2234,1.0,0.0,0.0,0.6931471805599453,-14.330086232955061,15.023233413515007,15.023233413515007,cf8bee4faf9f1e67678d45b7cd8c350d04e95baeead6b79c4cff607556fb7129
z_residual_to_degree,2,2,test-2-343,372,626,2.0,3.0,0.0,2.484906649788,-1.5462364901650987,4.031143139953098,4.031143139953098,cf8bee4faf9f1e67678d45b7cd8c350d04e95baeead6b79c4cff607556fb7129
z_residual_to_degree,2,3,test-2-452,1358,1740,139.0,12.0,2.0,7.50659178007084,3.5453677035354736,3.9612240765353666,3.9612240765353666,cf8bee4faf9f1e67678d45b7cd8c350d04e95baeead6b79c4cff607556fb7129
z_residual_to_degree,2,4,test-2-102,649,1457,0.0,1.0,0.0,0.6931471805599453,4.603765990404048,-3.9106188098441024,3.9106188098441024,cf8bee4faf9f1e67678d45b7cd8c350d04e95baeead6b79c4cff607556fb7129
z_residual_to_degree,2,5,test-2-92,1358,1742,139.0,12.0,2.0,7.50659178007084,3.6357904899807494,3.8708012900900908,3.8708012900900908,cf8bee4faf9f1e67678d45b7cd8c350d04e95baeead6b79c4cff607556fb7129
z_residual_to_degree,2,6,test-2-115,155,1358,5.0,139.0,3.0,6.733401891837358,3.0607114395752015,3.672690452262157,3.672690452262157,cf8bee4faf9f1e67678d45b7cd8c350d04e95baeead6b79c4cff607556fb7129
z_residual_to_degree,2,7,test-2-112,154,1358,10.0,139.0,7.0,7.3395376954076745,3.6820790890984685,3.657458606309206,3.657458606309206,cf8bee4faf9f1e67678d45b7cd8c350d04e95baeead6b79c4cff607556fb7129
z_residual_to_degree,2,8,test-2-318,1986,2001,55.0,14.0,2.0,6.73340189183736,3.076695623218725,3.656706268618635,3.656706268618635,cf8bee4faf9f1e67678d45b7cd8c350d04e95baeead6b79c4cff607556fb7129
z_residual_to_degree,2,9,test-2-183,1154,1358,9.0,139.0,4.0,7.24422751560335,3.6330754350845536,3.611152080518796,3.611152080518796,cf8bee4faf9f1e67678d45b7cd8c350d04e95baeead6b79c4cff607556fb7129
z_residual_to_degree,2,10,test-2-179,561,1016,0.0,3.0,0.0,1.3862943611198906,4.851166677221407,-3.4648723161015162,3.4648723161015162,cf8bee4faf9f1e67678d45b7cd8c350d04e95baeead6b79c4cff607556fb7129
z_residual_to_degree,2,11,test-2-97,71,1986,0.0,55.0,0.0,4.02535169073515,0.7818787459508094,3.2434729447843402,3.2434729447843402,cf8bee4faf9f1e67678d45b7cd8c350d04e95baeead6b79c4cff607556fb7129
z_residual_to_degree,2,12,test-2-319,1358,1761,139.0,5.0,2.0,6.733401891837358,3.5675748625690957,3.1658270292682626,3.1658270292682626,cf8bee4faf9f1e67678d45b7cd8c350d04e95baeead6b79c4cff607556fb7129
z_residual_to_degree,2,13,test-2-442,1358,1709,139.0,3.0,1.0,6.327936783729195,3.163955633028227,3.163981150700968,3.163981150700968,cf8bee4faf9f1e67678d45b7cd8c350d04e95baeead6b79c4cff607556fb7129
z_residual_to_degree,2,14,test-2-474,90,1358,2.0,139.0,1.0,6.040254711277413,2.912389190796349,3.127865520481064,3.127865520481064,cf8bee4faf9f1e67678d45b7cd8c350d04e95baeead6b79c4cff607556fb7129
z_residual_to_degree,2,15,test-2-250,873,2313,3.0,0.0,0.0,1.3862943611198906,4.493153766628382,-3.106859405508491,3.106859405508491,cf8bee4faf9f1e67678d45b7cd8c350d04e95baeead6b79c4cff607556fb7129
z_residual_to_degree,2,16,test-2-239,764,1358,3.0,139.0,1.0,6.327936783729195,3.2301261490775324,3.0978106346516623,3.0978106346516623,cf8bee4faf9f1e67678d45b7cd8c350d04e95baeead6b79c4cff607556fb7129
z_residual_to_degree,2,17,test-2-269,306,2080,64.0,9.0,7.0,6.476972362889683,3.3920444488539223,3.0849279140357604,3.0849279140357604,cf8bee4faf9f1e67678d45b7cd8c350d04e95baeead6b79c4cff607556fb7129
z_residual_to_degree,2,18,test-2-286,88,415,31.0,19.0,10.0,6.461468176353717,3.394798951976228,3.0666692243774896,3.0666692243774896,cf8bee4faf9f1e67678d45b7cd8c350d04e95baeead6b79c4cff607556fb7129
z_residual_to_degree,2,19,test-2-471,229,2118,0.0,2.0,0.0,1.0986122886681096,4.152755752566003,-3.0541434638978937,3.0541434638978937,cf8bee4faf9f1e67678d45b7cd8c350d04e95baeead6b79c4cff607556fb7129
z_residual_to_degree,2,20,test-2-312,1358,1745,139.0,5.0,2.0,6.733401891837358,3.6819889883760553,3.051412903461303,3.051412903461303,cf8bee4faf9f1e67678d45b7cd8c350d04e95baeead6b79c4cff607556fb7129
z_degree_to_cn_residual,2,1,test-2-286,88,415,31.0,19.0,10.0,1.35793738207373,-0.041289875552379035,1.399227257626109,1.399227257626109,cf8bee4faf9f1e67678d45b7cd8c350d04e95baeead6b79c4cff607556fb7129
z_degree_to_cn_residual,2,2,test-2-155,310,1950,15.0,13.0,8.0,1.2627715283766356,0.08834049455405066,1.174431033822585,1.174431033822585,cf8bee4faf9f1e67678d45b7cd8c350d04e95baeead6b79c4cff607556fb7129
z_degree_to_cn_residual,2,3,test-2-238,1072,1725,26.0,11.0,3.0,1.0575197935891483,-0.04487485981772421,1.1023946534068725,1.1023946534068725,cf8bee4faf9f1e67678d45b7cd8c350d04e95baeead6b79c4cff607556fb7129
z_degree_to_cn_residual,2,4,test-2-336,1090,2367,6.0,12.0,5.0,1.1605692126756,0.06053994294802617,1.1000292697275738,1.1000292697275738,cf8bee4faf9f1e67678d45b7cd8c350d04e95baeead6b79c4cff607556fb7129
z_degree_to_cn_residual,2,5,test-2-320,745,1986,7.0,55.0,6.0,1.0888176139850687,-0.00444752059498793,1.0932651345800566,1.0932651345800566,cf8bee4faf9f1e67678d45b7cd8c350d04e95baeead6b79c4cff607556fb7129
z_degree_to_cn_residual,2,6,test-2-173,1102,2464,4.0,9.0,4.0,1.1849817921765171,0.14716305566640023,1.0378187365101168,1.0378187365101168,cf8bee4faf9f1e67678d45b7cd8c350d04e95baeead6b79c4cff607556fb7129
z_degree_to_cn_residual,2,7,test-2-7,306,1798,64.0,5.0,5.0,1.0897527105280385,0.08853843638318382,1.0012142741448546,1.0012142741448546,cf8bee4faf9f1e67678d45b7cd8c350d04e95baeead6b79c4cff607556fb7129
z_degree_to_cn_residual,2,8,test-2-292,48,598,7.0,26.0,0.0,-0.9950422905965786,-0.0010741655152672336,-0.9939681250813113,0.9939681250813113,cf8bee4faf9f1e67678d45b7cd8c350d04e95baeead6b79c4cff607556fb7129
z_degree_to_cn_residual,2,9,test-2-5,507,1300,16.0,6.0,5.0,1.0283168230873239,0.044248945986576055,0.9840678771007478,0.9840678771007478,cf8bee4faf9f1e67678d45b7cd8c350d04e95baeead6b79c4cff607556fb7129
z_degree_to_cn_residual,2,10,test-2-40,1109,2671,3.0,12.0,3.0,1.0631781652624883,0.130411169274037,0.9327669959884513,0.9327669959884513,cf8bee4faf9f1e67678d45b7cd8c350d04e95baeead6b79c4cff607556fb7129
z_degree_to_cn_residual,2,11,test-2-3,657,1740,10.0,12.0,0.0,-0.8077701392043845,0.11613080339808717,-0.9239009426024716,0.9239009426024716,cf8bee4faf9f1e67678d45b7cd8c350d04e95baeead6b79c4cff607556fb7129
z_degree_to_cn_residual,2,12,test-2-44,1085,1421,3.0,5.0,3.0,1.1773142271763006,0.27495388809516164,0.902360339081139,0.902360339081139,cf8bee4faf9f1e67678d45b7cd8c350d04e95baeead6b79c4cff607556fb7129
z_degree_to_cn_residual,2,13,test-2-368,905,1483,3.0,20.0,3.0,1.0242908208925827,0.1568491308755371,0.8674416900170456,0.8674416900170456,cf8bee4faf9f1e67678d45b7cd8c350d04e95baeead6b79c4cff607556fb7129
z_degree_to_cn_residual,2,14,test-2-510,963,2434,16.0,4.0,3.0,0.9297740279230993,0.07477666708007878,0.8549973608430205,0.8549973608430205,cf8bee4faf9f1e67678d45b7cd8c350d04e95baeead6b79c4cff607556fb7129
z_degree_to_cn_residual,2,15,test-2-428,2222,2225,3.0,4.0,3.0,1.190741033558266,0.33970937302107745,0.8510316605371886,0.8510316605371886,cf8bee4faf9f1e67678d45b7cd8c350d04e95baeead6b79c4cff607556fb7129
z_degree_to_cn_residual,2,16,test-2-446,15,1271,3.0,4.0,3.0,1.190741033558266,0.33970937302107745,0.8510316605371886,0.8510316605371886,cf8bee4faf9f1e67678d45b7cd8c350d04e95baeead6b79c4cff607556fb7129
z_degree_to_cn_residual,2,17,test-2-78,1273,2125,7.0,3.0,3.0,1.076540575137234,0.22786366753016632,0.8486769076070676,0.8486769076070676,cf8bee4faf9f1e67678d45b7cd8c350d04e95baeead6b79c4cff607556fb7129
z_degree_to_cn_residual,2,18,test-2-185,132,379,4.0,5.0,3.0,1.1089553769498606,0.2890697409287933,0.8198856360210673,0.8198856360210673,cf8bee4faf9f1e67678d45b7cd8c350d04e95baeead6b79c4cff607556fb7129
z_degree_to_cn_residual,2,19,test-2-355,519,598,10.0,26.0,0.0,-0.830148528167549,-0.031550102669371916,-0.7985984254981771,0.7985984254981771,cf8bee4faf9f1e67678d45b7cd8c350d04e95baeead6b79c4cff607556fb7129
z_degree_to_cn_residual,2,20,test-2-175,1396,2394,5.0,14.0,3.0,0.8492232481702923,0.07449188852763579,0.7747313596426565,0.7747313596426565,cf8bee4faf9f1e67678d45b7cd8c350d04e95baeead6b79c4cff607556fb7129
z_degree_to_degree,2,1,test-2-92,1358,1742,139.0,12.0,2.0,7.50659178007084,7.150241185990922,0.35635059407991854,0.35635059407991854,cf8bee4faf9f1e67678d45b7cd8c350d04e95baeead6b79c4cff607556fb7129
z_degree_to_degree,2,2,test-2-452,1358,1740,139.0,12.0,2.0,7.50659178007084,7.150241185990922,0.35635059407991854,0.35635059407991854,cf8bee4faf9f1e67678d45b7cd8c350d04e95baeead6b79c4cff607556fb7129
z_degree_to_degree,2,3,test-2-112,154,1358,10.0,139.0,7.0,7.3395376954076745,7.020500338628985,0.31903735677868994,0.31903735677868994,cf8bee4faf9f1e67678d45b7cd8c350d04e95baeead6b79c4cff607556fb7129
z_degree_to_degree,2,4,test-2-183,1154,1358,9.0,139.0,4.0,7.24422751560335,6.984264811389153,0.259962704214197,0.259962704214197,cf8bee4faf9f1e67678d45b7cd8c350d04e95baeead6b79c4cff607556fb7129
z_degree_to_degree,2,5,test-2-286,88,415,31.0,19.0,10.0,6.461468176353717,6.264140743269245,0.19732743308447276,0.19732743308447276,cf8bee4faf9f1e67678d45b7cd8c350d04e95baeead6b79c4cff607556fb7129
z_degree_to_degree,2,6,test-2-291,482,1810,6.0,38.0,2.0,5.60947179518496,5.797372958901111,-0.18790116371615095,0.18790116371615095,cf8bee4faf9f1e67678d45b7cd8c350d04e95baeead6b79c4cff607556fb7129
z_degree_to_degree,2,7,test-2-233,186,1672,5.0,0.0,0.0,1.791759469228055,1.60445623796083,0.18730323126722492,0.18730323126722492,cf8bee4faf9f1e67678d45b7cd8c350d04e95baeead6b79c4cff607556fb7129
z_degree_to_degree,2,8,test-2-407,57,2418,0.0,5.0,0.0,1.791759469228055,1.60445623796083,0.18730323126722492,0.18730323126722492,cf8bee4faf9f1e67678d45b7cd8c350d04e95baeead6b79c4cff607556fb7129
z_degree_to_degree,2,9,test-2-449,1708,2313,5.0,0.0,0.0,1.791759469228055,1.60445623796083,0.18730323126722492,0.18730323126722492,cf8bee4faf9f1e67678d45b7cd8c350d04e95baeead6b79c4cff607556fb7129
z_degree_to_degree,2,10,test-2-318,1986,2001,55.0,14.0,2.0,6.73340189183736,6.548146764361455,0.1852551274759051,0.1852551274759051,cf8bee4faf9f1e67678d45b7cd8c350d04e95baeead6b79c4cff607556fb7129
z_degree_to_degree,2,11,test-2-305,133,1623,6.0,36.0,2.0,5.556828061699537,5.736285091295907,-0.17945702959637,0.17945702959637,cf8bee4faf9f1e67678d45b7cd8c350d04e95baeead6b79c4cff607556fb7129
z_degree_to_degree,2,12,test-2-113,1623,1767,36.0,1.0,1.0,4.304065093204169,4.465063716190457,-0.16099862298628764,0.16099862298628764,cf8bee4faf9f1e67678d45b7cd8c350d04e95baeead6b79c4cff607556fb7129
z_degree_to_degree,2,13,test-2-14,1359,1914,4.0,22.0,1.0,4.74493212836325,4.902785108061684,-0.1578529796984336,0.1578529796984336,cf8bee4faf9f1e67678d45b7cd8c350d04e95baeead6b79c4cff607556fb7129
z_degree_to_degree,2,14,test-2-246,1676,1914,4.0,22.0,0.0,4.74493212836325,4.902785108061684,-0.1578529796984336,0.1578529796984336,cf8bee4faf9f1e67678d45b7cd8c350d04e95baeead6b79c4cff607556fb7129
z_degree_to_degree,2,15,test-2-376,604,1914,4.0,22.0,1.0,4.74493212836325,4.902785108061684,-0.1578529796984336,0.1578529796984336,cf8bee4faf9f1e67678d45b7cd8c350d04e95baeead6b79c4cff607556fb7129
z_degree_to_degree,2,16,test-2-385,1270,2034,1.0,35.0,0.0,4.276666119016055,4.419265517949057,-0.1425993989330019,0.1425993989330019,cf8bee4faf9f1e67678d45b7cd8c350d04e95baeead6b79c4cff607556fb7129
z_degree_to_degree,2,17,test-2-411,2034,2042,35.0,1.0,1.0,4.276666119016055,4.419265517949057,-0.1425993989330019,0.1425993989330019,cf8bee4faf9f1e67678d45b7cd8c350d04e95baeead6b79c4cff607556fb7129
z_degree_to_degree,2,18,test-2-422,506,1013,3.0,29.0,0.0,4.787491742782046,4.922598204648644,-0.1351064618665978,0.1351064618665978,cf8bee4faf9f1e67678d45b7cd8c350d04e95baeead6b79c4cff607556fb7129
z_degree_to_degree,2,19,test-2-155,310,1950,15.0,13.0,8.0,5.41164605185504,5.276585537059345,0.13506051479569514,0.13506051479569514,cf8bee4faf9f1e67678d45b7cd8c350d04e95baeead6b79c4cff607556fb7129
z_degree_to_degree,2,20,test-2-316,525,1628,13.0,15.0,4.0,5.41164605185504,5.276585537059345,0.13506051479569514,0.13506051479569514,cf8bee4faf9f1e67678d45b7cd8c350d04e95baeead6b79c4cff607556fb7129
z_cn_to_cn_residual,2,1,test-2-92,1358,1742,139.0,12.0,2.0,-0.5218160654288044,-0.012560941118064273,-0.5092551243107402,0.5092551243107402,cf8bee4faf9f1e67678d45b7cd8c350d04e95baeead6b79c4cff607556fb7129
z_cn_to_cn_residual,2,2,test-2-286,88,415,31.0,19.0,10.0,1.35793738207373,0.8543178787463783,0.5036195033273516,0.5036195033273516,cf8bee4faf9f1e67678d45b7cd8c350d04e95baeead6b79c4cff607556fb7129
z_cn_to_cn_residual,2,3,test-2-318,1986,2001,55.0,14.0,2.0,-0.07862923785894682,0.4175870576801821,-0.49621629553912894,0.49621629553912894,cf8bee4faf9f1e67678d45b7cd8c350d04e95baeead6b79c4cff607556fb7129
z_cn_to_cn_residual,2,4,test-2-452,1358,1740,139.0,12.0,2.0,-0.5218160654288044,-0.10427117930712027,-0.41754488612168417,0.41754488612168417,cf8bee4faf9f1e67678d45b7cd8c350d04e95baeead6b79c4cff607556fb7129
z_cn_to_cn_residual,2,5,test-2-7,306,1798,64.0,5.0,5.0,1.0897527105280385,0.7025261746657183,0.38722653586232014,0.38722653586232014,cf8bee4faf9f1e67678d45b7cd8c350d04e95baeead6b79c4cff607556fb7129
z_cn_to_cn_residual,2,6,test-2-267,353,1345,3.0,1.0,1.0,0.6894917191807426,0.3419528490364381,0.3475388701443045,0.3475388701443045,cf8bee4faf9f1e67678d45b7cd8c350d04e95baeead6b79c4cff607556fb7129
z_cn_to_cn_residual,2,7,test-2-183,1154,1358,9.0,139.0,4.0,0.33672796414016415,0.6770137502195188,-0.34028578607935467,0.34028578607935467,cf8bee4faf9f1e67678d45b7cd8c350d04e95baeead6b79c4cff607556fb7129
z_cn_to_cn_residual,2,8,test-2-339,1462,1663,3.0,2.0,1.0,0.6173586728971772,0.29585086393962656,0.3215078089575506,0.3215078089575506,cf8bee4faf9f1e67678d45b7cd8c350d04e95baeead6b79c4cff607556fb7129
z_cn_to_cn_residual,2,9,test-2-266,167,1056,2.0,1.0,1.0,0.6895865039918867,0.38686287422211707,0.30272362976976963,0.30272362976976963,cf8bee4faf9f1e67678d45b7cd8c350d04e95baeead6b79c4cff607556fb7129
z_cn_to_cn_residual,2,10,test-2-44,1085,1421,3.0,5.0,3.0,1.1773142271763006,0.8839567533849639,0.2933574737913367,0.2933574737913367,cf8bee4faf9f1e67678d45b7cd8c350d04e95baeead6b79c4cff607556fb7129
z_cn_to_cn_residual,2,11,test-2-279,870,1119,2.0,12.0,1.0,0.504912141795012,0.23319166074056696,0.271720481054445,0.271720481054445,cf8bee4faf9f1e67678d45b7cd8c350d04e95baeead6b79c4cff607556fb7129
z_cn_to_cn_residual,2,12,test-2-505,167,168,2.0,2.0,1.0,0.6345001729408056,0.3690686160923815,0.2654315568484241,0.2654315568484241,cf8bee4faf9f1e67678d45b7cd8c350d04e95baeead6b79c4cff607556fb7129
z_cn_to_cn_residual,2,13,test-2-416,95,734,18.0,10.0,2.0,0.11452475044660182,0.3758969157524015,-0.26137216530579965,0.26137216530579965,cf8bee4faf9f1e67678d45b7cd8c350d04e95baeead6b79c4cff607556fb7129
z_cn_to_cn_residual,2,14,test-2-115,155,1358,5.0,139.0,3.0,0.7419506826667789,0.9997367331125426,-0.25778605044576375,0.25778605044576375,cf8bee4faf9f1e67678d45b7cd8c350d04e95baeead6b79c4cff607556fb7129
z_cn_to_cn_residual,2,15,test-2-443,1889,1891,6.0,2.0,2.0,0.9878307890584649,0.7525071238979546,0.2353236651605103,0.2353236651605103,cf8bee4faf9f1e67678d45b7cd8c350d04e95baeead6b79c4cff607556fb7129
z_cn_to_cn_residual,2,16,test-2-291,482,1810,6.0,38.0,2.0,0.5499859594505343,0.7831045516671127,-0.23311859221657838,0.23311859221657838,cf8bee4faf9f1e67678d45b7cd8c350d04e95baeead6b79c4cff607556fb7129
z_cn_to_cn_residual,2,17,test-2-204,1889,1890,6.0,1.0,1.0,0.6896682014994859,0.4582209075595862,0.2314472939398997,0.2314472939398997,cf8bee4faf9f1e67678d45b7cd8c350d04e95baeead6b79c4cff607556fb7129
z_cn_to_cn_residual,2,18,test-2-370,403,806,6.0,1.0,1.0,0.6896682014994859,0.4595751910799859,0.23009301041950003,0.23009301041950003,cf8bee4faf9f1e67678d45b7cd8c350d04e95baeead6b79c4cff607556fb7129
z_cn_to_cn_residual,2,19,test-2-238,1072,1725,26.0,11.0,3.0,1.0575197935891483,0.8309292620695221,0.22659053151962616,0.22659053151962616,cf8bee4faf9f1e67678d45b7cd8c350d04e95baeead6b79c4cff607556fb7129
z_cn_to_cn_residual,2,20,test-2-63,56,1849,2.0,5.0,2.0,0.9968573720579954,0.7800164920334894,0.21684088002450597,0.21684088002450597,cf8bee4faf9f1e67678d45b7cd8c350d04e95baeead6b79c4cff607556fb7129
