dataset,model_seed,probe,role,probe_seed,metric,status,baseline,candidate,delta,count
cora,0,z_cn_to_degree,cross_leakage,0,r2,AVAILABLE,-340.5485433149144,0.4341870555697912,340.9827303704842,
cora,0,z_cn_to_degree,cross_leakage,0,mae,AVAILABLE,2.5057146474351373,0.8353689135094889,-1.6703457339256484,
cora,0,z_cn_to_degree,cross_leakage,0,spearman,AVAILABLE,0.359797980525756,0.6868051972108955,0.3270072166851395,
cora,0,z_residual_to_degree,cross_leakage,0,r2,AVAILABLE,0.1541501383796609,0.0582409685118857,-0.0959091698677752,
cora,0,z_residual_to_degree,cross_leakage,0,mae,AVAILABLE,0.9844109039692917,0.9976885961274892,0.013277692158197518,
cora,0,z_residual_to_degree,cross_leakage,0,spearman,AVAILABLE,0.4521580221181645,0.3593801028553631,-0.09277791926280143,
cora,0,z_degree_to_cn_residual,cross_leakage,0,r2,AVAILABLE,0.0134561648589471,-0.0633216828020992,-0.0767778476610463,
cora,0,z_degree_to_cn_residual,cross_leakage,0,mae,AVAILABLE,0.3343498952018827,0.3403356094104472,0.00598571420856453,
cora,0,z_degree_to_cn_residual,cross_leakage,0,spearman,AVAILABLE,0.0353144029425766,0.0364611081156811,0.0011467051731045008,
cora,0,z_degree_to_degree,target_retention,0,r2,AVAILABLE,0.8800395623715591,0.8772285694256768,-0.0028109929458822736,
cora,0,z_degree_to_degree,target_retention,0,mae,AVAILABLE,0.4183795668415352,0.4232605755632895,0.0048810087217542875,
cora,0,z_degree_to_degree,target_retention,0,spearman,AVAILABLE,0.9918034252611873,0.991006394917063,-0.000797030344124261,
cora,0,z_cn_to_cn_residual,target_retention,0,r2,AVAILABLE,-1.4922711369963113,0.9145113683519424,2.4067825053482537,
cora,0,z_cn_to_cn_residual,target_retention,0,mae,AVAILABLE,0.1927332861783285,0.0867307632504565,-0.10600252292787199,
cora,0,z_cn_to_cn_residual,target_retention,0,spearman,AVAILABLE,0.7849658733616597,0.966171583723016,0.18120571036135635,
cora,0,z_cn_to_degree,cross_leakage,1,r2,AVAILABLE,-340.5485433149144,0.4341870555697912,340.9827303704842,
cora,0,z_cn_to_degree,cross_leakage,1,mae,AVAILABLE,2.5057146474351373,0.8353689135094889,-1.6703457339256484,
cora,0,z_cn_to_degree,cross_leakage,1,spearman,AVAILABLE,0.359797980525756,0.6868051972108955,0.3270072166851395,
cora,0,z_residual_to_degree,cross_leakage,1,r2,AVAILABLE,0.1541501383796609,0.0582409685118857,-0.0959091698677752,
cora,0,z_residual_to_degree,cross_leakage,1,mae,AVAILABLE,0.9844109039692917,0.9976885961274892,0.013277692158197518,
cora,0,z_residual_to_degree,cross_leakage,1,spearman,AVAILABLE,0.4521580221181645,0.3593801028553631,-0.09277791926280143,
cora,0,z_degree_to_cn_residual,cross_leakage,1,r2,AVAILABLE,0.0134561648589471,-0.0633216828020992,-0.0767778476610463,
cora,0,z_degree_to_cn_residual,cross_leakage,1,mae,AVAILABLE,0.3343498952018827,0.3403356094104472,0.00598571420856453,
cora,0,z_degree_to_cn_residual,cross_leakage,1,spearman,AVAILABLE,0.0353144029425766,0.0364611081156811,0.0011467051731045008,
cora,0,z_degree_to_degree,target_retention,1,r2,AVAILABLE,0.8800395623715591,0.8772285694256768,-0.0028109929458822736,
cora,0,z_degree_to_degree,target_retention,1,mae,AVAILABLE,0.4183795668415352,0.4232605755632895,0.0048810087217542875,
cora,0,z_degree_to_degree,target_retention,1,spearman,AVAILABLE,0.9918034252611873,0.991006394917063,-0.000797030344124261,
cora,0,z_cn_to_cn_residual,target_retention,1,r2,AVAILABLE,-1.4922711369963113,0.9145113683519424,2.4067825053482537,
cora,0,z_cn_to_cn_residual,target_retention,1,mae,AVAILABLE,0.1927332861783285,0.0867307632504565,-0.10600252292787199,
cora,0,z_cn_to_cn_residual,target_retention,1,spearman,AVAILABLE,0.7849658733616597,0.966171583723016,0.18120571036135635,
cora,0,z_cn_to_degree,cross_leakage,2,r2,AVAILABLE,-340.5485433149144,0.4341870555697912,340.9827303704842,
cora,0,z_cn_to_degree,cross_leakage,2,mae,AVAILABLE,2.5057146474351373,0.8353689135094889,-1.6703457339256484,
cora,0,z_cn_to_degree,cross_leakage,2,spearman,AVAILABLE,0.359797980525756,0.6868051972108955,0.3270072166851395,
cora,0,z_residual_to_degree,cross_leakage,2,r2,AVAILABLE,0.1541501383796609,0.0582409685118857,-0.0959091698677752,
cora,0,z_residual_to_degree,cross_leakage,2,mae,AVAILABLE,0.9844109039692917,0.9976885961274892,0.013277692158197518,
cora,0,z_residual_to_degree,cross_leakage,2,spearman,AVAILABLE,0.4521580221181645,0.3593801028553631,-0.09277791926280143,
cora,0,z_degree_to_cn_residual,cross_leakage,2,r2,AVAILABLE,0.0134561648589471,-0.0633216828020992,-0.0767778476610463,
cora,0,z_degree_to_cn_residual,cross_leakage,2,mae,AVAILABLE,0.3343498952018827,0.3403356094104472,0.00598571420856453,
cora,0,z_degree_to_cn_residual,cross_leakage,2,spearman,AVAILABLE,0.0353144029425766,0.0364611081156811,0.0011467051731045008,
cora,0,z_degree_to_degree,target_retention,2,r2,AVAILABLE,0.8800395623715591,0.8772285694256768,-0.0028109929458822736,
cora,0,z_degree_to_degree,target_retention,2,mae,AVAILABLE,0.4183795668415352,0.4232605755632895,0.0048810087217542875,
cora,0,z_degree_to_degree,target_retention,2,spearman,AVAILABLE,0.9918034252611873,0.991006394917063,-0.000797030344124261,
cora,0,z_cn_to_cn_residual,target_retention,2,r2,AVAILABLE,-1.4922711369963113,0.9145113683519424,2.4067825053482537,
cora,0,z_cn_to_cn_residual,target_retention,2,mae,AVAILABLE,0.1927332861783285,0.0867307632504565,-0.10600252292787199,
cora,0,z_cn_to_cn_residual,target_retention,2,spearman,AVAILABLE,0.7849658733616597,0.966171583723016,0.18120571036135635,
cora,1,z_cn_to_degree,cross_leakage,0,r2,AVAILABLE,0.074382659628489,0.3946684308286405,0.3202857712001515,
cora,1,z_cn_to_degree,cross_leakage,0,mae,AVAILABLE,1.051914892161672,0.823887364333331,-0.22802752782834113,
cora,1,z_cn_to_degree,cross_leakage,0,spearman,AVAILABLE,0.346910681345047,0.7698287654847797,0.42291808413973275,
cora,1,z_residual_to_degree,cross_leakage,0,r2,AVAILABLE,0.1789989916262748,-0.9925947904987392,-1.171593782125014,
cora,1,z_residual_to_degree,cross_leakage,0,mae,AVAILABLE,0.9778161193818332,1.075180424508991,0.09736430512715788,
cora,1,z_residual_to_degree,cross_leakage,0,spearman,AVAILABLE,0.47873410691807,0.4282794645046861,-0.05045464241338388,
cora,1,z_degree_to_cn_residual,cross_leakage,0,r2,AVAILABLE,0.0248006213987066,0.0255842378704487,0.0007836164717420976,
cora,1,z_degree_to_cn_residual,cross_leakage,0,mae,AVAILABLE,0.3386703462031001,0.3382944508216584,-0.0003758953814417265,
cora,1,z_degree_to_cn_residual,cross_leakage,0,spearman,AVAILABLE,0.0301150394913135,0.038388822387586,0.008273782896272501,
cora,1,z_degree_to_degree,target_retention,0,r2,AVAILABLE,0.8755109872562468,0.8742682933404858,-0.0012426939157609285,
cora,1,z_degree_to_degree,target_retention,0,mae,AVAILABLE,0.4247586210762986,0.4319635761983404,0.007204955122041834,
cora,1,z_degree_to_degree,target_retention,0,spearman,AVAILABLE,0.9940095116339406,0.9945318711348082,0.0005223595008676529,
cora,1,z_cn_to_cn_residual,target_retention,0,r2,AVAILABLE,0.7766020237184021,0.9403763221790628,0.1637742984606606,
cora,1,z_cn_to_cn_residual,target_retention,0,mae,AVAILABLE,0.1536076671977505,0.0667817879138521,-0.08682587928389841,
cora,1,z_cn_to_cn_residual,target_retention,0,spearman,AVAILABLE,0.8361144883024009,0.9803369542085664,0.1442224659061655,
cora,1,z_cn_to_degree,cross_leakage,1,r2,AVAILABLE,0.074382659628489,0.3946684308286405,0.3202857712001515,
cora,1,z_cn_to_degree,cross_leakage,1,mae,AVAILABLE,1.051914892161672,0.823887364333331,-0.22802752782834113,
cora,1,z_cn_to_degree,cross_leakage,1,spearman,AVAILABLE,0.346910681345047,0.7698287654847797,0.42291808413973275,
cora,1,z_residual_to_degree,cross_leakage,1,r2,AVAILABLE,0.1789989916262748,-0.9925947904987392,-1.171593782125014,
cora,1,z_residual_to_degree,cross_leakage,1,mae,AVAILABLE,0.9778161193818332,1.075180424508991,0.09736430512715788,
cora,1,z_residual_to_degree,cross_leakage,1,spearman,AVAILABLE,0.47873410691807,0.4282794645046861,-0.05045464241338388,
cora,1,z_degree_to_cn_residual,cross_leakage,1,r2,AVAILABLE,0.0248006213987066,0.0255842378704487,0.0007836164717420976,
cora,1,z_degree_to_cn_residual,cross_leakage,1,mae,AVAILABLE,0.3386703462031001,0.3382944508216584,-0.0003758953814417265,
cora,1,z_degree_to_cn_residual,cross_leakage,1,spearman,AVAILABLE,0.0301150394913135,0.038388822387586,0.008273782896272501,
cora,1,z_degree_to_degree,target_retention,1,r2,AVAILABLE,0.8755109872562468,0.8742682933404858,-0.0012426939157609285,
cora,1,z_degree_to_degree,target_retention,1,mae,AVAILABLE,0.4247586210762986,0.4319635761983404,0.007204955122041834,
cora,1,z_degree_to_degree,target_retention,1,spearman,AVAILABLE,0.9940095116339406,0.9945318711348082,0.0005223595008676529,
cora,1,z_cn_to_cn_residual,target_retention,1,r2,AVAILABLE,0.7766020237184021,0.9403763221790628,0.1637742984606606,
cora,1,z_cn_to_cn_residual,target_retention,1,mae,AVAILABLE,0.1536076671977505,0.0667817879138521,-0.08682587928389841,
cora,1,z_cn_to_cn_residual,target_retention,1,spearman,AVAILABLE,0.8361144883024009,0.9803369542085664,0.1442224659061655,
cora,1,z_cn_to_degree,cross_leakage,2,r2,AVAILABLE,0.074382659628489,0.3946684308286405,0.3202857712001515,
cora,1,z_cn_to_degree,cross_leakage,2,mae,AVAILABLE,1.051914892161672,0.823887364333331,-0.22802752782834113,
cora,1,z_cn_to_degree,cross_leakage,2,spearman,AVAILABLE,0.346910681345047,0.7698287654847797,0.42291808413973275,
cora,1,z_residual_to_degree,cross_leakage,2,r2,AVAILABLE,0.1789989916262748,-0.9925947904987392,-1.171593782125014,
cora,1,z_residual_to_degree,cross_leakage,2,mae,AVAILABLE,0.9778161193818332,1.075180424508991,0.09736430512715788,
cora,1,z_residual_to_degree,cross_leakage,2,spearman,AVAILABLE,0.47873410691807,0.4282794645046861,-0.05045464241338388,
cora,1,z_degree_to_cn_residual,cross_leakage,2,r2,AVAILABLE,0.0248006213987066,0.0255842378704487,0.0007836164717420976,
cora,1,z_degree_to_cn_residual,cross_leakage,2,mae,AVAILABLE,0.3386703462031001,0.3382944508216584,-0.0003758953814417265,
cora,1,z_degree_to_cn_residual,cross_leakage,2,spearman,AVAILABLE,0.0301150394913135,0.038388822387586,0.008273782896272501,
cora,1,z_degree_to_degree,target_retention,2,r2,AVAILABLE,0.8755109872562468,0.8742682933404858,-0.0012426939157609285,
cora,1,z_degree_to_degree,target_retention,2,mae,AVAILABLE,0.4247586210762986,0.4319635761983404,0.007204955122041834,
cora,1,z_degree_to_degree,target_retention,2,spearman,AVAILABLE,0.9940095116339406,0.9945318711348082,0.0005223595008676529,
cora,1,z_cn_to_cn_residual,target_retention,2,r2,AVAILABLE,0.7766020237184021,0.9403763221790628,0.1637742984606606,
cora,1,z_cn_to_cn_residual,target_retention,2,mae,AVAILABLE,0.1536076671977505,0.0667817879138521,-0.08682587928389841,
cora,1,z_cn_to_cn_residual,target_retention,2,spearman,AVAILABLE,0.8361144883024009,0.9803369542085664,0.1442224659061655,
cora,2,z_cn_to_degree,cross_leakage,0,r2,AVAILABLE,0.1075701003858981,0.5063032056521217,0.39873310526622363,
cora,2,z_cn_to_degree,cross_leakage,0,mae,AVAILABLE,1.037037886998633,0.7706415009888268,-0.2663963860098062,
cora,2,z_cn_to_degree,cross_leakage,0,spearman,AVAILABLE,0.3447863263124171,0.7842713152555224,0.4394849889431053,
cora,2,z_residual_to_degree,cross_leakage,0,r2,AVAILABLE,0.0723048737520442,0.1380757029282838,0.06577082917623961,
cora,2,z_residual_to_degree,cross_leakage,0,mae,AVAILABLE,1.0381937867078124,1.0050864047480863,-0.03310738195972607,
cora,2,z_residual_to_degree,cross_leakage,0,spearman,AVAILABLE,0.2737825732817305,0.3613259837587414,0.08754341047701092,
cora,2,z_degree_to_cn_residual,cross_leakage,0,r2,AVAILABLE,-0.0148953484206153,-0.0198898628856916,-0.004994514465076301,
cora,2,z_degree_to_cn_residual,cross_leakage,0,mae,AVAILABLE,0.3434004836187574,0.3424435264952787,-0.0009569571234787078,
cora,2,z_degree_to_cn_residual,cross_leakage,0,spearman,AVAILABLE,0.0597759387769075,0.0401613851369324,-0.0196145536399751,
cora,2,z_degree_to_degree,target_retention,0,r2,AVAILABLE,0.8808932757274246,0.8816206121475672,0.0007273364201425547,
cora,2,z_degree_to_degree,target_retention,0,mae,AVAILABLE,0.4228541041716728,0.4213500760194502,-0.001504028152222614,
cora,2,z_degree_to_degree,target_retention,0,spearman,AVAILABLE,0.9933069458424604,0.993963182905762,0.0006562370633016457,
cora,2,z_cn_to_cn_residual,target_retention,0,r2,AVAILABLE,0.7550221458770929,0.9369398834327852,0.1819177375556923,
cora,2,z_cn_to_cn_residual,target_retention,0,mae,AVAILABLE,0.1632483798248983,0.0744123019068735,-0.0888360779180248,
cora,2,z_cn_to_cn_residual,target_retention,0,spearman,AVAILABLE,0.826806149670817,0.9721472929716464,0.14534114330082937,
cora,2,z_cn_to_degree,cross_leakage,1,r2,AVAILABLE,0.1075701003858981,0.5063032056521217,0.39873310526622363,
cora,2,z_cn_to_degree,cross_leakage,1,mae,AVAILABLE,1.037037886998633,0.7706415009888268,-0.2663963860098062,
cora,2,z_cn_to_degree,cross_leakage,1,spearman,AVAILABLE,0.3447863263124171,0.7842713152555224,0.4394849889431053,
cora,2,z_residual_to_degree,cross_leakage,1,r2,AVAILABLE,0.0723048737520442,0.1380757029282838,0.06577082917623961,
cora,2,z_residual_to_degree,cross_leakage,1,mae,AVAILABLE,1.0381937867078124,1.0050864047480863,-0.03310738195972607,
cora,2,z_residual_to_degree,cross_leakage,1,spearman,AVAILABLE,0.2737825732817305,0.3613259837587414,0.08754341047701092,
cora,2,z_degree_to_cn_residual,cross_leakage,1,r2,AVAILABLE,-0.0148953484206153,-0.0198898628856916,-0.004994514465076301,
cora,2,z_degree_to_cn_residual,cross_leakage,1,mae,AVAILABLE,0.3434004836187574,0.3424435264952787,-0.0009569571234787078,
cora,2,z_degree_to_cn_residual,cross_leakage,1,spearman,AVAILABLE,0.0597759387769075,0.0401613851369324,-0.0196145536399751,
cora,2,z_degree_to_degree,target_retention,1,r2,AVAILABLE,0.8808932757274246,0.8816206121475672,0.0007273364201425547,
cora,2,z_degree_to_degree,target_retention,1,mae,AVAILABLE,0.4228541041716728,0.4213500760194502,-0.001504028152222614,
cora,2,z_degree_to_degree,target_retention,1,spearman,AVAILABLE,0.9933069458424604,0.993963182905762,0.0006562370633016457,
cora,2,z_cn_to_cn_residual,target_retention,1,r2,AVAILABLE,0.7550221458770929,0.9369398834327852,0.1819177375556923,
cora,2,z_cn_to_cn_residual,target_retention,1,mae,AVAILABLE,0.1632483798248983,0.0744123019068735,-0.0888360779180248,
cora,2,z_cn_to_cn_residual,target_retention,1,spearman,AVAILABLE,0.826806149670817,0.9721472929716464,0.14534114330082937,
cora,2,z_cn_to_degree,cross_leakage,2,r2,AVAILABLE,0.1075701003858981,0.5063032056521217,0.39873310526622363,
cora,2,z_cn_to_degree,cross_leakage,2,mae,AVAILABLE,1.037037886998633,0.7706415009888268,-0.2663963860098062,
cora,2,z_cn_to_degree,cross_leakage,2,spearman,AVAILABLE,0.3447863263124171,0.7842713152555224,0.4394849889431053,
cora,2,z_residual_to_degree,cross_leakage,2,r2,AVAILABLE,0.0723048737520442,0.1380757029282838,0.06577082917623961,
cora,2,z_residual_to_degree,cross_leakage,2,mae,AVAILABLE,1.0381937867078124,1.0050864047480863,-0.03310738195972607,
cora,2,z_residual_to_degree,cross_leakage,2,spearman,AVAILABLE,0.2737825732817305,0.3613259837587414,0.08754341047701092,
cora,2,z_degree_to_cn_residual,cross_leakage,2,r2,AVAILABLE,-0.0148953484206153,-0.0198898628856916,-0.004994514465076301,
cora,2,z_degree_to_cn_residual,cross_leakage,2,mae,AVAILABLE,0.3434004836187574,0.3424435264952787,-0.0009569571234787078,
cora,2,z_degree_to_cn_residual,cross_leakage,2,spearman,AVAILABLE,0.0597759387769075,0.0401613851369324,-0.0196145536399751,
cora,2,z_degree_to_degree,target_retention,2,r2,AVAILABLE,0.8808932757274246,0.8816206121475672,0.0007273364201425547,
cora,2,z_degree_to_degree,target_retention,2,mae,AVAILABLE,0.4228541041716728,0.4213500760194502,-0.001504028152222614,
cora,2,z_degree_to_degree,target_retention,2,spearman,AVAILABLE,0.9933069458424604,0.993963182905762,0.0006562370633016457,
cora,2,z_cn_to_cn_residual,target_retention,2,r2,AVAILABLE,0.7550221458770929,0.9369398834327852,0.1819177375556923,
cora,2,z_cn_to_cn_residual,target_retention,2,mae,AVAILABLE,0.1632483798248983,0.0744123019068735,-0.0888360779180248,
cora,2,z_cn_to_cn_residual,target_retention,2,spearman,AVAILABLE,0.826806149670817,0.9721472929716464,0.14534114330082937,
cora,3,z_cn_to_degree,cross_leakage,0,r2,AVAILABLE,-0.1821651053978816,0.4572245850856528,0.6393896904835343,
cora,3,z_cn_to_degree,cross_leakage,0,mae,AVAILABLE,1.061344939277889,0.815708064156045,-0.24563687512184407,
cora,3,z_cn_to_degree,cross_leakage,0,spearman,AVAILABLE,0.3494139188807733,0.7271147899337903,0.37770087105301703,
cora,3,z_residual_to_degree,cross_leakage,0,r2,AVAILABLE,0.3195385245969109,0.2967240756942196,-0.022814448902691298,
cora,3,z_residual_to_degree,cross_leakage,0,mae,AVAILABLE,0.9148631966148748,0.925685610841436,0.010822414226561161,
cora,3,z_residual_to_degree,cross_leakage,0,spearman,AVAILABLE,0.6164996788916185,0.5786020693737532,-0.03789760951786525,
cora,3,z_degree_to_cn_residual,cross_leakage,0,r2,AVAILABLE,-0.0314558862132665,0.0092829160206631,0.040738802233929595,
cora,3,z_degree_to_cn_residual,cross_leakage,0,mae,AVAILABLE,0.3408872645369165,0.3379315949672339,-0.002955669569682573,
cora,3,z_degree_to_cn_residual,cross_leakage,0,spearman,AVAILABLE,0.0243514979397253,0.0527049931370027,0.0283534951972774,
cora,3,z_degree_to_degree,target_retention,0,r2,AVAILABLE,0.8717309189475165,0.8741879804549657,0.0024570615074491764,
cora,3,z_degree_to_degree,target_retention,0,mae,AVAILABLE,0.4323553407695607,0.4301284730055354,-0.0022268677640253087,
cora,3,z_degree_to_degree,target_retention,0,spearman,AVAILABLE,0.9914698759973876,0.9919629069872272,0.0004930309898396601,
cora,3,z_cn_to_cn_residual,target_retention,0,r2,AVAILABLE,0.2643228419398407,0.9209054126311124,0.6565825706912717,
cora,3,z_cn_to_cn_residual,target_retention,0,mae,AVAILABLE,0.1813344064698158,0.0780746680113152,-0.1032597384585006,
cora,3,z_cn_to_cn_residual,target_retention,0,spearman,AVAILABLE,0.7892979977144398,0.9841908648061286,0.19489286709168885,
cora,3,z_cn_to_degree,cross_leakage,1,r2,AVAILABLE,-0.1821651053978816,0.4572245850856528,0.6393896904835343,
cora,3,z_cn_to_degree,cross_leakage,1,mae,AVAILABLE,1.061344939277889,0.815708064156045,-0.24563687512184407,
cora,3,z_cn_to_degree,cross_leakage,1,spearman,AVAILABLE,0.3494139188807733,0.7271147899337903,0.37770087105301703,
cora,3,z_residual_to_degree,cross_leakage,1,r2,AVAILABLE,0.3195385245969109,0.2967240756942196,-0.022814448902691298,
cora,3,z_residual_to_degree,cross_leakage,1,mae,AVAILABLE,0.9148631966148748,0.925685610841436,0.010822414226561161,
cora,3,z_residual_to_degree,cross_leakage,1,spearman,AVAILABLE,0.6164996788916185,0.5786020693737532,-0.03789760951786525,
cora,3,z_degree_to_cn_residual,cross_leakage,1,r2,AVAILABLE,-0.0314558862132665,0.0092829160206631,0.040738802233929595,
cora,3,z_degree_to_cn_residual,cross_leakage,1,mae,AVAILABLE,0.3408872645369165,0.3379315949672339,-0.002955669569682573,
cora,3,z_degree_to_cn_residual,cross_leakage,1,spearman,AVAILABLE,0.0243514979397253,0.0527049931370027,0.0283534951972774,
cora,3,z_degree_to_degree,target_retention,1,r2,AVAILABLE,0.8717309189475165,0.8741879804549657,0.0024570615074491764,
cora,3,z_degree_to_degree,target_retention,1,mae,AVAILABLE,0.4323553407695607,0.4301284730055354,-0.0022268677640253087,
cora,3,z_degree_to_degree,target_retention,1,spearman,AVAILABLE,0.9914698759973876,0.9919629069872272,0.0004930309898396601,
cora,3,z_cn_to_cn_residual,target_retention,1,r2,AVAILABLE,0.2643228419398407,0.9209054126311124,0.6565825706912717,
cora,3,z_cn_to_cn_residual,target_retention,1,mae,AVAILABLE,0.1813344064698158,0.0780746680113152,-0.1032597384585006,
cora,3,z_cn_to_cn_residual,target_retention,1,spearman,AVAILABLE,0.7892979977144398,0.9841908648061286,0.19489286709168885,
cora,3,z_cn_to_degree,cross_leakage,2,r2,AVAILABLE,-0.1821651053978816,0.4572245850856528,0.6393896904835343,
cora,3,z_cn_to_degree,cross_leakage,2,mae,AVAILABLE,1.061344939277889,0.815708064156045,-0.24563687512184407,
cora,3,z_cn_to_degree,cross_leakage,2,spearman,AVAILABLE,0.3494139188807733,0.7271147899337903,0.37770087105301703,
cora,3,z_residual_to_degree,cross_leakage,2,r2,AVAILABLE,0.3195385245969109,0.2967240756942196,-0.022814448902691298,
cora,3,z_residual_to_degree,cross_leakage,2,mae,AVAILABLE,0.9148631966148748,0.925685610841436,0.010822414226561161,
cora,3,z_residual_to_degree,cross_leakage,2,spearman,AVAILABLE,0.6164996788916185,0.5786020693737532,-0.03789760951786525,
cora,3,z_degree_to_cn_residual,cross_leakage,2,r2,AVAILABLE,-0.0314558862132665,0.0092829160206631,0.040738802233929595,
cora,3,z_degree_to_cn_residual,cross_leakage,2,mae,AVAILABLE,0.3408872645369165,0.3379315949672339,-0.002955669569682573,
cora,3,z_degree_to_cn_residual,cross_leakage,2,spearman,AVAILABLE,0.0243514979397253,0.0527049931370027,0.0283534951972774,
cora,3,z_degree_to_degree,target_retention,2,r2,AVAILABLE,0.8717309189475165,0.8741879804549657,0.0024570615074491764,
cora,3,z_degree_to_degree,target_retention,2,mae,AVAILABLE,0.4323553407695607,0.4301284730055354,-0.0022268677640253087,
cora,3,z_degree_to_degree,target_retention,2,spearman,AVAILABLE,0.9914698759973876,0.9919629069872272,0.0004930309898396601,
cora,3,z_cn_to_cn_residual,target_retention,2,r2,AVAILABLE,0.2643228419398407,0.9209054126311124,0.6565825706912717,
cora,3,z_cn_to_cn_residual,target_retention,2,mae,AVAILABLE,0.1813344064698158,0.0780746680113152,-0.1032597384585006,
cora,3,z_cn_to_cn_residual,target_retention,2,spearman,AVAILABLE,0.7892979977144398,0.9841908648061286,0.19489286709168885,
cora,4,z_cn_to_degree,cross_leakage,0,r2,AVAILABLE,0.1280217679264106,0.4648701862955795,0.3368484183691689,
cora,4,z_cn_to_degree,cross_leakage,0,mae,AVAILABLE,1.0065338666454124,0.8053481176596333,-0.20118574898577912,
cora,4,z_cn_to_degree,cross_leakage,0,spearman,AVAILABLE,0.3670786252358027,0.7442231924184631,0.37714456718266043,
cora,4,z_residual_to_degree,cross_leakage,0,r2,AVAILABLE,0.0786106368624129,0.0833264035478021,0.0047157666853892,
cora,4,z_residual_to_degree,cross_leakage,0,mae,AVAILABLE,1.00570687599182,1.0144851580454688,0.008778282053648834,
cora,4,z_residual_to_degree,cross_leakage,0,spearman,AVAILABLE,0.3690505548480124,0.364201498234143,-0.004849056613869418,
cora,4,z_degree_to_cn_residual,cross_leakage,0,r2,AVAILABLE,0.0133501716877056,0.017366915980818,0.0040167442931124,
cora,4,z_degree_to_cn_residual,cross_leakage,0,mae,AVAILABLE,0.3455856640790898,0.343078108216728,-0.0025075558623617877,
cora,4,z_degree_to_cn_residual,cross_leakage,0,spearman,AVAILABLE,0.0351930330696655,0.0485211366751694,0.013328103605503898,
cora,4,z_degree_to_degree,target_retention,0,r2,AVAILABLE,0.8754164527595605,0.8765623713478016,0.0011459185882410905,
cora,4,z_degree_to_degree,target_retention,0,mae,AVAILABLE,0.4283197239223469,0.4257805397254273,-0.0025391841969196194,
cora,4,z_degree_to_degree,target_retention,0,spearman,AVAILABLE,0.9946819825533516,0.992769998881542,-0.0019119836718095584,
cora,4,z_cn_to_cn_residual,target_retention,0,r2,AVAILABLE,0.7824415530072124,0.9510280539085516,0.1685865009013392,
cora,4,z_cn_to_cn_residual,target_retention,0,mae,AVAILABLE,0.149631177302424,0.05977790430636,-0.08985327299606401,
cora,4,z_cn_to_cn_residual,target_retention,0,spearman,AVAILABLE,0.8405125874238873,0.981296498161289,0.1407839107374017,
cora,4,z_cn_to_degree,cross_leakage,1,r2,AVAILABLE,0.1280217679264106,0.4648701862955795,0.3368484183691689,
cora,4,z_cn_to_degree,cross_leakage,1,mae,AVAILABLE,1.0065338666454124,0.8053481176596333,-0.20118574898577912,
cora,4,z_cn_to_degree,cross_leakage,1,spearman,AVAILABLE,0.3670786252358027,0.7442231924184631,0.37714456718266043,
cora,4,z_residual_to_degree,cross_leakage,1,r2,AVAILABLE,0.0786106368624129,0.0833264035478021,0.0047157666853892,
cora,4,z_residual_to_degree,cross_leakage,1,mae,AVAILABLE,1.00570687599182,1.0144851580454688,0.008778282053648834,
cora,4,z_residual_to_degree,cross_leakage,1,spearman,AVAILABLE,0.3690505548480124,0.364201498234143,-0.004849056613869418,
cora,4,z_degree_to_cn_residual,cross_leakage,1,r2,AVAILABLE,0.0133501716877056,0.017366915980818,0.0040167442931124,
cora,4,z_degree_to_cn_residual,cross_leakage,1,mae,AVAILABLE,0.3455856640790898,0.343078108216728,-0.0025075558623617877,
cora,4,z_degree_to_cn_residual,cross_leakage,1,spearman,AVAILABLE,0.0351930330696655,0.0485211366751694,0.013328103605503898,
cora,4,z_degree_to_degree,target_retention,1,r2,AVAILABLE,0.8754164527595605,0.8765623713478016,0.0011459185882410905,
cora,4,z_degree_to_degree,target_retention,1,mae,AVAILABLE,0.4283197239223469,0.4257805397254273,-0.0025391841969196194,
cora,4,z_degree_to_degree,target_retention,1,spearman,AVAILABLE,0.9946819825533516,0.992769998881542,-0.0019119836718095584,
cora,4,z_cn_to_cn_residual,target_retention,1,r2,AVAILABLE,0.7824415530072124,0.9510280539085516,0.1685865009013392,
cora,4,z_cn_to_cn_residual,target_retention,1,mae,AVAILABLE,0.149631177302424,0.05977790430636,-0.08985327299606401,
cora,4,z_cn_to_cn_residual,target_retention,1,spearman,AVAILABLE,0.8405125874238873,0.981296498161289,0.1407839107374017,
cora,4,z_cn_to_degree,cross_leakage,2,r2,AVAILABLE,0.1280217679264106,0.4648701862955795,0.3368484183691689,
cora,4,z_cn_to_degree,cross_leakage,2,mae,AVAILABLE,1.0065338666454124,0.8053481176596333,-0.20118574898577912,
cora,4,z_cn_to_degree,cross_leakage,2,spearman,AVAILABLE,0.3670786252358027,0.7442231924184631,0.37714456718266043,
cora,4,z_residual_to_degree,cross_leakage,2,r2,AVAILABLE,0.0786106368624129,0.0833264035478021,0.0047157666853892,
cora,4,z_residual_to_degree,cross_leakage,2,mae,AVAILABLE,1.00570687599182,1.0144851580454688,0.008778282053648834,
cora,4,z_residual_to_degree,cross_leakage,2,spearman,AVAILABLE,0.3690505548480124,0.364201498234143,-0.004849056613869418,
cora,4,z_degree_to_cn_residual,cross_leakage,2,r2,AVAILABLE,0.0133501716877056,0.017366915980818,0.0040167442931124,
cora,4,z_degree_to_cn_residual,cross_leakage,2,mae,AVAILABLE,0.3455856640790898,0.343078108216728,-0.0025075558623617877,
cora,4,z_degree_to_cn_residual,cross_leakage,2,spearman,AVAILABLE,0.0351930330696655,0.0485211366751694,0.013328103605503898,
cora,4,z_degree_to_degree,target_retention,2,r2,AVAILABLE,0.8754164527595605,0.8765623713478016,0.0011459185882410905,
cora,4,z_degree_to_degree,target_retention,2,mae,AVAILABLE,0.4283197239223469,0.4257805397254273,-0.0025391841969196194,
cora,4,z_degree_to_degree,target_retention,2,spearman,AVAILABLE,0.9946819825533516,0.992769998881542,-0.0019119836718095584,
cora,4,z_cn_to_cn_residual,target_retention,2,r2,AVAILABLE,0.7824415530072124,0.9510280539085516,0.1685865009013392,
cora,4,z_cn_to_cn_residual,target_retention,2,mae,AVAILABLE,0.149631177302424,0.05977790430636,-0.08985327299606401,
cora,4,z_cn_to_cn_residual,target_retention,2,spearman,AVAILABLE,0.8405125874238873,0.981296498161289,0.1407839107374017,
cora,aggregate,z_cn_to_cn_residual,target_retention,aggregate,mae,AVAILABLE,0.16811098339464345,0.07315548507777146,-0.09495549831687194,15.0
cora,aggregate,z_cn_to_cn_residual,target_retention,aggregate,r2,AVAILABLE,0.21722348550924736,0.9327522081006909,0.7155287225914436,15.0
cora,aggregate,z_cn_to_cn_residual,target_retention,aggregate,spearman,AVAILABLE,0.8155394192946411,0.9768286387741293,0.16128921947948838,15.0
cora,aggregate,z_cn_to_degree,cross_leakage,aggregate,mae,AVAILABLE,1.3325092465037487,0.810190792129465,-0.5223184543742838,15.0
cora,aggregate,z_cn_to_degree,cross_leakage,aggregate,r2,AVAILABLE,-68.0841467784743,0.4514506926863572,68.53559747116064,15.0
cora,aggregate,z_cn_to_degree,cross_leakage,aggregate,spearman,AVAILABLE,0.3535975064599593,0.7424486520606901,0.38885114560073103,15.0
cora,aggregate,z_degree_to_cn_residual,cross_leakage,aggregate,mae,AVAILABLE,0.3405787307279493,0.3404166579822693,-0.00016207274568005303,15.0
cora,aggregate,z_degree_to_cn_residual,cross_leakage,aggregate,r2,AVAILABLE,0.0010511446622955014,-0.006195495163172201,-0.007246639825467702,15.0
cora,aggregate,z_degree_to_cn_residual,cross_leakage,aggregate,spearman,AVAILABLE,0.036949982444037674,0.04324748909047433,0.00629750664643664,15.0
cora,aggregate,z_degree_to_degree,target_retention,aggregate,mae,AVAILABLE,0.42533347135628286,0.42649664810240856,0.0011631767461257158,15.0
cora,aggregate,z_degree_to_degree,target_retention,aggregate,r2,AVAILABLE,0.8767182394124615,0.8767735653432995,5.532593083792392e-05,15.0
cora,aggregate,z_degree_to_degree,target_retention,aggregate,spearman,AVAILABLE,0.9930543482576655,0.9928468709652806,-0.00020747729238497216,15.0
cora,aggregate,z_residual_to_degree,cross_leakage,aggregate,mae,AVAILABLE,0.9841981765331262,1.0036252388542943,0.019427062321167865,15.0
cora,aggregate,z_residual_to_degree,cross_leakage,aggregate,r2,AVAILABLE,0.16072063304346074,-0.08324552796330961,-0.24396616100677035,15.0
cora,aggregate,z_residual_to_degree,cross_leakage,aggregate,spearman,AVAILABLE,0.43804498721151924,0.4183578237453374,-0.019687163466181812,15.0
