dataset,metric,count,mean_delta,median_delta,std_delta,bootstrap_ci_low,bootstrap_ci_high,paired_t_statistic,paired_t_pvalue,wilcoxon_statistic,wilcoxon_pvalue,cohen_dz,paired_sign_effect,interpretation
cora,ap,5,0.0001559627806573453,-2.5889330670911953e-05,0.0004915164730207034,-0.00016655319644821794,0.000570644993648225,0.7095253132950924,0.5171685647483272,7.0,1.0,0.31730936645693236,-0.2,exploratory_5_seed_screening
cora,auc,5,-0.0030115666711075127,-0.0018365745024825353,0.005120042869683604,-0.007371881222342669,0.0006748701071906948,-1.315236603826578,0.25875764353802017,3.0,0.3125,-0.5881916905304377,-0.6,exploratory_5_seed_screening
cora,group_HH_count,5,0.0,0.0,0.0,0.0,0.0,,,0.0,1.0,,0.0,exploratory_5_seed_screening
cora,group_HH_mrr,5,0.0017030143804289577,0.0018294136144288708,0.01290293997394423,-0.007740877194844786,0.012549122896200877,0.2951308716454311,0.7825787517467897,7.0,1.0,0.13198653825158985,0.2,exploratory_5_seed_screening
cora,group_HL_count,5,0.0,0.0,0.0,0.0,0.0,,,0.0,1.0,,0.0,exploratory_5_seed_screening
cora,group_HL_mrr,5,0.00024244636723837684,1.7608643423126097e-05,0.0006601976418504206,-0.0002724950508432251,0.0007573877853199789,0.8211579740324443,0.4576776114165712,5.0,0.625,0.36723301004051045,0.2,exploratory_5_seed_screening
cora,group_LH_count,5,0.0,0.0,0.0,0.0,0.0,,,0.0,1.0,,0.0,exploratory_5_seed_screening
cora,group_LH_mrr,5,0.009116407412845135,0.013588513430474347,0.0096281879751153,0.001058272309398456,0.01627802425127285,2.1172111240859515,0.10166090089355156,2.0,0.1875,0.9468455992349861,0.6,exploratory_5_seed_screening
cora,group_LL_count,5,0.0,0.0,0.0,0.0,0.0,,,0.0,1.0,,0.0,exploratory_5_seed_screening
cora,group_LL_mrr,5,-0.0003860877717267643,-0.0005956032133145103,0.004683264551862455,-0.004304601041593023,0.0030370134186442207,-0.18434117767682784,0.8627142490911375,7.0,1.0,-0.08243988086755076,-0.2,exploratory_5_seed_screening
cora,group_gap,5,0.012707242284856706,0.01403632378425268,0.009730812954120873,0.004530727531919809,0.018975220286511708,2.9200291578378637,0.0432422064236168,1.0,0.125,1.305876738641385,0.6,exploratory_5_seed_screening
cora,hits10,5,0.0037950664136622405,0.003795066413662229,0.012515091042004663,-0.006072106261859578,0.013662239089184059,0.6780635036208108,0.5349295746440981,5.0,0.625,0.30323921743156157,0.2,exploratory_5_seed_screening
cora,hits100,5,-0.0026565464895635495,0.0,0.013918118270126961,-0.013662239089184047,0.007969639468690759,-0.42679753259478126,0.6914954983576314,4.0,0.875,-0.19086965910222262,0.0,exploratory_5_seed_screening
cora,hits20,5,0.003795066413662229,0.0018975332068311146,0.004450109829054476,0.00037950664136622293,0.007210626185958235,1.9069251784911847,0.12920298463941007,0.0,0.25,0.8528028654224417,0.6,exploratory_5_seed_screening
cora,hits50,5,-0.0022770398481973264,0.003795066413662229,0.011650915698678368,-0.011385199240986733,0.006072106261859611,-0.4370142244375346,0.684658252855213,6.5,0.875,-0.19543870259533544,0.2,exploratory_5_seed_screening
cora,macro_mrr,5,0.002668945097196421,0.005034587153016468,0.0037528117335465685,-0.0003284064266694892,0.005443518002836512,1.5902590082519321,0.1869828570640265,3.0,0.3125,0.7111854488565439,0.2,exploratory_5_seed_screening
cora,mrr,5,0.0017871823638036493,0.0038335326221475563,0.004543457743264994,-0.0019141054016361542,0.005197658723711002,0.879563865115195,0.4287640512775662,4.0,0.4375,0.39335291859000643,0.2,exploratory_5_seed_screening
cora,worst_group_mrr,5,0.00018628604290679593,1.7608643423126097e-05,0.0007279209446853636,-0.000384815699506387,0.0007573877853199789,0.5722438105955131,0.597782766017044,5.0,0.625,0.25591521203901635,0.2,exploratory_5_seed_screening
