dataset,seed,metric,baseline,candidate,delta
cora,0,mrr,0.10581398301665661,0.10181763178068255,-0.003996351235974055
cora,0,hits10,0.2428842504743833,0.24667931688804554,0.003795066413662229
cora,0,hits20,0.36432637571157495,0.36432637571157495,0.0
cora,0,hits50,0.5749525616698292,0.5654648956356736,-0.009487666034155628
cora,0,hits100,0.7685009487666035,0.7722960151802657,0.003795066413662229
cora,0,auc,0.8567366065481099,0.855802836578103,-0.0009337699700069368
cora,0,ap,0.008054094620293868,0.007924014874601933,-0.00013007974569193524
cora,0,macro_mrr,0.11942874506183476,0.11881794744817199,-0.0006107976136627696
cora,0,worst_group_mrr,0.01847667417723659,0.018494282820659715,1.7608643423126097e-05
cora,0,group_gap,0.2109596876811875,0.22996705686873198,0.019007369187544476
cora,0,group_HH_mrr,0.1708272687636799,0.156706197695986,-0.014121071067693891
cora,0,group_HH_count,161.0,161.0,0.0
cora,0,group_HL_mrr,0.01847667417723659,0.018494282820659715,1.7608643423126097e-05
cora,0,group_HL_count,134.0,134.0,0.0
cora,0,group_LH_mrr,0.2294363618584241,0.24846133968939169,0.0190249778309676
cora,0,group_LH_count,71.0,71.0,0.0
cora,0,group_LL_mrr,0.05897467544799848,0.0516099695866506,-0.007364705861347881
cora,0,group_LL_count,161.0,161.0,0.0
cora,1,mrr,0.10483837550998115,0.10867190813212871,0.0038335326221475563
cora,1,hits10,0.2428842504743833,0.25996204933586337,0.01707779886148006
cora,1,hits20,0.3738140417457306,0.38140417457305503,0.007590132827324458
cora,1,hits50,0.5654648956356736,0.5749525616698292,0.009487666034155628
cora,1,hits100,0.7571157495256167,0.7722960151802657,0.015180265654649028
cora,1,auc,0.8598865800834627,0.8626533419268423,0.0027667618433795393
cora,1,ap,0.008119994992715429,0.00836080200926384,0.00024080701654841108
cora,1,macro_mrr,0.11367698162003811,0.11871156877305458,0.005034587153016468
cora,1,worst_group_mrr,0.020485818668837273,0.02132532096656194,0.0008395022977246668
cora,1,group_gap,0.19841004901979548,0.21244637280404816,0.01403632378425268
cora,1,group_HH_mrr,0.16727428039335235,0.1700113107819551,0.0027370303886027625
cora,1,group_HH_count,165.0,165.0,0.0
cora,1,group_HL_mrr,0.020485818668837273,0.02132532096656194,0.0008395022977246668
cora,1,group_HL_count,130.0,130.0,0.0
cora,1,group_LH_mrr,0.21889586768863276,0.2337716937706101,0.01487582608197735
cora,1,group_LH_count,81.0,81.0,0.0
cora,1,group_LL_mrr,0.04805195972933005,0.04973794957309118,0.0016859898437611293
cora,1,group_LL_count,151.0,151.0,0.0
cora,2,mrr,0.09748236652682093,0.10187954329192131,0.004397176765100375
cora,2,hits10,0.23529411764705882,0.22960151802656548,-0.005692599620493344
cora,2,hits20,0.349146110056926,0.349146110056926,0.0
cora,2,hits50,0.5540796963946869,0.5578747628083491,0.003795066413662229
cora,2,hits100,0.7419354838709677,0.7419354838709677,0.0
cora,2,auc,0.846252404322199,0.8444158298197164,-0.0018365745024825353
cora,2,ap,0.007473911280782133,0.0074480219501112215,-2.5889330670911953e-05
cora,2,macro_mrr,0.10715092117592354,0.11263138310810278,0.0054804619321792425
cora,2,worst_group_mrr,0.0177611637384003,0.018806326582264016,0.0010451628438637173
cora,2,group_gap,0.17790951624303622,0.19045286682964685,0.01254335058661063
cora,2,group_HH_mrr,0.17330333971375592,0.1751327533281848,0.0018294136144288708
cora,2,group_HH_count,159.0,159.0,0.0
cora,2,group_HL_mrr,0.0177611637384003,0.018806326582264016,0.0010451628438637173
cora,2,group_HL_count,136.0,136.0,0.0
cora,2,group_LH_mrr,0.19567067998143653,0.20925919341191088,0.013588513430474347
cora,2,group_LH_count,76.0,76.0,0.0
cora,2,group_LL_mrr,0.041868501270101374,0.047327259110051416,0.005458757839950042
cora,2,group_LL_count,156.0,156.0,0.0
cora,3,mrr,0.08712313858152977,0.09380334231463312,0.0066802037331033515
cora,3,hits10,0.18216318785578747,0.19734345351043645,0.015180265654648972
cora,3,hits20,0.2903225806451613,0.2998102466793169,0.009487666034155573
cora,3,hits50,0.4117647058823529,0.4155597722960152,0.0037950664136622847
cora,3,hits100,0.5616698292220114,0.540796963946869,-0.020872865275142316
cora,3,auc,0.7393910898753822,0.7283290041731327,-0.011062085702249425
cora,3,ap,0.00655809074419973,0.007526425287394047,0.0009683345431943163
cora,3,macro_mrr,0.09043350360666308,0.09604454310506688,0.0056110394984038026
cora,3,worst_group_mrr,0.007942840119468464,0.007347236906153954,-0.0005956032133145103
cora,3,group_gap,0.164571691108469,0.18598421074507746,0.02141251963660845
cora,3,group_HH_mrr,0.1719081967013472,0.19333144765123142,0.02142325094988423
cora,3,group_HH_count,162.0,162.0,0.0
cora,3,group_HL_mrr,0.009368446377899176,0.00905364478624257,-0.0003148015916566056
cora,3,group_HL_count,133.0,133.0,0.0
cora,3,group_LH_mrr,0.17251453122793747,0.17444584307663957,0.0019313118487020997
cora,3,group_LH_count,91.0,91.0,0.0
cora,3,group_LL_mrr,0.007942840119468464,0.007347236906153954,-0.0005956032133145103
cora,3,group_LL_count,141.0,141.0,0.0
cora,4,mrr,0.10924550945348688,0.1072668593881279,-0.0019786500653589806
cora,4,hits10,0.25426944971537,0.2428842504743833,-0.011385199240986715
cora,4,hits20,0.3738140417457306,0.3757115749525617,0.0018975332068311146
cora,4,hits50,0.5787476280834914,0.5597722960151803,-0.018975332068311146
cora,4,hits100,0.7741935483870968,0.7628083491461101,-0.011385199240986688
cora,4,auc,0.860036135945472,0.8560439709212938,-0.003992165024178207
cora,4,ap,0.008216078300650936,0.007942719720557783,-0.00027335858009315366
cora,4,macro_mrr,0.12252561238966946,0.12035504690571482,-0.0021705654839546396
cora,4,worst_group_mrr,0.021411197343056403,0.021035956985893382,-0.0003752403571630203
cora,4,group_gap,0.20891400136377508,0.20545064959304238,-0.0034633517707327033
cora,4,group_HH_mrr,0.1787408838323367,0.1753873318492595,-0.0033535519830771854
cora,4,group_HH_count,163.0,163.0,0.0
cora,4,group_HL_mrr,0.021411197343056403,0.021035956985893382,-0.0003752403571630203
cora,4,group_HL_count,132.0,132.0,0.0
cora,4,group_LH_mrr,0.2303251987068315,0.22648660657893577,-0.0038385921278957236
cora,4,group_LH_count,69.0,69.0,0.0
cora,4,group_LL_mrr,0.05962516967645322,0.05851029220877062,-0.0011148774676826012
cora,4,group_LL_count,163.0,163.0,0.0
