exp_id	timestamp_utc	candidate_id	family	parent_state	dataset	seed	epochs	change_summary	baseline_mrr	candidate_mrr	delta	control_mrr	params	runtime_s	peak_gpu_mb	decision	novelty_status	checkpoint_sha256	source_hashes	notes
V13-PAR-1-01	2026-10-03T05:11:40.982158+00:00	PAR_C1_J01	diagnostic	DIAGNOSTIC_PARALLEL_C1	cora	0	1	one-epoch QTHS25 baseline throughput diagnostic; excluded from Stage1-equivalent search budget		0.13923342396131952			24735	9.07428457820788	43.345703125	COMPLETE	NOT_SEARCHED	d7b028902f864a68991f7a5294210b74ca33fc32dcf00d5d87530789dc25ee5e	"{""AUTONOMOUS_LP_RESEARCH_V13/run_v13.py"": ""54d2c62d80e9ab9fb3f1d7759500a9f14cd13c6e698db0fdb8c484b8273889f3"", ""HYPERGRAPH_RESEARCH/CODNS_V6_2/run_codns_v6_2.py"": ""990c447435a0c1583c7df1bdb69d0a2493607eaf682afb9faf81738f4f9d0d67"", ""HYPERGRAPH_RESEARCH/NEGATIVE_V6_1/run_negative_v6_1.py"": ""70b36c2d3b4f56a0b271b30e2bc60b360f99eb264368f22c4d095d1e421a7129"", ""HYPERGRAPH_RESEARCH/QTHS_V7_1/experiment_v71.py"": ""d8b1533b6398be98fe5741e5c485008c160434712c8d478268ae817b84b19f67"", ""HYPERGRAPH_RESEARCH/QTHS_V8_PAPER/experiment_v8.py"": ""9a11ab967df76a0d49f5824c20e81545da1b7166b30a05df0aec2f140bca88fa"", ""src/dcdlp/evaluate.py"": ""73902a50e0030623a53990a9002c6f8a826168cca36015f4e8302736249a303b"", ""src/dcdlp/evaluation/ranking.py"": ""d21e7bdba9a9a59e1d19230008d4fecded874c8c61b3ab924d3c948097ee11dd"", ""src/dcdlp/models/dcdlp.py"": ""b0fcdb74e6c81f05bc45f82b3dcc15d2a0e606706475324be0c5ef94144baea0"", ""src/dcdlp/train.py"": ""1a51d4fecab93b75010def119946a91d4ed8ce44d3df852f167ca5400ac95f7d""}"	test_evaluated=false; fixed split/pool/validation candidates; test sealed
V13-PAR-2-01	2026-10-03T05:11:57.014276+00:00	PAR_C2_J01	diagnostic	DIAGNOSTIC_PARALLEL_C2	cora	0	1	one-epoch QTHS25 baseline throughput diagnostic; excluded from Stage1-equivalent search budget		0.13923342396131952			24735	12.311593377962708	43.345703125	COMPLETE	NOT_SEARCHED	d3105b626b23b6a81b333a6b5db0fc51d2d8dbe393146980fccdfc6c9fc06051	"{""AUTONOMOUS_LP_RESEARCH_V13/run_v13.py"": ""54d2c62d80e9ab9fb3f1d7759500a9f14cd13c6e698db0fdb8c484b8273889f3"", ""HYPERGRAPH_RESEARCH/CODNS_V6_2/run_codns_v6_2.py"": ""990c447435a0c1583c7df1bdb69d0a2493607eaf682afb9faf81738f4f9d0d67"", ""HYPERGRAPH_RESEARCH/NEGATIVE_V6_1/run_negative_v6_1.py"": ""70b36c2d3b4f56a0b271b30e2bc60b360f99eb264368f22c4d095d1e421a7129"", ""HYPERGRAPH_RESEARCH/QTHS_V7_1/experiment_v71.py"": ""d8b1533b6398be98fe5741e5c485008c160434712c8d478268ae817b84b19f67"", ""HYPERGRAPH_RESEARCH/QTHS_V8_PAPER/experiment_v8.py"": ""9a11ab967df76a0d49f5824c20e81545da1b7166b30a05df0aec2f140bca88fa"", ""src/dcdlp/evaluate.py"": ""73902a50e0030623a53990a9002c6f8a826168cca36015f4e8302736249a303b"", ""src/dcdlp/evaluation/ranking.py"": ""d21e7bdba9a9a59e1d19230008d4fecded874c8c61b3ab924d3c948097ee11dd"", ""src/dcdlp/models/dcdlp.py"": ""b0fcdb74e6c81f05bc45f82b3dcc15d2a0e606706475324be0c5ef94144baea0"", ""src/dcdlp/train.py"": ""1a51d4fecab93b75010def119946a91d4ed8ce44d3df852f167ca5400ac95f7d""}"	test_evaluated=false; fixed split/pool/validation candidates; test sealed
V13-PAR-2-02	2026-10-03T05:11:57.355908+00:00	PAR_C2_J02	diagnostic	DIAGNOSTIC_PARALLEL_C2	cora	0	1	one-epoch QTHS25 baseline throughput diagnostic; excluded from Stage1-equivalent search budget		0.13923342396131952			24735	12.624497517943382	43.345703125	COMPLETE	NOT_SEARCHED	2e938d83dc0c31715660ba377df10a13403494ce6db9b7ee443a6457f68cda73	"{""AUTONOMOUS_LP_RESEARCH_V13/run_v13.py"": ""54d2c62d80e9ab9fb3f1d7759500a9f14cd13c6e698db0fdb8c484b8273889f3"", ""HYPERGRAPH_RESEARCH/CODNS_V6_2/run_codns_v6_2.py"": ""990c447435a0c1583c7df1bdb69d0a2493607eaf682afb9faf81738f4f9d0d67"", ""HYPERGRAPH_RESEARCH/NEGATIVE_V6_1/run_negative_v6_1.py"": ""70b36c2d3b4f56a0b271b30e2bc60b360f99eb264368f22c4d095d1e421a7129"", ""HYPERGRAPH_RESEARCH/QTHS_V7_1/experiment_v71.py"": ""d8b1533b6398be98fe5741e5c485008c160434712c8d478268ae817b84b19f67"", ""HYPERGRAPH_RESEARCH/QTHS_V8_PAPER/experiment_v8.py"": ""9a11ab967df76a0d49f5824c20e81545da1b7166b30a05df0aec2f140bca88fa"", ""src/dcdlp/evaluate.py"": ""73902a50e0030623a53990a9002c6f8a826168cca36015f4e8302736249a303b"", ""src/dcdlp/evaluation/ranking.py"": ""d21e7bdba9a9a59e1d19230008d4fecded874c8c61b3ab924d3c948097ee11dd"", ""src/dcdlp/models/dcdlp.py"": ""b0fcdb74e6c81f05bc45f82b3dcc15d2a0e606706475324be0c5ef94144baea0"", ""src/dcdlp/train.py"": ""1a51d4fecab93b75010def119946a91d4ed8ce44d3df852f167ca5400ac95f7d""}"	test_evaluated=false; fixed split/pool/validation candidates; test sealed
V13-PAR-4-01	2026-10-03T05:12:22.806025+00:00	PAR_C4_J01	diagnostic	DIAGNOSTIC_PARALLEL_C4	cora	0	1	one-epoch QTHS25 baseline throughput diagnostic; excluded from Stage1-equivalent search budget		0.13923342396131952			24735	21.325594746973366	43.345703125	COMPLETE	NOT_SEARCHED	4214aa0b5dc9ddc0bc09386caea5c67555e78a43679bda781fd504ac57d7662d	"{""AUTONOMOUS_LP_RESEARCH_V13/run_v13.py"": ""54d2c62d80e9ab9fb3f1d7759500a9f14cd13c6e698db0fdb8c484b8273889f3"", ""HYPERGRAPH_RESEARCH/CODNS_V6_2/run_codns_v6_2.py"": ""990c447435a0c1583c7df1bdb69d0a2493607eaf682afb9faf81738f4f9d0d67"", ""HYPERGRAPH_RESEARCH/NEGATIVE_V6_1/run_negative_v6_1.py"": ""70b36c2d3b4f56a0b271b30e2bc60b360f99eb264368f22c4d095d1e421a7129"", ""HYPERGRAPH_RESEARCH/QTHS_V7_1/experiment_v71.py"": ""d8b1533b6398be98fe5741e5c485008c160434712c8d478268ae817b84b19f67"", ""HYPERGRAPH_RESEARCH/QTHS_V8_PAPER/experiment_v8.py"": ""9a11ab967df76a0d49f5824c20e81545da1b7166b30a05df0aec2f140bca88fa"", ""src/dcdlp/evaluate.py"": ""73902a50e0030623a53990a9002c6f8a826168cca36015f4e8302736249a303b"", ""src/dcdlp/evaluation/ranking.py"": ""d21e7bdba9a9a59e1d19230008d4fecded874c8c61b3ab924d3c948097ee11dd"", ""src/dcdlp/models/dcdlp.py"": ""b0fcdb74e6c81f05bc45f82b3dcc15d2a0e606706475324be0c5ef94144baea0"", ""src/dcdlp/train.py"": ""1a51d4fecab93b75010def119946a91d4ed8ce44d3df852f167ca5400ac95f7d""}"	test_evaluated=false; fixed split/pool/validation candidates; test sealed
V13-PAR-4-02	2026-10-03T05:12:23.049668+00:00	PAR_C4_J02	diagnostic	DIAGNOSTIC_PARALLEL_C4	cora	0	1	one-epoch QTHS25 baseline throughput diagnostic; excluded from Stage1-equivalent search budget		0.13923342396131952			24735	21.517482040915638	43.345703125	COMPLETE	NOT_SEARCHED	7fd4525165d0467b96a4e4398d0c09c9fa88e3cd793bf9d0ad98127d2d34c4ff	"{""AUTONOMOUS_LP_RESEARCH_V13/run_v13.py"": ""54d2c62d80e9ab9fb3f1d7759500a9f14cd13c6e698db0fdb8c484b8273889f3"", ""HYPERGRAPH_RESEARCH/CODNS_V6_2/run_codns_v6_2.py"": ""990c447435a0c1583c7df1bdb69d0a2493607eaf682afb9faf81738f4f9d0d67"", ""HYPERGRAPH_RESEARCH/NEGATIVE_V6_1/run_negative_v6_1.py"": ""70b36c2d3b4f56a0b271b30e2bc60b360f99eb264368f22c4d095d1e421a7129"", ""HYPERGRAPH_RESEARCH/QTHS_V7_1/experiment_v71.py"": ""d8b1533b6398be98fe5741e5c485008c160434712c8d478268ae817b84b19f67"", ""HYPERGRAPH_RESEARCH/QTHS_V8_PAPER/experiment_v8.py"": ""9a11ab967df76a0d49f5824c20e81545da1b7166b30a05df0aec2f140bca88fa"", ""src/dcdlp/evaluate.py"": ""73902a50e0030623a53990a9002c6f8a826168cca36015f4e8302736249a303b"", ""src/dcdlp/evaluation/ranking.py"": ""d21e7bdba9a9a59e1d19230008d4fecded874c8c61b3ab924d3c948097ee11dd"", ""src/dcdlp/models/dcdlp.py"": ""b0fcdb74e6c81f05bc45f82b3dcc15d2a0e606706475324be0c5ef94144baea0"", ""src/dcdlp/train.py"": ""1a51d4fecab93b75010def119946a91d4ed8ce44d3df852f167ca5400ac95f7d""}"	test_evaluated=false; fixed split/pool/validation candidates; test sealed
V13-PAR-4-03	2026-10-03T05:12:23.560895+00:00	PAR_C4_J03	diagnostic	DIAGNOSTIC_PARALLEL_C4	cora	0	1	one-epoch QTHS25 baseline throughput diagnostic; excluded from Stage1-equivalent search budget		0.13923342396131952			24735	22.02486881799996	43.345703125	COMPLETE	NOT_SEARCHED	174f10ff7619e863a315134cc7c8a843c946cbdffeb26156aa2392b366213c37	"{""AUTONOMOUS_LP_RESEARCH_V13/run_v13.py"": ""54d2c62d80e9ab9fb3f1d7759500a9f14cd13c6e698db0fdb8c484b8273889f3"", ""HYPERGRAPH_RESEARCH/CODNS_V6_2/run_codns_v6_2.py"": ""990c447435a0c1583c7df1bdb69d0a2493607eaf682afb9faf81738f4f9d0d67"", ""HYPERGRAPH_RESEARCH/NEGATIVE_V6_1/run_negative_v6_1.py"": ""70b36c2d3b4f56a0b271b30e2bc60b360f99eb264368f22c4d095d1e421a7129"", ""HYPERGRAPH_RESEARCH/QTHS_V7_1/experiment_v71.py"": ""d8b1533b6398be98fe5741e5c485008c160434712c8d478268ae817b84b19f67"", ""HYPERGRAPH_RESEARCH/QTHS_V8_PAPER/experiment_v8.py"": ""9a11ab967df76a0d49f5824c20e81545da1b7166b30a05df0aec2f140bca88fa"", ""src/dcdlp/evaluate.py"": ""73902a50e0030623a53990a9002c6f8a826168cca36015f4e8302736249a303b"", ""src/dcdlp/evaluation/ranking.py"": ""d21e7bdba9a9a59e1d19230008d4fecded874c8c61b3ab924d3c948097ee11dd"", ""src/dcdlp/models/dcdlp.py"": ""b0fcdb74e6c81f05bc45f82b3dcc15d2a0e606706475324be0c5ef94144baea0"", ""src/dcdlp/train.py"": ""1a51d4fecab93b75010def119946a91d4ed8ce44d3df852f167ca5400ac95f7d""}"	test_evaluated=false; fixed split/pool/validation candidates; test sealed
V13-PAR-4-04	2026-10-03T05:12:22.989058+00:00	PAR_C4_J04	diagnostic	DIAGNOSTIC_PARALLEL_C4	cora	0	1	one-epoch QTHS25 baseline throughput diagnostic; excluded from Stage1-equivalent search budget		0.13923342396131952			24735	21.431752101983875	43.345703125	COMPLETE	NOT_SEARCHED	c02fba7bb497d499db04f97b48e2165a6485a5b813f350ac26e6af94e15df779	"{""AUTONOMOUS_LP_RESEARCH_V13/run_v13.py"": ""54d2c62d80e9ab9fb3f1d7759500a9f14cd13c6e698db0fdb8c484b8273889f3"", ""HYPERGRAPH_RESEARCH/CODNS_V6_2/run_codns_v6_2.py"": ""990c447435a0c1583c7df1bdb69d0a2493607eaf682afb9faf81738f4f9d0d67"", ""HYPERGRAPH_RESEARCH/NEGATIVE_V6_1/run_negative_v6_1.py"": ""70b36c2d3b4f56a0b271b30e2bc60b360f99eb264368f22c4d095d1e421a7129"", ""HYPERGRAPH_RESEARCH/QTHS_V7_1/experiment_v71.py"": ""d8b1533b6398be98fe5741e5c485008c160434712c8d478268ae817b84b19f67"", ""HYPERGRAPH_RESEARCH/QTHS_V8_PAPER/experiment_v8.py"": ""9a11ab967df76a0d49f5824c20e81545da1b7166b30a05df0aec2f140bca88fa"", ""src/dcdlp/evaluate.py"": ""73902a50e0030623a53990a9002c6f8a826168cca36015f4e8302736249a303b"", ""src/dcdlp/evaluation/ranking.py"": ""d21e7bdba9a9a59e1d19230008d4fecded874c8c61b3ab924d3c948097ee11dd"", ""src/dcdlp/models/dcdlp.py"": ""b0fcdb74e6c81f05bc45f82b3dcc15d2a0e606706475324be0c5ef94144baea0"", ""src/dcdlp/train.py"": ""1a51d4fecab93b75010def119946a91d4ed8ce44d3df852f167ca5400ac95f7d""}"	test_evaluated=false; fixed split/pool/validation candidates; test sealed
V13-PAR-8-01	2026-10-03T05:13:05.619991+00:00	PAR_C8_J01	diagnostic	DIAGNOSTIC_PARALLEL_C8	cora	0	1	one-epoch QTHS25 baseline throughput diagnostic; excluded from Stage1-equivalent search budget		0.13923342396131952			24735	37.59229415701702	43.345703125	COMPLETE	NOT_SEARCHED	4dda378da76387f98259804aa3c72883d86785f048d5fcf191728d0a90d5056d	"{""AUTONOMOUS_LP_RESEARCH_V13/run_v13.py"": ""54d2c62d80e9ab9fb3f1d7759500a9f14cd13c6e698db0fdb8c484b8273889f3"", ""HYPERGRAPH_RESEARCH/CODNS_V6_2/run_codns_v6_2.py"": ""990c447435a0c1583c7df1bdb69d0a2493607eaf682afb9faf81738f4f9d0d67"", ""HYPERGRAPH_RESEARCH/NEGATIVE_V6_1/run_negative_v6_1.py"": ""70b36c2d3b4f56a0b271b30e2bc60b360f99eb264368f22c4d095d1e421a7129"", ""HYPERGRAPH_RESEARCH/QTHS_V7_1/experiment_v71.py"": ""d8b1533b6398be98fe5741e5c485008c160434712c8d478268ae817b84b19f67"", ""HYPERGRAPH_RESEARCH/QTHS_V8_PAPER/experiment_v8.py"": ""9a11ab967df76a0d49f5824c20e81545da1b7166b30a05df0aec2f140bca88fa"", ""src/dcdlp/evaluate.py"": ""73902a50e0030623a53990a9002c6f8a826168cca36015f4e8302736249a303b"", ""src/dcdlp/evaluation/ranking.py"": ""d21e7bdba9a9a59e1d19230008d4fecded874c8c61b3ab924d3c948097ee11dd"", ""src/dcdlp/models/dcdlp.py"": ""b0fcdb74e6c81f05bc45f82b3dcc15d2a0e606706475324be0c5ef94144baea0"", ""src/dcdlp/train.py"": ""1a51d4fecab93b75010def119946a91d4ed8ce44d3df852f167ca5400ac95f7d""}"	test_evaluated=false; fixed split/pool/validation candidates; test sealed
V13-PAR-8-02	2026-10-03T05:13:06.561949+00:00	PAR_C8_J02	diagnostic	DIAGNOSTIC_PARALLEL_C8	cora	0	1	one-epoch QTHS25 baseline throughput diagnostic; excluded from Stage1-equivalent search budget		0.13923342396131952			24735	38.334646260831505	43.345703125	COMPLETE	NOT_SEARCHED	62edf3cc3cf773bd2b162110bc0a96c7583c0419e2fd7b9422830daf9903b276	"{""AUTONOMOUS_LP_RESEARCH_V13/run_v13.py"": ""54d2c62d80e9ab9fb3f1d7759500a9f14cd13c6e698db0fdb8c484b8273889f3"", ""HYPERGRAPH_RESEARCH/CODNS_V6_2/run_codns_v6_2.py"": ""990c447435a0c1583c7df1bdb69d0a2493607eaf682afb9faf81738f4f9d0d67"", ""HYPERGRAPH_RESEARCH/NEGATIVE_V6_1/run_negative_v6_1.py"": ""70b36c2d3b4f56a0b271b30e2bc60b360f99eb264368f22c4d095d1e421a7129"", ""HYPERGRAPH_RESEARCH/QTHS_V7_1/experiment_v71.py"": ""d8b1533b6398be98fe5741e5c485008c160434712c8d478268ae817b84b19f67"", ""HYPERGRAPH_RESEARCH/QTHS_V8_PAPER/experiment_v8.py"": ""9a11ab967df76a0d49f5824c20e81545da1b7166b30a05df0aec2f140bca88fa"", ""src/dcdlp/evaluate.py"": ""73902a50e0030623a53990a9002c6f8a826168cca36015f4e8302736249a303b"", ""src/dcdlp/evaluation/ranking.py"": ""d21e7bdba9a9a59e1d19230008d4fecded874c8c61b3ab924d3c948097ee11dd"", ""src/dcdlp/models/dcdlp.py"": ""b0fcdb74e6c81f05bc45f82b3dcc15d2a0e606706475324be0c5ef94144baea0"", ""src/dcdlp/train.py"": ""1a51d4fecab93b75010def119946a91d4ed8ce44d3df852f167ca5400ac95f7d""}"	test_evaluated=false; fixed split/pool/validation candidates; test sealed
V13-PAR-8-03	2026-10-03T05:13:06.935729+00:00	PAR_C8_J03	diagnostic	DIAGNOSTIC_PARALLEL_C8	cora	0	1	one-epoch QTHS25 baseline throughput diagnostic; excluded from Stage1-equivalent search budget		0.13923342396131952			24735	38.72133778827265	43.345703125	COMPLETE	NOT_SEARCHED	a06df78e390ed484d391d17dca1d39c530276fad27204340dcc06f0cb7815768	"{""AUTONOMOUS_LP_RESEARCH_V13/run_v13.py"": ""54d2c62d80e9ab9fb3f1d7759500a9f14cd13c6e698db0fdb8c484b8273889f3"", ""HYPERGRAPH_RESEARCH/CODNS_V6_2/run_codns_v6_2.py"": ""990c447435a0c1583c7df1bdb69d0a2493607eaf682afb9faf81738f4f9d0d67"", ""HYPERGRAPH_RESEARCH/NEGATIVE_V6_1/run_negative_v6_1.py"": ""70b36c2d3b4f56a0b271b30e2bc60b360f99eb264368f22c4d095d1e421a7129"", ""HYPERGRAPH_RESEARCH/QTHS_V7_1/experiment_v71.py"": ""d8b1533b6398be98fe5741e5c485008c160434712c8d478268ae817b84b19f67"", ""HYPERGRAPH_RESEARCH/QTHS_V8_PAPER/experiment_v8.py"": ""9a11ab967df76a0d49f5824c20e81545da1b7166b30a05df0aec2f140bca88fa"", ""src/dcdlp/evaluate.py"": ""73902a50e0030623a53990a9002c6f8a826168cca36015f4e8302736249a303b"", ""src/dcdlp/evaluation/ranking.py"": ""d21e7bdba9a9a59e1d19230008d4fecded874c8c61b3ab924d3c948097ee11dd"", ""src/dcdlp/models/dcdlp.py"": ""b0fcdb74e6c81f05bc45f82b3dcc15d2a0e606706475324be0c5ef94144baea0"", ""src/dcdlp/train.py"": ""1a51d4fecab93b75010def119946a91d4ed8ce44d3df852f167ca5400ac95f7d""}"	test_evaluated=false; fixed split/pool/validation candidates; test sealed
V13-PAR-8-04	2026-10-03T05:13:07.009726+00:00	PAR_C8_J04	diagnostic	DIAGNOSTIC_PARALLEL_C8	cora	0	1	one-epoch QTHS25 baseline throughput diagnostic; excluded from Stage1-equivalent search budget		0.13923342396131952			24735	38.78193137096241	43.345703125	COMPLETE	NOT_SEARCHED	59f98ede51faec7f784302e09a8d6fca0385a47b81af446333fe4c6df8336262	"{""AUTONOMOUS_LP_RESEARCH_V13/run_v13.py"": ""54d2c62d80e9ab9fb3f1d7759500a9f14cd13c6e698db0fdb8c484b8273889f3"", ""HYPERGRAPH_RESEARCH/CODNS_V6_2/run_codns_v6_2.py"": ""990c447435a0c1583c7df1bdb69d0a2493607eaf682afb9faf81738f4f9d0d67"", ""HYPERGRAPH_RESEARCH/NEGATIVE_V6_1/run_negative_v6_1.py"": ""70b36c2d3b4f56a0b271b30e2bc60b360f99eb264368f22c4d095d1e421a7129"", ""HYPERGRAPH_RESEARCH/QTHS_V7_1/experiment_v71.py"": ""d8b1533b6398be98fe5741e5c485008c160434712c8d478268ae817b84b19f67"", ""HYPERGRAPH_RESEARCH/QTHS_V8_PAPER/experiment_v8.py"": ""9a11ab967df76a0d49f5824c20e81545da1b7166b30a05df0aec2f140bca88fa"", ""src/dcdlp/evaluate.py"": ""73902a50e0030623a53990a9002c6f8a826168cca36015f4e8302736249a303b"", ""src/dcdlp/evaluation/ranking.py"": ""d21e7bdba9a9a59e1d19230008d4fecded874c8c61b3ab924d3c948097ee11dd"", ""src/dcdlp/models/dcdlp.py"": ""b0fcdb74e6c81f05bc45f82b3dcc15d2a0e606706475324be0c5ef94144baea0"", ""src/dcdlp/train.py"": ""1a51d4fecab93b75010def119946a91d4ed8ce44d3df852f167ca5400ac95f7d""}"	test_evaluated=false; fixed split/pool/validation candidates; test sealed
V13-PAR-8-05	2026-10-03T05:13:06.381699+00:00	PAR_C8_J05	diagnostic	DIAGNOSTIC_PARALLEL_C8	cora	0	1	one-epoch QTHS25 baseline throughput diagnostic; excluded from Stage1-equivalent search budget		0.13923342396131952			24735	38.36897099018097	43.345703125	COMPLETE	NOT_SEARCHED	a75d91aed384f063c9c1cdffe8fd1aff59bf1c6d7c950312707097d231a4b6f5	"{""AUTONOMOUS_LP_RESEARCH_V13/run_v13.py"": ""54d2c62d80e9ab9fb3f1d7759500a9f14cd13c6e698db0fdb8c484b8273889f3"", ""HYPERGRAPH_RESEARCH/CODNS_V6_2/run_codns_v6_2.py"": ""990c447435a0c1583c7df1bdb69d0a2493607eaf682afb9faf81738f4f9d0d67"", ""HYPERGRAPH_RESEARCH/NEGATIVE_V6_1/run_negative_v6_1.py"": ""70b36c2d3b4f56a0b271b30e2bc60b360f99eb264368f22c4d095d1e421a7129"", ""HYPERGRAPH_RESEARCH/QTHS_V7_1/experiment_v71.py"": ""d8b1533b6398be98fe5741e5c485008c160434712c8d478268ae817b84b19f67"", ""HYPERGRAPH_RESEARCH/QTHS_V8_PAPER/experiment_v8.py"": ""9a11ab967df76a0d49f5824c20e81545da1b7166b30a05df0aec2f140bca88fa"", ""src/dcdlp/evaluate.py"": ""73902a50e0030623a53990a9002c6f8a826168cca36015f4e8302736249a303b"", ""src/dcdlp/evaluation/ranking.py"": ""d21e7bdba9a9a59e1d19230008d4fecded874c8c61b3ab924d3c948097ee11dd"", ""src/dcdlp/models/dcdlp.py"": ""b0fcdb74e6c81f05bc45f82b3dcc15d2a0e606706475324be0c5ef94144baea0"", ""src/dcdlp/train.py"": ""1a51d4fecab93b75010def119946a91d4ed8ce44d3df852f167ca5400ac95f7d""}"	test_evaluated=false; fixed split/pool/validation candidates; test sealed
V13-PAR-8-06	2026-10-03T05:13:06.803407+00:00	PAR_C8_J06	diagnostic	DIAGNOSTIC_PARALLEL_C8	cora	0	1	one-epoch QTHS25 baseline throughput diagnostic; excluded from Stage1-equivalent search budget		0.13923342396131952			24735	38.543774174991995	43.345703125	COMPLETE	NOT_SEARCHED	a298ddf30d1cf714ca364892525aa3f8deb3955bc0c556270b6cc76a669b10d7	"{""AUTONOMOUS_LP_RESEARCH_V13/run_v13.py"": ""54d2c62d80e9ab9fb3f1d7759500a9f14cd13c6e698db0fdb8c484b8273889f3"", ""HYPERGRAPH_RESEARCH/CODNS_V6_2/run_codns_v6_2.py"": ""990c447435a0c1583c7df1bdb69d0a2493607eaf682afb9faf81738f4f9d0d67"", ""HYPERGRAPH_RESEARCH/NEGATIVE_V6_1/run_negative_v6_1.py"": ""70b36c2d3b4f56a0b271b30e2bc60b360f99eb264368f22c4d095d1e421a7129"", ""HYPERGRAPH_RESEARCH/QTHS_V7_1/experiment_v71.py"": ""d8b1533b6398be98fe5741e5c485008c160434712c8d478268ae817b84b19f67"", ""HYPERGRAPH_RESEARCH/QTHS_V8_PAPER/experiment_v8.py"": ""9a11ab967df76a0d49f5824c20e81545da1b7166b30a05df0aec2f140bca88fa"", ""src/dcdlp/evaluate.py"": ""73902a50e0030623a53990a9002c6f8a826168cca36015f4e8302736249a303b"", ""src/dcdlp/evaluation/ranking.py"": ""d21e7bdba9a9a59e1d19230008d4fecded874c8c61b3ab924d3c948097ee11dd"", ""src/dcdlp/models/dcdlp.py"": ""b0fcdb74e6c81f05bc45f82b3dcc15d2a0e606706475324be0c5ef94144baea0"", ""src/dcdlp/train.py"": ""1a51d4fecab93b75010def119946a91d4ed8ce44d3df852f167ca5400ac95f7d""}"	test_evaluated=false; fixed split/pool/validation candidates; test sealed
V13-PAR-8-07	2026-10-03T05:13:06.547099+00:00	PAR_C8_J07	diagnostic	DIAGNOSTIC_PARALLEL_C8	cora	0	1	one-epoch QTHS25 baseline throughput diagnostic; excluded from Stage1-equivalent search budget		0.13923342396131952			24735	38.253621112089604	43.345703125	COMPLETE	NOT_SEARCHED	0c20081eca8288a60a5c4752585cb9f9ba950d60dfccef8fffdf5aeb71a9f18b	"{""AUTONOMOUS_LP_RESEARCH_V13/run_v13.py"": ""54d2c62d80e9ab9fb3f1d7759500a9f14cd13c6e698db0fdb8c484b8273889f3"", ""HYPERGRAPH_RESEARCH/CODNS_V6_2/run_codns_v6_2.py"": ""990c447435a0c1583c7df1bdb69d0a2493607eaf682afb9faf81738f4f9d0d67"", ""HYPERGRAPH_RESEARCH/NEGATIVE_V6_1/run_negative_v6_1.py"": ""70b36c2d3b4f56a0b271b30e2bc60b360f99eb264368f22c4d095d1e421a7129"", ""HYPERGRAPH_RESEARCH/QTHS_V7_1/experiment_v71.py"": ""d8b1533b6398be98fe5741e5c485008c160434712c8d478268ae817b84b19f67"", ""HYPERGRAPH_RESEARCH/QTHS_V8_PAPER/experiment_v8.py"": ""9a11ab967df76a0d49f5824c20e81545da1b7166b30a05df0aec2f140bca88fa"", ""src/dcdlp/evaluate.py"": ""73902a50e0030623a53990a9002c6f8a826168cca36015f4e8302736249a303b"", ""src/dcdlp/evaluation/ranking.py"": ""d21e7bdba9a9a59e1d19230008d4fecded874c8c61b3ab924d3c948097ee11dd"", ""src/dcdlp/models/dcdlp.py"": ""b0fcdb74e6c81f05bc45f82b3dcc15d2a0e606706475324be0c5ef94144baea0"", ""src/dcdlp/train.py"": ""1a51d4fecab93b75010def119946a91d4ed8ce44d3df852f167ca5400ac95f7d""}"	test_evaluated=false; fixed split/pool/validation candidates; test sealed
V13-PAR-8-08	2026-10-03T05:13:07.300013+00:00	PAR_C8_J08	diagnostic	DIAGNOSTIC_PARALLEL_C8	cora	0	1	one-epoch QTHS25 baseline throughput diagnostic; excluded from Stage1-equivalent search budget		0.13923342396131952			24735	39.003750348929316	43.345703125	COMPLETE	NOT_SEARCHED	b24082d3fa1135422fde35741ad4f9a0b60c067c66434793d421010be5be9b82	"{""AUTONOMOUS_LP_RESEARCH_V13/run_v13.py"": ""54d2c62d80e9ab9fb3f1d7759500a9f14cd13c6e698db0fdb8c484b8273889f3"", ""HYPERGRAPH_RESEARCH/CODNS_V6_2/run_codns_v6_2.py"": ""990c447435a0c1583c7df1bdb69d0a2493607eaf682afb9faf81738f4f9d0d67"", ""HYPERGRAPH_RESEARCH/NEGATIVE_V6_1/run_negative_v6_1.py"": ""70b36c2d3b4f56a0b271b30e2bc60b360f99eb264368f22c4d095d1e421a7129"", ""HYPERGRAPH_RESEARCH/QTHS_V7_1/experiment_v71.py"": ""d8b1533b6398be98fe5741e5c485008c160434712c8d478268ae817b84b19f67"", ""HYPERGRAPH_RESEARCH/QTHS_V8_PAPER/experiment_v8.py"": ""9a11ab967df76a0d49f5824c20e81545da1b7166b30a05df0aec2f140bca88fa"", ""src/dcdlp/evaluate.py"": ""73902a50e0030623a53990a9002c6f8a826168cca36015f4e8302736249a303b"", ""src/dcdlp/evaluation/ranking.py"": ""d21e7bdba9a9a59e1d19230008d4fecded874c8c61b3ab924d3c948097ee11dd"", ""src/dcdlp/models/dcdlp.py"": ""b0fcdb74e6c81f05bc45f82b3dcc15d2a0e606706475324be0c5ef94144baea0"", ""src/dcdlp/train.py"": ""1a51d4fecab93b75010def119946a91d4ed8ce44d3df852f167ca5400ac95f7d""}"	test_evaluated=false; fixed split/pool/validation candidates; test sealed
V13-A-00	2026-10-03T05:15:03.849196+00:00	ECR	evidence-composition	PHASE_A_ECR	cora	0	5	A0 fresh QTHS25+BCE baseline	0.5256204671690727	0.5256204671690727	0.0		24735	111.9527636449784	43.345703125	COMPLETE	NOT_SEARCHED	6c62360bf5a380c91a7e4927b78849a76df22f06b2c514997c8df08ccc14f3ba	"{""AUTONOMOUS_LP_RESEARCH_V13/run_v13.py"": ""54d2c62d80e9ab9fb3f1d7759500a9f14cd13c6e698db0fdb8c484b8273889f3"", ""HYPERGRAPH_RESEARCH/CODNS_V6_2/run_codns_v6_2.py"": ""990c447435a0c1583c7df1bdb69d0a2493607eaf682afb9faf81738f4f9d0d67"", ""HYPERGRAPH_RESEARCH/NEGATIVE_V6_1/run_negative_v6_1.py"": ""70b36c2d3b4f56a0b271b30e2bc60b360f99eb264368f22c4d095d1e421a7129"", ""HYPERGRAPH_RESEARCH/QTHS_V7_1/experiment_v71.py"": ""d8b1533b6398be98fe5741e5c485008c160434712c8d478268ae817b84b19f67"", ""HYPERGRAPH_RESEARCH/QTHS_V8_PAPER/experiment_v8.py"": ""9a11ab967df76a0d49f5824c20e81545da1b7166b30a05df0aec2f140bca88fa"", ""src/dcdlp/evaluate.py"": ""73902a50e0030623a53990a9002c6f8a826168cca36015f4e8302736249a303b"", ""src/dcdlp/evaluation/ranking.py"": ""d21e7bdba9a9a59e1d19230008d4fecded874c8c61b3ab924d3c948097ee11dd"", ""src/dcdlp/models/dcdlp.py"": ""b0fcdb74e6c81f05bc45f82b3dcc15d2a0e606706475324be0c5ef94144baea0"", ""src/dcdlp/train.py"": ""1a51d4fecab93b75010def119946a91d4ed8ce44d3df852f167ca5400ac95f7d""}"	test_evaluated=false; fixed split/pool/validation candidates; test sealed
V13-A-01	2026-10-03T05:15:04.700667+00:00	ECR	evidence-composition	PHASE_A_ECR	cora	0	5	A1 raw-HG pair evidence only; 96 zero-initialized linear coefficients	0.5256204671690727	0.5751811436969592	0.04956067652788643		24759	112.71810194198042	43.75830078125	COMPLETE	NOT_SEARCHED	e709edd21a7100d62e4eb4a43f53199b9a61ad0a78c224893c42e311a8e4a0a3	"{""AUTONOMOUS_LP_RESEARCH_V13/run_v13.py"": ""54d2c62d80e9ab9fb3f1d7759500a9f14cd13c6e698db0fdb8c484b8273889f3"", ""HYPERGRAPH_RESEARCH/CODNS_V6_2/run_codns_v6_2.py"": ""990c447435a0c1583c7df1bdb69d0a2493607eaf682afb9faf81738f4f9d0d67"", ""HYPERGRAPH_RESEARCH/NEGATIVE_V6_1/run_negative_v6_1.py"": ""70b36c2d3b4f56a0b271b30e2bc60b360f99eb264368f22c4d095d1e421a7129"", ""HYPERGRAPH_RESEARCH/QTHS_V7_1/experiment_v71.py"": ""d8b1533b6398be98fe5741e5c485008c160434712c8d478268ae817b84b19f67"", ""HYPERGRAPH_RESEARCH/QTHS_V8_PAPER/experiment_v8.py"": ""9a11ab967df76a0d49f5824c20e81545da1b7166b30a05df0aec2f140bca88fa"", ""src/dcdlp/evaluate.py"": ""73902a50e0030623a53990a9002c6f8a826168cca36015f4e8302736249a303b"", ""src/dcdlp/evaluation/ranking.py"": ""d21e7bdba9a9a59e1d19230008d4fecded874c8c61b3ab924d3c948097ee11dd"", ""src/dcdlp/models/dcdlp.py"": ""b0fcdb74e6c81f05bc45f82b3dcc15d2a0e606706475324be0c5ef94144baea0"", ""src/dcdlp/train.py"": ""1a51d4fecab93b75010def119946a91d4ed8ce44d3df852f167ca5400ac95f7d""}"	test_evaluated=false; fixed split/pool/validation candidates; test sealed
V13-A-02	2026-10-03T05:15:06.316696+00:00	ECR	evidence-composition	PHASE_A_ECR	cora	0	5	A2 separately standardized degree/CN scalar evidence only; two zero-initialized coefficients	0.5256204671690727	0.536228953031976	0.010608485862903305		24737	114.36030363710597	43.75830078125	COMPLETE	NOT_SEARCHED	64f1e571c495d4c11e59ee6756d3541d676453ceac5df79ce1f27fdb75b17beb	"{""AUTONOMOUS_LP_RESEARCH_V13/run_v13.py"": ""54d2c62d80e9ab9fb3f1d7759500a9f14cd13c6e698db0fdb8c484b8273889f3"", ""HYPERGRAPH_RESEARCH/CODNS_V6_2/run_codns_v6_2.py"": ""990c447435a0c1583c7df1bdb69d0a2493607eaf682afb9faf81738f4f9d0d67"", ""HYPERGRAPH_RESEARCH/NEGATIVE_V6_1/run_negative_v6_1.py"": ""70b36c2d3b4f56a0b271b30e2bc60b360f99eb264368f22c4d095d1e421a7129"", ""HYPERGRAPH_RESEARCH/QTHS_V7_1/experiment_v71.py"": ""d8b1533b6398be98fe5741e5c485008c160434712c8d478268ae817b84b19f67"", ""HYPERGRAPH_RESEARCH/QTHS_V8_PAPER/experiment_v8.py"": ""9a11ab967df76a0d49f5824c20e81545da1b7166b30a05df0aec2f140bca88fa"", ""src/dcdlp/evaluate.py"": ""73902a50e0030623a53990a9002c6f8a826168cca36015f4e8302736249a303b"", ""src/dcdlp/evaluation/ranking.py"": ""d21e7bdba9a9a59e1d19230008d4fecded874c8c61b3ab924d3c948097ee11dd"", ""src/dcdlp/models/dcdlp.py"": ""b0fcdb74e6c81f05bc45f82b3dcc15d2a0e606706475324be0c5ef94144baea0"", ""src/dcdlp/train.py"": ""1a51d4fecab93b75010def119946a91d4ed8ce44d3df852f167ca5400ac95f7d""}"	test_evaluated=false; fixed split/pool/validation candidates; test sealed
V13-A-03	2026-10-03T05:15:04.200742+00:00	ECR	evidence-composition	PHASE_A_ECR	cora	0	5	A3 target-masked cross-exclusive-neighborhood density only; one zero-initialized coefficient	0.5256204671690727	0.5457548672543846	0.020134400085311865		24736	112.28160368697718	43.7744140625	COMPLETE	NOT_SEARCHED	5452fca5d221e605727b0534abe5f14df381b38df7a1214161dcfb8707fcd8f8	"{""AUTONOMOUS_LP_RESEARCH_V13/run_v13.py"": ""54d2c62d80e9ab9fb3f1d7759500a9f14cd13c6e698db0fdb8c484b8273889f3"", ""HYPERGRAPH_RESEARCH/CODNS_V6_2/run_codns_v6_2.py"": ""990c447435a0c1583c7df1bdb69d0a2493607eaf682afb9faf81738f4f9d0d67"", ""HYPERGRAPH_RESEARCH/NEGATIVE_V6_1/run_negative_v6_1.py"": ""70b36c2d3b4f56a0b271b30e2bc60b360f99eb264368f22c4d095d1e421a7129"", ""HYPERGRAPH_RESEARCH/QTHS_V7_1/experiment_v71.py"": ""d8b1533b6398be98fe5741e5c485008c160434712c8d478268ae817b84b19f67"", ""HYPERGRAPH_RESEARCH/QTHS_V8_PAPER/experiment_v8.py"": ""9a11ab967df76a0d49f5824c20e81545da1b7166b30a05df0aec2f140bca88fa"", ""src/dcdlp/evaluate.py"": ""73902a50e0030623a53990a9002c6f8a826168cca36015f4e8302736249a303b"", ""src/dcdlp/evaluation/ranking.py"": ""d21e7bdba9a9a59e1d19230008d4fecded874c8c61b3ab924d3c948097ee11dd"", ""src/dcdlp/models/dcdlp.py"": ""b0fcdb74e6c81f05bc45f82b3dcc15d2a0e606706475324be0c5ef94144baea0"", ""src/dcdlp/train.py"": ""1a51d4fecab93b75010def119946a91d4ed8ce44d3df852f167ca5400ac95f7d""}"	test_evaluated=false; fixed split/pool/validation candidates; test sealed
V13-A-04	2026-10-03T05:15:05.121718+00:00	ECR	evidence-composition	PHASE_A_ECR	cora	0	5	A4 full evidence-calibration form with all evidence rows deterministically shuffled across target pairs	0.5256204671690727	0.48602991919275806	-0.03959054797631467		24763	113.13214142806828	43.77783203125	COMPLETE	NOT_SEARCHED	c9911fa87494b8e8be69658f52e9e776db6d38d27474d5d96c9f2bc85d6ee4af	"{""AUTONOMOUS_LP_RESEARCH_V13/run_v13.py"": ""54d2c62d80e9ab9fb3f1d7759500a9f14cd13c6e698db0fdb8c484b8273889f3"", ""HYPERGRAPH_RESEARCH/CODNS_V6_2/run_codns_v6_2.py"": ""990c447435a0c1583c7df1bdb69d0a2493607eaf682afb9faf81738f4f9d0d67"", ""HYPERGRAPH_RESEARCH/NEGATIVE_V6_1/run_negative_v6_1.py"": ""70b36c2d3b4f56a0b271b30e2bc60b360f99eb264368f22c4d095d1e421a7129"", ""HYPERGRAPH_RESEARCH/QTHS_V7_1/experiment_v71.py"": ""d8b1533b6398be98fe5741e5c485008c160434712c8d478268ae817b84b19f67"", ""HYPERGRAPH_RESEARCH/QTHS_V8_PAPER/experiment_v8.py"": ""9a11ab967df76a0d49f5824c20e81545da1b7166b30a05df0aec2f140bca88fa"", ""src/dcdlp/evaluate.py"": ""73902a50e0030623a53990a9002c6f8a826168cca36015f4e8302736249a303b"", ""src/dcdlp/evaluation/ranking.py"": ""d21e7bdba9a9a59e1d19230008d4fecded874c8c61b3ab924d3c948097ee11dd"", ""src/dcdlp/models/dcdlp.py"": ""b0fcdb74e6c81f05bc45f82b3dcc15d2a0e606706475324be0c5ef94144baea0"", ""src/dcdlp/train.py"": ""1a51d4fecab93b75010def119946a91d4ed8ce44d3df852f167ca5400ac95f7d""}"	test_evaluated=false; fixed split/pool/validation candidates; test sealed
V13-A-05	2026-10-03T05:15:05.261476+00:00	ECR	evidence-composition	PHASE_A_ECR	cora	0	5	A5 full ECR; raw-HG + degree/CN + cross-density + one raw×structure interaction	0.5256204671690727	0.6078151237376185	0.08219465656854574	0.48602991919275806	24763	113.25251583894715	43.77783203125	COMPLETE	NOT_SEARCHED	3efbee07823f9e1273a29273e4aa17f38ee57a8acabbf7da8399357439d76f88	"{""AUTONOMOUS_LP_RESEARCH_V13/run_v13.py"": ""54d2c62d80e9ab9fb3f1d7759500a9f14cd13c6e698db0fdb8c484b8273889f3"", ""HYPERGRAPH_RESEARCH/CODNS_V6_2/run_codns_v6_2.py"": ""990c447435a0c1583c7df1bdb69d0a2493607eaf682afb9faf81738f4f9d0d67"", ""HYPERGRAPH_RESEARCH/NEGATIVE_V6_1/run_negative_v6_1.py"": ""70b36c2d3b4f56a0b271b30e2bc60b360f99eb264368f22c4d095d1e421a7129"", ""HYPERGRAPH_RESEARCH/QTHS_V7_1/experiment_v71.py"": ""d8b1533b6398be98fe5741e5c485008c160434712c8d478268ae817b84b19f67"", ""HYPERGRAPH_RESEARCH/QTHS_V8_PAPER/experiment_v8.py"": ""9a11ab967df76a0d49f5824c20e81545da1b7166b30a05df0aec2f140bca88fa"", ""src/dcdlp/evaluate.py"": ""73902a50e0030623a53990a9002c6f8a826168cca36015f4e8302736249a303b"", ""src/dcdlp/evaluation/ranking.py"": ""d21e7bdba9a9a59e1d19230008d4fecded874c8c61b3ab924d3c948097ee11dd"", ""src/dcdlp/models/dcdlp.py"": ""b0fcdb74e6c81f05bc45f82b3dcc15d2a0e606706475324be0c5ef94144baea0"", ""src/dcdlp/train.py"": ""1a51d4fecab93b75010def119946a91d4ed8ce44d3df852f167ca5400ac95f7d""}"	test_evaluated=false; fixed split/pool/validation candidates; test sealed
