exp_id	timestamp_utc	candidate_id	family	parent_state	dataset	seed	epochs	change_summary	baseline_mrr	candidate_mrr	delta	control_mrr	params	runtime_s	peak_gpu_mb	decision	novelty_status	checkpoint_sha256	source_hashes	notes
V12-S1-01	2026-10-03T00:31:37.328481+00:00	B0	baseline	clean_baseline	cora	0	5	SH75 plus BCE matched reference	0.4840758807304911	0.4840758807304911	0.0	0.4840758807304911	24735	34.16244341805577	43.2978515625	COMPLETE	NOT_SEARCHED	38188be48fca2ad48a1e44de7fad358e82a4fbb95983997254ddc4f1f755533b	"{""AUTONOMOUS_LP_RESEARCH_V12/run_v12.py"": ""5d1225c6c9215840398b518a9a31ad1295ab049175a98c34e0e955c6ae1b529e"", ""HYPERGRAPH_RESEARCH/CODNS_V6_2/run_codns_v6_2.py"": ""990c447435a0c1583c7df1bdb69d0a2493607eaf682afb9faf81738f4f9d0d67"", ""HYPERGRAPH_RESEARCH/NEGATIVE_V6_1/run_negative_v6_1.py"": ""70b36c2d3b4f56a0b271b30e2bc60b360f99eb264368f22c4d095d1e421a7129"", ""HYPERGRAPH_RESEARCH/QTHS_V7_1/experiment_v71.py"": ""d8b1533b6398be98fe5741e5c485008c160434712c8d478268ae817b84b19f67"", ""HYPERGRAPH_RESEARCH/QTHS_V8_PAPER/experiment_v8.py"": ""9a11ab967df76a0d49f5824c20e81545da1b7166b30a05df0aec2f140bca88fa"", ""src/dcdlp/evaluate.py"": ""73902a50e0030623a53990a9002c6f8a826168cca36015f4e8302736249a303b"", ""src/dcdlp/evaluation/ranking.py"": ""d21e7bdba9a9a59e1d19230008d4fecded874c8c61b3ab924d3c948097ee11dd"", ""src/dcdlp/models/dcdlp.py"": ""b0fcdb74e6c81f05bc45f82b3dcc15d2a0e606706475324be0c5ef94144baea0"", ""src/dcdlp/train.py"": ""1a51d4fecab93b75010def119946a91d4ed8ce44d3df852f167ca5400ac95f7d""}"	test_evaluated=false; validation-only
V12-S1-02	2026-10-03T00:35:10.497824+00:00	F1	F	clean_baseline	cora	0	5	Softplus ranking of positives against batch-top ten SH75 negatives	0.4840758807304911	0.4935642310996936	0.00948835036920248	0.4856499948724401	24735	109.41404090216383	43.2978515625	COMPLETE	NOT_SEARCHED	570488d0e0785751f4da6ad30bf06658d15486894800e8acc9c72ca3a506cbe3	"{""AUTONOMOUS_LP_RESEARCH_V12/run_v12.py"": ""010afe762f58620b3443ecbac8f232dc26dd4fbd652af74253ef34f12001e0cd"", ""HYPERGRAPH_RESEARCH/CODNS_V6_2/run_codns_v6_2.py"": ""990c447435a0c1583c7df1bdb69d0a2493607eaf682afb9faf81738f4f9d0d67"", ""HYPERGRAPH_RESEARCH/NEGATIVE_V6_1/run_negative_v6_1.py"": ""70b36c2d3b4f56a0b271b30e2bc60b360f99eb264368f22c4d095d1e421a7129"", ""HYPERGRAPH_RESEARCH/QTHS_V7_1/experiment_v71.py"": ""d8b1533b6398be98fe5741e5c485008c160434712c8d478268ae817b84b19f67"", ""HYPERGRAPH_RESEARCH/QTHS_V8_PAPER/experiment_v8.py"": ""9a11ab967df76a0d49f5824c20e81545da1b7166b30a05df0aec2f140bca88fa"", ""src/dcdlp/evaluate.py"": ""73902a50e0030623a53990a9002c6f8a826168cca36015f4e8302736249a303b"", ""src/dcdlp/evaluation/ranking.py"": ""d21e7bdba9a9a59e1d19230008d4fecded874c8c61b3ab924d3c948097ee11dd"", ""src/dcdlp/models/dcdlp.py"": ""b0fcdb74e6c81f05bc45f82b3dcc15d2a0e606706475324be0c5ef94144baea0"", ""src/dcdlp/train.py"": ""1a51d4fecab93b75010def119946a91d4ed8ce44d3df852f167ca5400ac95f7d""}"	test_evaluated=false; validation-only
V12-S1-03	2026-10-03T00:35:14.143675+00:00	F1	F	clean_baseline	cora	0	5	Softplus ranking of positives against random ten SH75 negatives	0.4840758807304911	0.4856499948724401	0.001574114141948968	0.4856499948724401	24735	112.80012147407979	43.2978515625	COMPLETE	NOT_SEARCHED	a2a1a89ecb3ebb7dab06d052f9d050595fdd6ea420dc80c5a0727441cb0189fb	"{""AUTONOMOUS_LP_RESEARCH_V12/run_v12.py"": ""010afe762f58620b3443ecbac8f232dc26dd4fbd652af74253ef34f12001e0cd"", ""HYPERGRAPH_RESEARCH/CODNS_V6_2/run_codns_v6_2.py"": ""990c447435a0c1583c7df1bdb69d0a2493607eaf682afb9faf81738f4f9d0d67"", ""HYPERGRAPH_RESEARCH/NEGATIVE_V6_1/run_negative_v6_1.py"": ""70b36c2d3b4f56a0b271b30e2bc60b360f99eb264368f22c4d095d1e421a7129"", ""HYPERGRAPH_RESEARCH/QTHS_V7_1/experiment_v71.py"": ""d8b1533b6398be98fe5741e5c485008c160434712c8d478268ae817b84b19f67"", ""HYPERGRAPH_RESEARCH/QTHS_V8_PAPER/experiment_v8.py"": ""9a11ab967df76a0d49f5824c20e81545da1b7166b30a05df0aec2f140bca88fa"", ""src/dcdlp/evaluate.py"": ""73902a50e0030623a53990a9002c6f8a826168cca36015f4e8302736249a303b"", ""src/dcdlp/evaluation/ranking.py"": ""d21e7bdba9a9a59e1d19230008d4fecded874c8c61b3ab924d3c948097ee11dd"", ""src/dcdlp/models/dcdlp.py"": ""b0fcdb74e6c81f05bc45f82b3dcc15d2a0e606706475324be0c5ef94144baea0"", ""src/dcdlp/train.py"": ""1a51d4fecab93b75010def119946a91d4ed8ce44d3df852f167ca5400ac95f7d""}"	test_evaluated=false; validation-only
V12-S1-06	2026-10-03T00:35:14.583356+00:00	C1	B/C	clean_baseline	cora	0	5	Symmetric endpoint product MLP residual	0.4840758807304911	0.4321131245409342	-0.051962756189556925	0.4377790891690408	25136	113.2053829790093	43.8818359375	COMPLETE	NOT_SEARCHED	188fc3881d15b7bff7c714e7c7474f5765a764bc73f217b8565dd1d6b2f45b0d	"{""AUTONOMOUS_LP_RESEARCH_V12/run_v12.py"": ""010afe762f58620b3443ecbac8f232dc26dd4fbd652af74253ef34f12001e0cd"", ""HYPERGRAPH_RESEARCH/CODNS_V6_2/run_codns_v6_2.py"": ""990c447435a0c1583c7df1bdb69d0a2493607eaf682afb9faf81738f4f9d0d67"", ""HYPERGRAPH_RESEARCH/NEGATIVE_V6_1/run_negative_v6_1.py"": ""70b36c2d3b4f56a0b271b30e2bc60b360f99eb264368f22c4d095d1e421a7129"", ""HYPERGRAPH_RESEARCH/QTHS_V7_1/experiment_v71.py"": ""d8b1533b6398be98fe5741e5c485008c160434712c8d478268ae817b84b19f67"", ""HYPERGRAPH_RESEARCH/QTHS_V8_PAPER/experiment_v8.py"": ""9a11ab967df76a0d49f5824c20e81545da1b7166b30a05df0aec2f140bca88fa"", ""src/dcdlp/evaluate.py"": ""73902a50e0030623a53990a9002c6f8a826168cca36015f4e8302736249a303b"", ""src/dcdlp/evaluation/ranking.py"": ""d21e7bdba9a9a59e1d19230008d4fecded874c8c61b3ab924d3c948097ee11dd"", ""src/dcdlp/models/dcdlp.py"": ""b0fcdb74e6c81f05bc45f82b3dcc15d2a0e606706475324be0c5ef94144baea0"", ""src/dcdlp/train.py"": ""1a51d4fecab93b75010def119946a91d4ed8ce44d3df852f167ca5400ac95f7d""}"	test_evaluated=false; validation-only
V12-S1-07	2026-10-03T00:35:18.555888+00:00	C1	B/C	clean_baseline	cora	0	5	Same-size MLP using endpoint self-moments	0.4840758807304911	0.4377790891690408	-0.046296791561450334	0.4377790891690408	25136	117.18898744508624	43.8818359375	COMPLETE	NOT_SEARCHED	65effffb7975483c5cecdbd90aad0eb5bb34e1bfb23f20291aad7f9c27bc9a0b	"{""AUTONOMOUS_LP_RESEARCH_V12/run_v12.py"": ""010afe762f58620b3443ecbac8f232dc26dd4fbd652af74253ef34f12001e0cd"", ""HYPERGRAPH_RESEARCH/CODNS_V6_2/run_codns_v6_2.py"": ""990c447435a0c1583c7df1bdb69d0a2493607eaf682afb9faf81738f4f9d0d67"", ""HYPERGRAPH_RESEARCH/NEGATIVE_V6_1/run_negative_v6_1.py"": ""70b36c2d3b4f56a0b271b30e2bc60b360f99eb264368f22c4d095d1e421a7129"", ""HYPERGRAPH_RESEARCH/QTHS_V7_1/experiment_v71.py"": ""d8b1533b6398be98fe5741e5c485008c160434712c8d478268ae817b84b19f67"", ""HYPERGRAPH_RESEARCH/QTHS_V8_PAPER/experiment_v8.py"": ""9a11ab967df76a0d49f5824c20e81545da1b7166b30a05df0aec2f140bca88fa"", ""src/dcdlp/evaluate.py"": ""73902a50e0030623a53990a9002c6f8a826168cca36015f4e8302736249a303b"", ""src/dcdlp/evaluation/ranking.py"": ""d21e7bdba9a9a59e1d19230008d4fecded874c8c61b3ab924d3c948097ee11dd"", ""src/dcdlp/models/dcdlp.py"": ""b0fcdb74e6c81f05bc45f82b3dcc15d2a0e606706475324be0c5ef94144baea0"", ""src/dcdlp/train.py"": ""1a51d4fecab93b75010def119946a91d4ed8ce44d3df852f167ca5400ac95f7d""}"	test_evaluated=false; validation-only
V12-S1-04	2026-10-03T00:35:25.943528+00:00	G1	G	clean_baseline	cora	0	5	Train-only positive closure-rank weights	0.4840758807304911	0.4857079488171378	0.0016320680866466764	0.48296687239391095	24735	124.60000631120056	43.2978515625	COMPLETE	NOT_SEARCHED	d757ad44a52842a19c2074d37ff5b63f19b5bf26f1f24cb8897ef505de357e0b	"{""AUTONOMOUS_LP_RESEARCH_V12/run_v12.py"": ""010afe762f58620b3443ecbac8f232dc26dd4fbd652af74253ef34f12001e0cd"", ""HYPERGRAPH_RESEARCH/CODNS_V6_2/run_codns_v6_2.py"": ""990c447435a0c1583c7df1bdb69d0a2493607eaf682afb9faf81738f4f9d0d67"", ""HYPERGRAPH_RESEARCH/NEGATIVE_V6_1/run_negative_v6_1.py"": ""70b36c2d3b4f56a0b271b30e2bc60b360f99eb264368f22c4d095d1e421a7129"", ""HYPERGRAPH_RESEARCH/QTHS_V7_1/experiment_v71.py"": ""d8b1533b6398be98fe5741e5c485008c160434712c8d478268ae817b84b19f67"", ""HYPERGRAPH_RESEARCH/QTHS_V8_PAPER/experiment_v8.py"": ""9a11ab967df76a0d49f5824c20e81545da1b7166b30a05df0aec2f140bca88fa"", ""src/dcdlp/evaluate.py"": ""73902a50e0030623a53990a9002c6f8a826168cca36015f4e8302736249a303b"", ""src/dcdlp/evaluation/ranking.py"": ""d21e7bdba9a9a59e1d19230008d4fecded874c8c61b3ab924d3c948097ee11dd"", ""src/dcdlp/models/dcdlp.py"": ""b0fcdb74e6c81f05bc45f82b3dcc15d2a0e606706475324be0c5ef94144baea0"", ""src/dcdlp/train.py"": ""1a51d4fecab93b75010def119946a91d4ed8ce44d3df852f167ca5400ac95f7d""}"	test_evaluated=false; validation-only
V12-S1-05	2026-10-03T00:35:27.810712+00:00	G1	G	clean_baseline	cora	0	5	Same positive weights under a fixed train-positive permutation	0.4840758807304911	0.48296687239391095	-0.001109008336580175	0.48296687239391095	24735	126.45735186291859	43.2978515625	COMPLETE	NOT_SEARCHED	7dfb8b935492e75f11736afa8044dfde408d4f04955bfd98b1182a772b081e23	"{""AUTONOMOUS_LP_RESEARCH_V12/run_v12.py"": ""010afe762f58620b3443ecbac8f232dc26dd4fbd652af74253ef34f12001e0cd"", ""HYPERGRAPH_RESEARCH/CODNS_V6_2/run_codns_v6_2.py"": ""990c447435a0c1583c7df1bdb69d0a2493607eaf682afb9faf81738f4f9d0d67"", ""HYPERGRAPH_RESEARCH/NEGATIVE_V6_1/run_negative_v6_1.py"": ""70b36c2d3b4f56a0b271b30e2bc60b360f99eb264368f22c4d095d1e421a7129"", ""HYPERGRAPH_RESEARCH/QTHS_V7_1/experiment_v71.py"": ""d8b1533b6398be98fe5741e5c485008c160434712c8d478268ae817b84b19f67"", ""HYPERGRAPH_RESEARCH/QTHS_V8_PAPER/experiment_v8.py"": ""9a11ab967df76a0d49f5824c20e81545da1b7166b30a05df0aec2f140bca88fa"", ""src/dcdlp/evaluate.py"": ""73902a50e0030623a53990a9002c6f8a826168cca36015f4e8302736249a303b"", ""src/dcdlp/evaluation/ranking.py"": ""d21e7bdba9a9a59e1d19230008d4fecded874c8c61b3ab924d3c948097ee11dd"", ""src/dcdlp/models/dcdlp.py"": ""b0fcdb74e6c81f05bc45f82b3dcc15d2a0e606706475324be0c5ef94144baea0"", ""src/dcdlp/train.py"": ""1a51d4fecab93b75010def119946a91d4ed8ce44d3df852f167ca5400ac95f7d""}"	test_evaluated=false; validation-only
V12-S1-08	2026-10-03T00:36:03.500300+00:00	D1	D	clean_baseline	cora	0	5	One-hop target-masked pair-context residual	0.4840758807304911	0.4975181162480306	0.01344223551753948	0.48682597569223657	25008	52.90892809582874	44.10009765625	COMPLETE	NOT_SEARCHED	95ac99398f30b9ed3a363cba455013c9849668afa7646d7a6f14cd6c7e27cde2	"{""AUTONOMOUS_LP_RESEARCH_V12/run_v12.py"": ""010afe762f58620b3443ecbac8f232dc26dd4fbd652af74253ef34f12001e0cd"", ""HYPERGRAPH_RESEARCH/CODNS_V6_2/run_codns_v6_2.py"": ""990c447435a0c1583c7df1bdb69d0a2493607eaf682afb9faf81738f4f9d0d67"", ""HYPERGRAPH_RESEARCH/NEGATIVE_V6_1/run_negative_v6_1.py"": ""70b36c2d3b4f56a0b271b30e2bc60b360f99eb264368f22c4d095d1e421a7129"", ""HYPERGRAPH_RESEARCH/QTHS_V7_1/experiment_v71.py"": ""d8b1533b6398be98fe5741e5c485008c160434712c8d478268ae817b84b19f67"", ""HYPERGRAPH_RESEARCH/QTHS_V8_PAPER/experiment_v8.py"": ""9a11ab967df76a0d49f5824c20e81545da1b7166b30a05df0aec2f140bca88fa"", ""src/dcdlp/evaluate.py"": ""73902a50e0030623a53990a9002c6f8a826168cca36015f4e8302736249a303b"", ""src/dcdlp/evaluation/ranking.py"": ""d21e7bdba9a9a59e1d19230008d4fecded874c8c61b3ab924d3c948097ee11dd"", ""src/dcdlp/models/dcdlp.py"": ""b0fcdb74e6c81f05bc45f82b3dcc15d2a0e606706475324be0c5ef94144baea0"", ""src/dcdlp/train.py"": ""1a51d4fecab93b75010def119946a91d4ed8ce44d3df852f167ca5400ac95f7d""}"	test_evaluated=false; validation-only
V12-S1-09	2026-10-03T00:36:04.373428+00:00	D1	D	clean_baseline	cora	0	5	Same residual using fixed node-permuted context	0.4840758807304911	0.48682597569223657	0.0027500949617454418	0.48682597569223657	25008	50.126436869148165	44.74609375	COMPLETE	NOT_SEARCHED	f46f5bb57d0dce9ce2025568b51d3c89f63c905520ae40b3adfbff9f2208549c	"{""AUTONOMOUS_LP_RESEARCH_V12/run_v12.py"": ""010afe762f58620b3443ecbac8f232dc26dd4fbd652af74253ef34f12001e0cd"", ""HYPERGRAPH_RESEARCH/CODNS_V6_2/run_codns_v6_2.py"": ""990c447435a0c1583c7df1bdb69d0a2493607eaf682afb9faf81738f4f9d0d67"", ""HYPERGRAPH_RESEARCH/NEGATIVE_V6_1/run_negative_v6_1.py"": ""70b36c2d3b4f56a0b271b30e2bc60b360f99eb264368f22c4d095d1e421a7129"", ""HYPERGRAPH_RESEARCH/QTHS_V7_1/experiment_v71.py"": ""d8b1533b6398be98fe5741e5c485008c160434712c8d478268ae817b84b19f67"", ""HYPERGRAPH_RESEARCH/QTHS_V8_PAPER/experiment_v8.py"": ""9a11ab967df76a0d49f5824c20e81545da1b7166b30a05df0aec2f140bca88fa"", ""src/dcdlp/evaluate.py"": ""73902a50e0030623a53990a9002c6f8a826168cca36015f4e8302736249a303b"", ""src/dcdlp/evaluation/ranking.py"": ""d21e7bdba9a9a59e1d19230008d4fecded874c8c61b3ab924d3c948097ee11dd"", ""src/dcdlp/models/dcdlp.py"": ""b0fcdb74e6c81f05bc45f82b3dcc15d2a0e606706475324be0c5ef94144baea0"", ""src/dcdlp/train.py"": ""1a51d4fecab93b75010def119946a91d4ed8ce44d3df852f167ca5400ac95f7d""}"	test_evaluated=false; validation-only
V12-S2-03	2026-10-03T00:49:05.547789+00:00	S2_F1_CTRL	F1	V12-STAGE2	cora	0	10	Random-ten pairwise loss control	0.5302629049728781	0.38514843253303976	-0.14511447243983833	0.38514843253303976	24735	184.69287928333506	43.37255859375	REJECT	CONCEPTUAL_OVERLAP	7b5e49309db28e610491c174f210f073d4b5bb59701826d061c615264d533199	"{""AUTONOMOUS_LP_RESEARCH_V12/run_v12.py"": ""f1cdbedcbe6b9fc1ed085d27002dd2762670d6c11352d2e6d422842d21e2bfc1"", ""HYPERGRAPH_RESEARCH/CODNS_V6_2/run_codns_v6_2.py"": ""990c447435a0c1583c7df1bdb69d0a2493607eaf682afb9faf81738f4f9d0d67"", ""HYPERGRAPH_RESEARCH/NEGATIVE_V6_1/run_negative_v6_1.py"": ""70b36c2d3b4f56a0b271b30e2bc60b360f99eb264368f22c4d095d1e421a7129"", ""HYPERGRAPH_RESEARCH/QTHS_V7_1/experiment_v71.py"": ""d8b1533b6398be98fe5741e5c485008c160434712c8d478268ae817b84b19f67"", ""HYPERGRAPH_RESEARCH/QTHS_V8_PAPER/experiment_v8.py"": ""9a11ab967df76a0d49f5824c20e81545da1b7166b30a05df0aec2f140bca88fa"", ""src/dcdlp/evaluate.py"": ""73902a50e0030623a53990a9002c6f8a826168cca36015f4e8302736249a303b"", ""src/dcdlp/evaluation/ranking.py"": ""d21e7bdba9a9a59e1d19230008d4fecded874c8c61b3ab924d3c948097ee11dd"", ""src/dcdlp/models/dcdlp.py"": ""b0fcdb74e6c81f05bc45f82b3dcc15d2a0e606706475324be0c5ef94144baea0"", ""src/dcdlp/train.py"": ""1a51d4fecab93b75010def119946a91d4ed8ce44d3df852f167ca5400ac95f7d""}"	test_evaluated=false; QTHS25 matched sampler
V12-S2-04	2026-10-03T00:49:06.765294+00:00	S2_D1	D1	V12-STAGE2	cora	0	10	Target-masked one-hop ego-context residual	0.5302629049728781	0.36565364858634936	-0.16460925638652874	0.5219473345450403	25008	185.90819336194545	44.17041015625	REJECT	CONCEPTUAL_OVERLAP	c2b46cc0daa85f462c57c80dcf422b9c472e19f32752f5c2205cfac9537d4064	"{""AUTONOMOUS_LP_RESEARCH_V12/run_v12.py"": ""f1cdbedcbe6b9fc1ed085d27002dd2762670d6c11352d2e6d422842d21e2bfc1"", ""HYPERGRAPH_RESEARCH/CODNS_V6_2/run_codns_v6_2.py"": ""990c447435a0c1583c7df1bdb69d0a2493607eaf682afb9faf81738f4f9d0d67"", ""HYPERGRAPH_RESEARCH/NEGATIVE_V6_1/run_negative_v6_1.py"": ""70b36c2d3b4f56a0b271b30e2bc60b360f99eb264368f22c4d095d1e421a7129"", ""HYPERGRAPH_RESEARCH/QTHS_V7_1/experiment_v71.py"": ""d8b1533b6398be98fe5741e5c485008c160434712c8d478268ae817b84b19f67"", ""HYPERGRAPH_RESEARCH/QTHS_V8_PAPER/experiment_v8.py"": ""9a11ab967df76a0d49f5824c20e81545da1b7166b30a05df0aec2f140bca88fa"", ""src/dcdlp/evaluate.py"": ""73902a50e0030623a53990a9002c6f8a826168cca36015f4e8302736249a303b"", ""src/dcdlp/evaluation/ranking.py"": ""d21e7bdba9a9a59e1d19230008d4fecded874c8c61b3ab924d3c948097ee11dd"", ""src/dcdlp/models/dcdlp.py"": ""b0fcdb74e6c81f05bc45f82b3dcc15d2a0e606706475324be0c5ef94144baea0"", ""src/dcdlp/train.py"": ""1a51d4fecab93b75010def119946a91d4ed8ce44d3df852f167ca5400ac95f7d""}"	test_evaluated=false; QTHS25 matched sampler
V12-S2-05	2026-10-03T00:49:07.519914+00:00	S2_D1_CTRL	D1	V12-STAGE2	cora	0	10	Node-permuted ego-context control	0.5302629049728781	0.5219473345450403	-0.008315570427837815	0.5219473345450403	25008	186.64567475486547	44.81640625	REJECT	CONCEPTUAL_OVERLAP	8a1250af18ce14f4d89276b0d2d74d8930f6426d141e9ffc78c0b7890fef6ad6	"{""AUTONOMOUS_LP_RESEARCH_V12/run_v12.py"": ""f1cdbedcbe6b9fc1ed085d27002dd2762670d6c11352d2e6d422842d21e2bfc1"", ""HYPERGRAPH_RESEARCH/CODNS_V6_2/run_codns_v6_2.py"": ""990c447435a0c1583c7df1bdb69d0a2493607eaf682afb9faf81738f4f9d0d67"", ""HYPERGRAPH_RESEARCH/NEGATIVE_V6_1/run_negative_v6_1.py"": ""70b36c2d3b4f56a0b271b30e2bc60b360f99eb264368f22c4d095d1e421a7129"", ""HYPERGRAPH_RESEARCH/QTHS_V7_1/experiment_v71.py"": ""d8b1533b6398be98fe5741e5c485008c160434712c8d478268ae817b84b19f67"", ""HYPERGRAPH_RESEARCH/QTHS_V8_PAPER/experiment_v8.py"": ""9a11ab967df76a0d49f5824c20e81545da1b7166b30a05df0aec2f140bca88fa"", ""src/dcdlp/evaluate.py"": ""73902a50e0030623a53990a9002c6f8a826168cca36015f4e8302736249a303b"", ""src/dcdlp/evaluation/ranking.py"": ""d21e7bdba9a9a59e1d19230008d4fecded874c8c61b3ab924d3c948097ee11dd"", ""src/dcdlp/models/dcdlp.py"": ""b0fcdb74e6c81f05bc45f82b3dcc15d2a0e606706475324be0c5ef94144baea0"", ""src/dcdlp/train.py"": ""1a51d4fecab93b75010def119946a91d4ed8ce44d3df852f167ca5400ac95f7d""}"	test_evaluated=false; QTHS25 matched sampler
V12-S2-02	2026-10-03T00:49:07.602663+00:00	S2_F1	F1	V12-STAGE2	cora	0	10	Batch-top ten pairwise ranking loss	0.5302629049728781	0.23539439855891492	-0.29486850641396317	0.38514843253303976	24735	186.74781446903944	43.37255859375	REJECT	CONCEPTUAL_OVERLAP	87f002a1dbed5d0b601020719f536ccaabd385d4ebc125ef831bcd0c01c671a2	"{""AUTONOMOUS_LP_RESEARCH_V12/run_v12.py"": ""f1cdbedcbe6b9fc1ed085d27002dd2762670d6c11352d2e6d422842d21e2bfc1"", ""HYPERGRAPH_RESEARCH/CODNS_V6_2/run_codns_v6_2.py"": ""990c447435a0c1583c7df1bdb69d0a2493607eaf682afb9faf81738f4f9d0d67"", ""HYPERGRAPH_RESEARCH/NEGATIVE_V6_1/run_negative_v6_1.py"": ""70b36c2d3b4f56a0b271b30e2bc60b360f99eb264368f22c4d095d1e421a7129"", ""HYPERGRAPH_RESEARCH/QTHS_V7_1/experiment_v71.py"": ""d8b1533b6398be98fe5741e5c485008c160434712c8d478268ae817b84b19f67"", ""HYPERGRAPH_RESEARCH/QTHS_V8_PAPER/experiment_v8.py"": ""9a11ab967df76a0d49f5824c20e81545da1b7166b30a05df0aec2f140bca88fa"", ""src/dcdlp/evaluate.py"": ""73902a50e0030623a53990a9002c6f8a826168cca36015f4e8302736249a303b"", ""src/dcdlp/evaluation/ranking.py"": ""d21e7bdba9a9a59e1d19230008d4fecded874c8c61b3ab924d3c948097ee11dd"", ""src/dcdlp/models/dcdlp.py"": ""b0fcdb74e6c81f05bc45f82b3dcc15d2a0e606706475324be0c5ef94144baea0"", ""src/dcdlp/train.py"": ""1a51d4fecab93b75010def119946a91d4ed8ce44d3df852f167ca5400ac95f7d""}"	test_evaluated=false; QTHS25 matched sampler
V12-S2-01	2026-10-03T00:49:09.420669+00:00	S2_B0	baseline	V12-STAGE2	cora	0	10	QTHS25 strong baseline	0.5302629049728781	0.5302629049728781	0.0		24735	188.56299224868417	43.37255859375	COMPLETE	CONCEPTUAL_OVERLAP	050652591bbca671fea5852fc32a89fb564b81522470e0822a4d04660a343d27	"{""AUTONOMOUS_LP_RESEARCH_V12/run_v12.py"": ""f1cdbedcbe6b9fc1ed085d27002dd2762670d6c11352d2e6d422842d21e2bfc1"", ""HYPERGRAPH_RESEARCH/CODNS_V6_2/run_codns_v6_2.py"": ""990c447435a0c1583c7df1bdb69d0a2493607eaf682afb9faf81738f4f9d0d67"", ""HYPERGRAPH_RESEARCH/NEGATIVE_V6_1/run_negative_v6_1.py"": ""70b36c2d3b4f56a0b271b30e2bc60b360f99eb264368f22c4d095d1e421a7129"", ""HYPERGRAPH_RESEARCH/QTHS_V7_1/experiment_v71.py"": ""d8b1533b6398be98fe5741e5c485008c160434712c8d478268ae817b84b19f67"", ""HYPERGRAPH_RESEARCH/QTHS_V8_PAPER/experiment_v8.py"": ""9a11ab967df76a0d49f5824c20e81545da1b7166b30a05df0aec2f140bca88fa"", ""src/dcdlp/evaluate.py"": ""73902a50e0030623a53990a9002c6f8a826168cca36015f4e8302736249a303b"", ""src/dcdlp/evaluation/ranking.py"": ""d21e7bdba9a9a59e1d19230008d4fecded874c8c61b3ab924d3c948097ee11dd"", ""src/dcdlp/models/dcdlp.py"": ""b0fcdb74e6c81f05bc45f82b3dcc15d2a0e606706475324be0c5ef94144baea0"", ""src/dcdlp/train.py"": ""1a51d4fecab93b75010def119946a91d4ed8ce44d3df852f167ca5400ac95f7d""}"	test_evaluated=false; QTHS25 matched sampler
V12-S1B-03	2026-10-03T00:59:05.263589+00:00	S1B_F2_CTRL	F2	V12-STAGE1B	cora	0	5	BCE plus random-ten pairwise auxiliary control	0.5256204671690727	0.5158013560135716	-0.009819111155501159	0.5158013560135716	24735	96.0497269788757	43.345703125	REJECT	NOT_SEARCHED	92bd724dc8b28ecf94b3dabedaa34b2dade8b04bbb00143b84d5e0be358f28c7	"{""AUTONOMOUS_LP_RESEARCH_V12/run_v12.py"": ""7d8051e06cc9de111daf02f532a4902bcb6a6a064c8650d2b4f51d4b41618437"", ""HYPERGRAPH_RESEARCH/CODNS_V6_2/run_codns_v6_2.py"": ""990c447435a0c1583c7df1bdb69d0a2493607eaf682afb9faf81738f4f9d0d67"", ""HYPERGRAPH_RESEARCH/NEGATIVE_V6_1/run_negative_v6_1.py"": ""70b36c2d3b4f56a0b271b30e2bc60b360f99eb264368f22c4d095d1e421a7129"", ""HYPERGRAPH_RESEARCH/QTHS_V7_1/experiment_v71.py"": ""d8b1533b6398be98fe5741e5c485008c160434712c8d478268ae817b84b19f67"", ""HYPERGRAPH_RESEARCH/QTHS_V8_PAPER/experiment_v8.py"": ""9a11ab967df76a0d49f5824c20e81545da1b7166b30a05df0aec2f140bca88fa"", ""src/dcdlp/evaluate.py"": ""73902a50e0030623a53990a9002c6f8a826168cca36015f4e8302736249a303b"", ""src/dcdlp/evaluation/ranking.py"": ""d21e7bdba9a9a59e1d19230008d4fecded874c8c61b3ab924d3c948097ee11dd"", ""src/dcdlp/models/dcdlp.py"": ""b0fcdb74e6c81f05bc45f82b3dcc15d2a0e606706475324be0c5ef94144baea0"", ""src/dcdlp/train.py"": ""1a51d4fecab93b75010def119946a91d4ed8ce44d3df852f167ca5400ac95f7d""}"	test_evaluated=false; QTHS25 matched sampler
V12-S1B-02	2026-10-03T00:59:05.365945+00:00	S1B_F2	F2	V12-STAGE1B	cora	0	5	BCE-anchored batch-hard pairwise auxiliary loss	0.5256204671690727	0.5239248995911816	-0.0016955675778911328	0.5158013560135716	24735	96.18790697306395	43.345703125	REJECT	NOT_SEARCHED	567a0fbf695182033a567ac640d4d87d727364bc6e512aba496dbc2b04990290	"{""AUTONOMOUS_LP_RESEARCH_V12/run_v12.py"": ""7d8051e06cc9de111daf02f532a4902bcb6a6a064c8650d2b4f51d4b41618437"", ""HYPERGRAPH_RESEARCH/CODNS_V6_2/run_codns_v6_2.py"": ""990c447435a0c1583c7df1bdb69d0a2493607eaf682afb9faf81738f4f9d0d67"", ""HYPERGRAPH_RESEARCH/NEGATIVE_V6_1/run_negative_v6_1.py"": ""70b36c2d3b4f56a0b271b30e2bc60b360f99eb264368f22c4d095d1e421a7129"", ""HYPERGRAPH_RESEARCH/QTHS_V7_1/experiment_v71.py"": ""d8b1533b6398be98fe5741e5c485008c160434712c8d478268ae817b84b19f67"", ""HYPERGRAPH_RESEARCH/QTHS_V8_PAPER/experiment_v8.py"": ""9a11ab967df76a0d49f5824c20e81545da1b7166b30a05df0aec2f140bca88fa"", ""src/dcdlp/evaluate.py"": ""73902a50e0030623a53990a9002c6f8a826168cca36015f4e8302736249a303b"", ""src/dcdlp/evaluation/ranking.py"": ""d21e7bdba9a9a59e1d19230008d4fecded874c8c61b3ab924d3c948097ee11dd"", ""src/dcdlp/models/dcdlp.py"": ""b0fcdb74e6c81f05bc45f82b3dcc15d2a0e606706475324be0c5ef94144baea0"", ""src/dcdlp/train.py"": ""1a51d4fecab93b75010def119946a91d4ed8ce44d3df852f167ca5400ac95f7d""}"	test_evaluated=false; QTHS25 matched sampler
V12-S1B-01	2026-10-03T00:59:05.455402+00:00	S1B_B0	baseline	V12-STAGE1B	cora	0	5	QTHS25 plus BCE strong reference	0.5256204671690727	0.5256204671690727	0.0		24735	96.2621811949648	43.345703125	COMPLETE	NOT_SEARCHED	42a99f1f9b32f443e57bb5cadd8a7debf1bd76c6efa5d5817d95c6e3c1b24661	"{""AUTONOMOUS_LP_RESEARCH_V12/run_v12.py"": ""7d8051e06cc9de111daf02f532a4902bcb6a6a064c8650d2b4f51d4b41618437"", ""HYPERGRAPH_RESEARCH/CODNS_V6_2/run_codns_v6_2.py"": ""990c447435a0c1583c7df1bdb69d0a2493607eaf682afb9faf81738f4f9d0d67"", ""HYPERGRAPH_RESEARCH/NEGATIVE_V6_1/run_negative_v6_1.py"": ""70b36c2d3b4f56a0b271b30e2bc60b360f99eb264368f22c4d095d1e421a7129"", ""HYPERGRAPH_RESEARCH/QTHS_V7_1/experiment_v71.py"": ""d8b1533b6398be98fe5741e5c485008c160434712c8d478268ae817b84b19f67"", ""HYPERGRAPH_RESEARCH/QTHS_V8_PAPER/experiment_v8.py"": ""9a11ab967df76a0d49f5824c20e81545da1b7166b30a05df0aec2f140bca88fa"", ""src/dcdlp/evaluate.py"": ""73902a50e0030623a53990a9002c6f8a826168cca36015f4e8302736249a303b"", ""src/dcdlp/evaluation/ranking.py"": ""d21e7bdba9a9a59e1d19230008d4fecded874c8c61b3ab924d3c948097ee11dd"", ""src/dcdlp/models/dcdlp.py"": ""b0fcdb74e6c81f05bc45f82b3dcc15d2a0e606706475324be0c5ef94144baea0"", ""src/dcdlp/train.py"": ""1a51d4fecab93b75010def119946a91d4ed8ce44d3df852f167ca5400ac95f7d""}"	test_evaluated=false; QTHS25 matched sampler
V12-S1B-05	2026-10-03T00:59:32.874942+00:00	S1B_H1_CTRL	H1	V12-STAGE1B	cora	0	5	Compute-matched label-stratified shuffled-pair consistency	0.5256204671690727	0.5251155936358235	-0.0005048735332492393	0.5251155936358235	24735	123.58484210912138	51.734375	REJECT	NOT_SEARCHED	2a9cbc1667bad8f0bbf92cfec5c62e2ea2cd8e55d7db5aaf492485d492342dde	"{""AUTONOMOUS_LP_RESEARCH_V12/run_v12.py"": ""7d8051e06cc9de111daf02f532a4902bcb6a6a064c8650d2b4f51d4b41618437"", ""HYPERGRAPH_RESEARCH/CODNS_V6_2/run_codns_v6_2.py"": ""990c447435a0c1583c7df1bdb69d0a2493607eaf682afb9faf81738f4f9d0d67"", ""HYPERGRAPH_RESEARCH/NEGATIVE_V6_1/run_negative_v6_1.py"": ""70b36c2d3b4f56a0b271b30e2bc60b360f99eb264368f22c4d095d1e421a7129"", ""HYPERGRAPH_RESEARCH/QTHS_V7_1/experiment_v71.py"": ""d8b1533b6398be98fe5741e5c485008c160434712c8d478268ae817b84b19f67"", ""HYPERGRAPH_RESEARCH/QTHS_V8_PAPER/experiment_v8.py"": ""9a11ab967df76a0d49f5824c20e81545da1b7166b30a05df0aec2f140bca88fa"", ""src/dcdlp/evaluate.py"": ""73902a50e0030623a53990a9002c6f8a826168cca36015f4e8302736249a303b"", ""src/dcdlp/evaluation/ranking.py"": ""d21e7bdba9a9a59e1d19230008d4fecded874c8c61b3ab924d3c948097ee11dd"", ""src/dcdlp/models/dcdlp.py"": ""b0fcdb74e6c81f05bc45f82b3dcc15d2a0e606706475324be0c5ef94144baea0"", ""src/dcdlp/train.py"": ""1a51d4fecab93b75010def119946a91d4ed8ce44d3df852f167ca5400ac95f7d""}"	test_evaluated=false; QTHS25 matched sampler
V12-S1B-04	2026-10-03T00:59:33.256924+00:00	S1B_H1	H1	V12-STAGE1B	cora	0	5	Train-edge-dropout pair-score consistency	0.5256204671690727	0.5237187742542426	-0.001901692914830111	0.5251155936358235	24735	124.06596205383539	51.734375	REJECT	NOT_SEARCHED	ad29eb5ced5dca969a82ca37cf0291fc550780f8ac9e27dfbeb6572bbbc4c5d0	"{""AUTONOMOUS_LP_RESEARCH_V12/run_v12.py"": ""7d8051e06cc9de111daf02f532a4902bcb6a6a064c8650d2b4f51d4b41618437"", ""HYPERGRAPH_RESEARCH/CODNS_V6_2/run_codns_v6_2.py"": ""990c447435a0c1583c7df1bdb69d0a2493607eaf682afb9faf81738f4f9d0d67"", ""HYPERGRAPH_RESEARCH/NEGATIVE_V6_1/run_negative_v6_1.py"": ""70b36c2d3b4f56a0b271b30e2bc60b360f99eb264368f22c4d095d1e421a7129"", ""HYPERGRAPH_RESEARCH/QTHS_V7_1/experiment_v71.py"": ""d8b1533b6398be98fe5741e5c485008c160434712c8d478268ae817b84b19f67"", ""HYPERGRAPH_RESEARCH/QTHS_V8_PAPER/experiment_v8.py"": ""9a11ab967df76a0d49f5824c20e81545da1b7166b30a05df0aec2f140bca88fa"", ""src/dcdlp/evaluate.py"": ""73902a50e0030623a53990a9002c6f8a826168cca36015f4e8302736249a303b"", ""src/dcdlp/evaluation/ranking.py"": ""d21e7bdba9a9a59e1d19230008d4fecded874c8c61b3ab924d3c948097ee11dd"", ""src/dcdlp/models/dcdlp.py"": ""b0fcdb74e6c81f05bc45f82b3dcc15d2a0e606706475324be0c5ef94144baea0"", ""src/dcdlp/train.py"": ""1a51d4fecab93b75010def119946a91d4ed8ce44d3df852f167ca5400ac95f7d""}"	test_evaluated=false; QTHS25 matched sampler
V12-S1C-01	2026-10-03T01:07:40.561905+00:00	S1C_B0	baseline	V12-STAGE1C	cora	0	5	QTHS25 plus BCE strong reference	0.5256204671690727	0.5256204671690727	0.0		24735	96.67858737893403	43.345703125	COMPLETE	NOT_SEARCHED	eb3318a82e35373b855ad22f7e0c433d06a21f3b73909e14dd649d99fece2309	"{""AUTONOMOUS_LP_RESEARCH_V12/run_v12.py"": ""4a2c1e20e057b31f0fa8bc4faa8394e8ac16b957b3c9084dcba4e82137369417"", ""HYPERGRAPH_RESEARCH/CODNS_V6_2/run_codns_v6_2.py"": ""990c447435a0c1583c7df1bdb69d0a2493607eaf682afb9faf81738f4f9d0d67"", ""HYPERGRAPH_RESEARCH/NEGATIVE_V6_1/run_negative_v6_1.py"": ""70b36c2d3b4f56a0b271b30e2bc60b360f99eb264368f22c4d095d1e421a7129"", ""HYPERGRAPH_RESEARCH/QTHS_V7_1/experiment_v71.py"": ""d8b1533b6398be98fe5741e5c485008c160434712c8d478268ae817b84b19f67"", ""HYPERGRAPH_RESEARCH/QTHS_V8_PAPER/experiment_v8.py"": ""9a11ab967df76a0d49f5824c20e81545da1b7166b30a05df0aec2f140bca88fa"", ""src/dcdlp/evaluate.py"": ""73902a50e0030623a53990a9002c6f8a826168cca36015f4e8302736249a303b"", ""src/dcdlp/evaluation/ranking.py"": ""d21e7bdba9a9a59e1d19230008d4fecded874c8c61b3ab924d3c948097ee11dd"", ""src/dcdlp/models/dcdlp.py"": ""b0fcdb74e6c81f05bc45f82b3dcc15d2a0e606706475324be0c5ef94144baea0"", ""src/dcdlp/train.py"": ""1a51d4fecab93b75010def119946a91d4ed8ce44d3df852f167ca5400ac95f7d""}"	test_evaluated=false; QTHS25 matched sampler
V12-S1C-04	2026-10-03T01:08:16.289746+00:00	S1C_X1_RANDOM	X1	V12-STAGE1C	cora	0	5	Same-size residual MLP after fixed random orthogonal rotation	0.5256204671690727	0.5255382075235752	-8.225964549757325e-05	0.5276520613059302	24944	132.40548060508445	52.115234375	REJECT	NOT_SEARCHED	d2de4b0306f7f67d65c5f1339b02be1ab6a074e72597dae9c9e79e7fc2c9ac16	"{""AUTONOMOUS_LP_RESEARCH_V12/run_v12.py"": ""4a2c1e20e057b31f0fa8bc4faa8394e8ac16b957b3c9084dcba4e82137369417"", ""HYPERGRAPH_RESEARCH/CODNS_V6_2/run_codns_v6_2.py"": ""990c447435a0c1583c7df1bdb69d0a2493607eaf682afb9faf81738f4f9d0d67"", ""HYPERGRAPH_RESEARCH/NEGATIVE_V6_1/run_negative_v6_1.py"": ""70b36c2d3b4f56a0b271b30e2bc60b360f99eb264368f22c4d095d1e421a7129"", ""HYPERGRAPH_RESEARCH/QTHS_V7_1/experiment_v71.py"": ""d8b1533b6398be98fe5741e5c485008c160434712c8d478268ae817b84b19f67"", ""HYPERGRAPH_RESEARCH/QTHS_V8_PAPER/experiment_v8.py"": ""9a11ab967df76a0d49f5824c20e81545da1b7166b30a05df0aec2f140bca88fa"", ""src/dcdlp/evaluate.py"": ""73902a50e0030623a53990a9002c6f8a826168cca36015f4e8302736249a303b"", ""src/dcdlp/evaluation/ranking.py"": ""d21e7bdba9a9a59e1d19230008d4fecded874c8c61b3ab924d3c948097ee11dd"", ""src/dcdlp/models/dcdlp.py"": ""b0fcdb74e6c81f05bc45f82b3dcc15d2a0e606706475324be0c5ef94144baea0"", ""src/dcdlp/train.py"": ""1a51d4fecab93b75010def119946a91d4ed8ce44d3df852f167ca5400ac95f7d""}"	test_evaluated=false; QTHS25 matched sampler
V12-S1C-03	2026-10-03T01:08:16.471246+00:00	S1C_X1_RAW	X1	V12-STAGE1C	cora	0	5	Same-size residual MLP on unprojected Raw-HG pair representation	0.5256204671690727	0.5276520613059302	0.0020315941368574952	0.5276520613059302	24944	132.58769441163167	52.115234375	REJECT	NOT_SEARCHED	be3530c780910bd251a0527b0b319fddb1e8640137fa9d2174c6f899d13f6407	"{""AUTONOMOUS_LP_RESEARCH_V12/run_v12.py"": ""4a2c1e20e057b31f0fa8bc4faa8394e8ac16b957b3c9084dcba4e82137369417"", ""HYPERGRAPH_RESEARCH/CODNS_V6_2/run_codns_v6_2.py"": ""990c447435a0c1583c7df1bdb69d0a2493607eaf682afb9faf81738f4f9d0d67"", ""HYPERGRAPH_RESEARCH/NEGATIVE_V6_1/run_negative_v6_1.py"": ""70b36c2d3b4f56a0b271b30e2bc60b360f99eb264368f22c4d095d1e421a7129"", ""HYPERGRAPH_RESEARCH/QTHS_V7_1/experiment_v71.py"": ""d8b1533b6398be98fe5741e5c485008c160434712c8d478268ae817b84b19f67"", ""HYPERGRAPH_RESEARCH/QTHS_V8_PAPER/experiment_v8.py"": ""9a11ab967df76a0d49f5824c20e81545da1b7166b30a05df0aec2f140bca88fa"", ""src/dcdlp/evaluate.py"": ""73902a50e0030623a53990a9002c6f8a826168cca36015f4e8302736249a303b"", ""src/dcdlp/evaluation/ranking.py"": ""d21e7bdba9a9a59e1d19230008d4fecded874c8c61b3ab924d3c948097ee11dd"", ""src/dcdlp/models/dcdlp.py"": ""b0fcdb74e6c81f05bc45f82b3dcc15d2a0e606706475324be0c5ef94144baea0"", ""src/dcdlp/train.py"": ""1a51d4fecab93b75010def119946a91d4ed8ce44d3df852f167ca5400ac95f7d""}"	test_evaluated=false; QTHS25 matched sampler
V12-S1C-05	2026-10-03T01:08:16.794481+00:00	S1C_X1_CONCAT	X1	V12-STAGE1C	cora	0	5	Same-size residual MLP on fixed-projected Graph/Raw-HG concatenation	0.5256204671690727	0.524026442988997	-0.0015940241800757038	0.5276520613059302	24944	132.95409637130797	48.14404296875	REJECT	NOT_SEARCHED	def9aba9026a67c942a142afe7cb5db22839e3ea07641ad2ea1486b56c9c8d56	"{""AUTONOMOUS_LP_RESEARCH_V12/run_v12.py"": ""4a2c1e20e057b31f0fa8bc4faa8394e8ac16b957b3c9084dcba4e82137369417"", ""HYPERGRAPH_RESEARCH/CODNS_V6_2/run_codns_v6_2.py"": ""990c447435a0c1583c7df1bdb69d0a2493607eaf682afb9faf81738f4f9d0d67"", ""HYPERGRAPH_RESEARCH/NEGATIVE_V6_1/run_negative_v6_1.py"": ""70b36c2d3b4f56a0b271b30e2bc60b360f99eb264368f22c4d095d1e421a7129"", ""HYPERGRAPH_RESEARCH/QTHS_V7_1/experiment_v71.py"": ""d8b1533b6398be98fe5741e5c485008c160434712c8d478268ae817b84b19f67"", ""HYPERGRAPH_RESEARCH/QTHS_V8_PAPER/experiment_v8.py"": ""9a11ab967df76a0d49f5824c20e81545da1b7166b30a05df0aec2f140bca88fa"", ""src/dcdlp/evaluate.py"": ""73902a50e0030623a53990a9002c6f8a826168cca36015f4e8302736249a303b"", ""src/dcdlp/evaluation/ranking.py"": ""d21e7bdba9a9a59e1d19230008d4fecded874c8c61b3ab924d3c948097ee11dd"", ""src/dcdlp/models/dcdlp.py"": ""b0fcdb74e6c81f05bc45f82b3dcc15d2a0e606706475324be0c5ef94144baea0"", ""src/dcdlp/train.py"": ""1a51d4fecab93b75010def119946a91d4ed8ce44d3df852f167ca5400ac95f7d""}"	test_evaluated=false; QTHS25 matched sampler
V12-S1C-02	2026-10-03T01:08:19.325189+00:00	S1C_X1	X1	V12-STAGE1C	cora	0	5	Orthogonalized Raw-HG pair-representation residual	0.5256204671690727	0.5237027292247188	-0.0019177379443539033	0.5276520613059302	24944	135.43865233985707	48.14404296875	REJECT	NOT_SEARCHED	15a4f608ee9a823e4dfcb41ee875e0ddce86f5977c59a9c534e6db2de9def371	"{""AUTONOMOUS_LP_RESEARCH_V12/run_v12.py"": ""4a2c1e20e057b31f0fa8bc4faa8394e8ac16b957b3c9084dcba4e82137369417"", ""HYPERGRAPH_RESEARCH/CODNS_V6_2/run_codns_v6_2.py"": ""990c447435a0c1583c7df1bdb69d0a2493607eaf682afb9faf81738f4f9d0d67"", ""HYPERGRAPH_RESEARCH/NEGATIVE_V6_1/run_negative_v6_1.py"": ""70b36c2d3b4f56a0b271b30e2bc60b360f99eb264368f22c4d095d1e421a7129"", ""HYPERGRAPH_RESEARCH/QTHS_V7_1/experiment_v71.py"": ""d8b1533b6398be98fe5741e5c485008c160434712c8d478268ae817b84b19f67"", ""HYPERGRAPH_RESEARCH/QTHS_V8_PAPER/experiment_v8.py"": ""9a11ab967df76a0d49f5824c20e81545da1b7166b30a05df0aec2f140bca88fa"", ""src/dcdlp/evaluate.py"": ""73902a50e0030623a53990a9002c6f8a826168cca36015f4e8302736249a303b"", ""src/dcdlp/evaluation/ranking.py"": ""d21e7bdba9a9a59e1d19230008d4fecded874c8c61b3ab924d3c948097ee11dd"", ""src/dcdlp/models/dcdlp.py"": ""b0fcdb74e6c81f05bc45f82b3dcc15d2a0e606706475324be0c5ef94144baea0"", ""src/dcdlp/train.py"": ""1a51d4fecab93b75010def119946a91d4ed8ce44d3df852f167ca5400ac95f7d""}"	test_evaluated=false; QTHS25 matched sampler
V12-S1D-01	2026-10-03T01:14:33.041485+00:00	S1D_B0	baseline	V12-STAGE1D	cora	0	5	QTHS25 plus BCE strong reference	0.5256204671690727	0.5256204671690727	0.0		24735	84.9396126489155	43.345703125	COMPLETE	NOT_SEARCHED	0c458ea7aa35b85b674c6bfeb36991e2a0a4e0d2464ea48655177271cdc66693	"{""AUTONOMOUS_LP_RESEARCH_V12/run_v12.py"": ""8882b07f48796a3d098e96f7732d5cb69f5e43194cdeee00f8d69e317ff1e4c0"", ""HYPERGRAPH_RESEARCH/CODNS_V6_2/run_codns_v6_2.py"": ""990c447435a0c1583c7df1bdb69d0a2493607eaf682afb9faf81738f4f9d0d67"", ""HYPERGRAPH_RESEARCH/NEGATIVE_V6_1/run_negative_v6_1.py"": ""70b36c2d3b4f56a0b271b30e2bc60b360f99eb264368f22c4d095d1e421a7129"", ""HYPERGRAPH_RESEARCH/QTHS_V7_1/experiment_v71.py"": ""d8b1533b6398be98fe5741e5c485008c160434712c8d478268ae817b84b19f67"", ""HYPERGRAPH_RESEARCH/QTHS_V8_PAPER/experiment_v8.py"": ""9a11ab967df76a0d49f5824c20e81545da1b7166b30a05df0aec2f140bca88fa"", ""src/dcdlp/evaluate.py"": ""73902a50e0030623a53990a9002c6f8a826168cca36015f4e8302736249a303b"", ""src/dcdlp/evaluation/ranking.py"": ""d21e7bdba9a9a59e1d19230008d4fecded874c8c61b3ab924d3c948097ee11dd"", ""src/dcdlp/models/dcdlp.py"": ""b0fcdb74e6c81f05bc45f82b3dcc15d2a0e606706475324be0c5ef94144baea0"", ""src/dcdlp/train.py"": ""1a51d4fecab93b75010def119946a91d4ed8ce44d3df852f167ca5400ac95f7d""}"	test_evaluated=false; QTHS25 matched sampler
V12-S1D-02	2026-10-03T01:14:36.529945+00:00	S1D_G2	G2	V12-STAGE1D	cora	0	5	EMA persistent-positive-difficulty BCE weighting	0.5256204671690727	0.5250493439358228	-0.0005711232332499261	0.5251348535577897	24735	88.42691047908738	43.345703125	REJECT	NOT_SEARCHED	3c1624fc032ed4bd91ca2ca958a0fafab2ce1f727b4e6b846ed540c09e338186	"{""AUTONOMOUS_LP_RESEARCH_V12/run_v12.py"": ""8882b07f48796a3d098e96f7732d5cb69f5e43194cdeee00f8d69e317ff1e4c0"", ""HYPERGRAPH_RESEARCH/CODNS_V6_2/run_codns_v6_2.py"": ""990c447435a0c1583c7df1bdb69d0a2493607eaf682afb9faf81738f4f9d0d67"", ""HYPERGRAPH_RESEARCH/NEGATIVE_V6_1/run_negative_v6_1.py"": ""70b36c2d3b4f56a0b271b30e2bc60b360f99eb264368f22c4d095d1e421a7129"", ""HYPERGRAPH_RESEARCH/QTHS_V7_1/experiment_v71.py"": ""d8b1533b6398be98fe5741e5c485008c160434712c8d478268ae817b84b19f67"", ""HYPERGRAPH_RESEARCH/QTHS_V8_PAPER/experiment_v8.py"": ""9a11ab967df76a0d49f5824c20e81545da1b7166b30a05df0aec2f140bca88fa"", ""src/dcdlp/evaluate.py"": ""73902a50e0030623a53990a9002c6f8a826168cca36015f4e8302736249a303b"", ""src/dcdlp/evaluation/ranking.py"": ""d21e7bdba9a9a59e1d19230008d4fecded874c8c61b3ab924d3c948097ee11dd"", ""src/dcdlp/models/dcdlp.py"": ""b0fcdb74e6c81f05bc45f82b3dcc15d2a0e606706475324be0c5ef94144baea0"", ""src/dcdlp/train.py"": ""1a51d4fecab93b75010def119946a91d4ed8ce44d3df852f167ca5400ac95f7d""}"	test_evaluated=false; QTHS25 matched sampler
V12-S1D-03	2026-10-03T01:14:36.588861+00:00	S1D_G2_INSTANT	G2	V12-STAGE1D	cora	0	5	Current-batch positive-difficulty weighting	0.5256204671690727	0.5250493439358228	-0.0005711232332499261	0.5251348535577897	24735	88.51452637370676	43.345703125	REJECT	NOT_SEARCHED	3727a6daf4caa6003232d7ceeec77330b37e1811571b8bdfba97b42916276bac	"{""AUTONOMOUS_LP_RESEARCH_V12/run_v12.py"": ""8882b07f48796a3d098e96f7732d5cb69f5e43194cdeee00f8d69e317ff1e4c0"", ""HYPERGRAPH_RESEARCH/CODNS_V6_2/run_codns_v6_2.py"": ""990c447435a0c1583c7df1bdb69d0a2493607eaf682afb9faf81738f4f9d0d67"", ""HYPERGRAPH_RESEARCH/NEGATIVE_V6_1/run_negative_v6_1.py"": ""70b36c2d3b4f56a0b271b30e2bc60b360f99eb264368f22c4d095d1e421a7129"", ""HYPERGRAPH_RESEARCH/QTHS_V7_1/experiment_v71.py"": ""d8b1533b6398be98fe5741e5c485008c160434712c8d478268ae817b84b19f67"", ""HYPERGRAPH_RESEARCH/QTHS_V8_PAPER/experiment_v8.py"": ""9a11ab967df76a0d49f5824c20e81545da1b7166b30a05df0aec2f140bca88fa"", ""src/dcdlp/evaluate.py"": ""73902a50e0030623a53990a9002c6f8a826168cca36015f4e8302736249a303b"", ""src/dcdlp/evaluation/ranking.py"": ""d21e7bdba9a9a59e1d19230008d4fecded874c8c61b3ab924d3c948097ee11dd"", ""src/dcdlp/models/dcdlp.py"": ""b0fcdb74e6c81f05bc45f82b3dcc15d2a0e606706475324be0c5ef94144baea0"", ""src/dcdlp/train.py"": ""1a51d4fecab93b75010def119946a91d4ed8ce44d3df852f167ca5400ac95f7d""}"	test_evaluated=false; QTHS25 matched sampler
V12-S1D-04	2026-10-03T01:14:36.731044+00:00	S1D_G2_SHUFFLE	G2	V12-STAGE1D	cora	0	5	EMA difficulty under fixed positive-edge permutation	0.5256204671690727	0.5251348535577897	-0.00048561361128307556	0.5251348535577897	24735	88.65706453006715	43.345703125	REJECT	NOT_SEARCHED	7edc40e7202639a6e8bde4317c9e060333c2d36b5ace8011f535fe329ba2b1a7	"{""AUTONOMOUS_LP_RESEARCH_V12/run_v12.py"": ""8882b07f48796a3d098e96f7732d5cb69f5e43194cdeee00f8d69e317ff1e4c0"", ""HYPERGRAPH_RESEARCH/CODNS_V6_2/run_codns_v6_2.py"": ""990c447435a0c1583c7df1bdb69d0a2493607eaf682afb9faf81738f4f9d0d67"", ""HYPERGRAPH_RESEARCH/NEGATIVE_V6_1/run_negative_v6_1.py"": ""70b36c2d3b4f56a0b271b30e2bc60b360f99eb264368f22c4d095d1e421a7129"", ""HYPERGRAPH_RESEARCH/QTHS_V7_1/experiment_v71.py"": ""d8b1533b6398be98fe5741e5c485008c160434712c8d478268ae817b84b19f67"", ""HYPERGRAPH_RESEARCH/QTHS_V8_PAPER/experiment_v8.py"": ""9a11ab967df76a0d49f5824c20e81545da1b7166b30a05df0aec2f140bca88fa"", ""src/dcdlp/evaluate.py"": ""73902a50e0030623a53990a9002c6f8a826168cca36015f4e8302736249a303b"", ""src/dcdlp/evaluation/ranking.py"": ""d21e7bdba9a9a59e1d19230008d4fecded874c8c61b3ab924d3c948097ee11dd"", ""src/dcdlp/models/dcdlp.py"": ""b0fcdb74e6c81f05bc45f82b3dcc15d2a0e606706475324be0c5ef94144baea0"", ""src/dcdlp/train.py"": ""1a51d4fecab93b75010def119946a91d4ed8ce44d3df852f167ca5400ac95f7d""}"	test_evaluated=false; QTHS25 matched sampler
V12-S1E-01	2026-10-03T01:29:57.722005+00:00	S1E_B0	baseline	V12-STAGE1E	cora	0	5	QTHS25 plus BCE strong reference	0.5256204671690727	0.5256204671690727	0.0		24735	63.62247288227081	43.345703125	COMPLETE	NOT_SEARCHED	25cc4b838d26288e680da9020f2b75ea16b2a0b2e6fde99ae23b8929fea6a8d7	"{""AUTONOMOUS_LP_RESEARCH_V12/run_v12.py"": ""dc2e65e235f91f985e4ce890c6b154099a5b79429f345425cace14e066910a7a"", ""HYPERGRAPH_RESEARCH/CODNS_V6_2/run_codns_v6_2.py"": ""990c447435a0c1583c7df1bdb69d0a2493607eaf682afb9faf81738f4f9d0d67"", ""HYPERGRAPH_RESEARCH/NEGATIVE_V6_1/run_negative_v6_1.py"": ""70b36c2d3b4f56a0b271b30e2bc60b360f99eb264368f22c4d095d1e421a7129"", ""HYPERGRAPH_RESEARCH/QTHS_V7_1/experiment_v71.py"": ""d8b1533b6398be98fe5741e5c485008c160434712c8d478268ae817b84b19f67"", ""HYPERGRAPH_RESEARCH/QTHS_V8_PAPER/experiment_v8.py"": ""9a11ab967df76a0d49f5824c20e81545da1b7166b30a05df0aec2f140bca88fa"", ""src/dcdlp/evaluate.py"": ""73902a50e0030623a53990a9002c6f8a826168cca36015f4e8302736249a303b"", ""src/dcdlp/evaluation/ranking.py"": ""d21e7bdba9a9a59e1d19230008d4fecded874c8c61b3ab924d3c948097ee11dd"", ""src/dcdlp/models/dcdlp.py"": ""b0fcdb74e6c81f05bc45f82b3dcc15d2a0e606706475324be0c5ef94144baea0"", ""src/dcdlp/train.py"": ""1a51d4fecab93b75010def119946a91d4ed8ce44d3df852f167ca5400ac95f7d""}"	test_evaluated=false; QTHS25 matched sampler
V12-S1E-03	2026-10-03T01:30:18.536185+00:00	S1E_X2_SELF	X2	V12-STAGE1E	cora	0	5	Same-parameter residual MLP replacing cross-view product with within-view self moments	0.5256204671690727	0.5277424882449662	0.002122021075893432	0.5277424882449662	25136	84.40822528488934	48.41796875	REJECT	NOT_SEARCHED	9e55ebc167f8e0f44af862c30793a7a0f41c7a750d6671ed6919a7f59b5e9432	"{""AUTONOMOUS_LP_RESEARCH_V12/run_v12.py"": ""dc2e65e235f91f985e4ce890c6b154099a5b79429f345425cace14e066910a7a"", ""HYPERGRAPH_RESEARCH/CODNS_V6_2/run_codns_v6_2.py"": ""990c447435a0c1583c7df1bdb69d0a2493607eaf682afb9faf81738f4f9d0d67"", ""HYPERGRAPH_RESEARCH/NEGATIVE_V6_1/run_negative_v6_1.py"": ""70b36c2d3b4f56a0b271b30e2bc60b360f99eb264368f22c4d095d1e421a7129"", ""HYPERGRAPH_RESEARCH/QTHS_V7_1/experiment_v71.py"": ""d8b1533b6398be98fe5741e5c485008c160434712c8d478268ae817b84b19f67"", ""HYPERGRAPH_RESEARCH/QTHS_V8_PAPER/experiment_v8.py"": ""9a11ab967df76a0d49f5824c20e81545da1b7166b30a05df0aec2f140bca88fa"", ""src/dcdlp/evaluate.py"": ""73902a50e0030623a53990a9002c6f8a826168cca36015f4e8302736249a303b"", ""src/dcdlp/evaluation/ranking.py"": ""d21e7bdba9a9a59e1d19230008d4fecded874c8c61b3ab924d3c948097ee11dd"", ""src/dcdlp/models/dcdlp.py"": ""b0fcdb74e6c81f05bc45f82b3dcc15d2a0e606706475324be0c5ef94144baea0"", ""src/dcdlp/train.py"": ""1a51d4fecab93b75010def119946a91d4ed8ce44d3df852f167ca5400ac95f7d""}"	test_evaluated=false; QTHS25 matched sampler
V12-S1E-02	2026-10-03T01:30:21.209243+00:00	S1E_X2	X2	V12-STAGE1E	cora	0	5	Zero-initialized residual MLP on aligned Graph/Raw-HG pairwise products plus branch disagreement	0.5256204671690727	0.5277390063023207	0.0021185391332479986	0.5277424882449662	25136	87.09509237715974	48.41796875	REJECT	NOT_SEARCHED	29ef57e5368e0b1d40bbe624a706f7844c31faa5632eac0d994de54ab2af3ab9	"{""AUTONOMOUS_LP_RESEARCH_V12/run_v12.py"": ""dc2e65e235f91f985e4ce890c6b154099a5b79429f345425cace14e066910a7a"", ""HYPERGRAPH_RESEARCH/CODNS_V6_2/run_codns_v6_2.py"": ""990c447435a0c1583c7df1bdb69d0a2493607eaf682afb9faf81738f4f9d0d67"", ""HYPERGRAPH_RESEARCH/NEGATIVE_V6_1/run_negative_v6_1.py"": ""70b36c2d3b4f56a0b271b30e2bc60b360f99eb264368f22c4d095d1e421a7129"", ""HYPERGRAPH_RESEARCH/QTHS_V7_1/experiment_v71.py"": ""d8b1533b6398be98fe5741e5c485008c160434712c8d478268ae817b84b19f67"", ""HYPERGRAPH_RESEARCH/QTHS_V8_PAPER/experiment_v8.py"": ""9a11ab967df76a0d49f5824c20e81545da1b7166b30a05df0aec2f140bca88fa"", ""src/dcdlp/evaluate.py"": ""73902a50e0030623a53990a9002c6f8a826168cca36015f4e8302736249a303b"", ""src/dcdlp/evaluation/ranking.py"": ""d21e7bdba9a9a59e1d19230008d4fecded874c8c61b3ab924d3c948097ee11dd"", ""src/dcdlp/models/dcdlp.py"": ""b0fcdb74e6c81f05bc45f82b3dcc15d2a0e606706475324be0c5ef94144baea0"", ""src/dcdlp/train.py"": ""1a51d4fecab93b75010def119946a91d4ed8ce44d3df852f167ca5400ac95f7d""}"	test_evaluated=false; QTHS25 matched sampler
V12-S1F-02	2026-10-03T01:34:46.135937+00:00	S1F_B2	B2	V12-STAGE1F	cora	0	5	Zero-initialized residual-branch bilinear coactivation with degree and common-neighbor branches	0.5256204671690727	0.5265129351618009	0.0008924679927281298	0.5277890892403717	24737	63.85128171322867	43.34716796875	REJECT	NOT_SEARCHED	6b2fbb63b4b1692592e19d99af872fba777ab9d807abde63494d1b11c49e9755	"{""AUTONOMOUS_LP_RESEARCH_V12/run_v12.py"": ""e8d5ffc02622c1fd769b51bd06f5db018268cf3c3d0ae4e67907c79ccf052aee"", ""HYPERGRAPH_RESEARCH/CODNS_V6_2/run_codns_v6_2.py"": ""990c447435a0c1583c7df1bdb69d0a2493607eaf682afb9faf81738f4f9d0d67"", ""HYPERGRAPH_RESEARCH/NEGATIVE_V6_1/run_negative_v6_1.py"": ""70b36c2d3b4f56a0b271b30e2bc60b360f99eb264368f22c4d095d1e421a7129"", ""HYPERGRAPH_RESEARCH/QTHS_V7_1/experiment_v71.py"": ""d8b1533b6398be98fe5741e5c485008c160434712c8d478268ae817b84b19f67"", ""HYPERGRAPH_RESEARCH/QTHS_V8_PAPER/experiment_v8.py"": ""9a11ab967df76a0d49f5824c20e81545da1b7166b30a05df0aec2f140bca88fa"", ""src/dcdlp/evaluate.py"": ""73902a50e0030623a53990a9002c6f8a826168cca36015f4e8302736249a303b"", ""src/dcdlp/evaluation/ranking.py"": ""d21e7bdba9a9a59e1d19230008d4fecded874c8c61b3ab924d3c948097ee11dd"", ""src/dcdlp/models/dcdlp.py"": ""b0fcdb74e6c81f05bc45f82b3dcc15d2a0e606706475324be0c5ef94144baea0"", ""src/dcdlp/train.py"": ""1a51d4fecab93b75010def119946a91d4ed8ce44d3df852f167ca5400ac95f7d""}"	test_evaluated=false; QTHS25 matched sampler
V12-S1F-01	2026-10-03T01:34:46.302396+00:00	S1F_B0	baseline	V12-STAGE1F	cora	0	5	QTHS25 plus BCE strong reference	0.5256204671690727	0.5256204671690727	0.0		24735	64.0394021589309	43.345703125	COMPLETE	NOT_SEARCHED	2f8c349cabac0a67b4a0a2128549c4e39ac2a005c4af314b7d082359941b755c	"{""AUTONOMOUS_LP_RESEARCH_V12/run_v12.py"": ""e8d5ffc02622c1fd769b51bd06f5db018268cf3c3d0ae4e67907c79ccf052aee"", ""HYPERGRAPH_RESEARCH/CODNS_V6_2/run_codns_v6_2.py"": ""990c447435a0c1583c7df1bdb69d0a2493607eaf682afb9faf81738f4f9d0d67"", ""HYPERGRAPH_RESEARCH/NEGATIVE_V6_1/run_negative_v6_1.py"": ""70b36c2d3b4f56a0b271b30e2bc60b360f99eb264368f22c4d095d1e421a7129"", ""HYPERGRAPH_RESEARCH/QTHS_V7_1/experiment_v71.py"": ""d8b1533b6398be98fe5741e5c485008c160434712c8d478268ae817b84b19f67"", ""HYPERGRAPH_RESEARCH/QTHS_V8_PAPER/experiment_v8.py"": ""9a11ab967df76a0d49f5824c20e81545da1b7166b30a05df0aec2f140bca88fa"", ""src/dcdlp/evaluate.py"": ""73902a50e0030623a53990a9002c6f8a826168cca36015f4e8302736249a303b"", ""src/dcdlp/evaluation/ranking.py"": ""d21e7bdba9a9a59e1d19230008d4fecded874c8c61b3ab924d3c948097ee11dd"", ""src/dcdlp/models/dcdlp.py"": ""b0fcdb74e6c81f05bc45f82b3dcc15d2a0e606706475324be0c5ef94144baea0"", ""src/dcdlp/train.py"": ""1a51d4fecab93b75010def119946a91d4ed8ce44d3df852f167ca5400ac95f7d""}"	test_evaluated=false; QTHS25 matched sampler
V12-S1F-03	2026-10-03T01:34:48.604039+00:00	S1F_B2_SCALE	B2	V12-STAGE1F	cora	0	5	Two-scalar degree/common-neighbor score calibration without cross-branch interaction	0.5256204671690727	0.5277890892403717	0.0021686220712989757	0.5277890892403717	24737	66.28821416199207	43.34716796875	REJECT	NOT_SEARCHED	f589babfe0df08fd1fe312c75ceab6be56261c7c6e74242a4b3ab4b3e85ec0c8	"{""AUTONOMOUS_LP_RESEARCH_V12/run_v12.py"": ""e8d5ffc02622c1fd769b51bd06f5db018268cf3c3d0ae4e67907c79ccf052aee"", ""HYPERGRAPH_RESEARCH/CODNS_V6_2/run_codns_v6_2.py"": ""990c447435a0c1583c7df1bdb69d0a2493607eaf682afb9faf81738f4f9d0d67"", ""HYPERGRAPH_RESEARCH/NEGATIVE_V6_1/run_negative_v6_1.py"": ""70b36c2d3b4f56a0b271b30e2bc60b360f99eb264368f22c4d095d1e421a7129"", ""HYPERGRAPH_RESEARCH/QTHS_V7_1/experiment_v71.py"": ""d8b1533b6398be98fe5741e5c485008c160434712c8d478268ae817b84b19f67"", ""HYPERGRAPH_RESEARCH/QTHS_V8_PAPER/experiment_v8.py"": ""9a11ab967df76a0d49f5824c20e81545da1b7166b30a05df0aec2f140bca88fa"", ""src/dcdlp/evaluate.py"": ""73902a50e0030623a53990a9002c6f8a826168cca36015f4e8302736249a303b"", ""src/dcdlp/evaluation/ranking.py"": ""d21e7bdba9a9a59e1d19230008d4fecded874c8c61b3ab924d3c948097ee11dd"", ""src/dcdlp/models/dcdlp.py"": ""b0fcdb74e6c81f05bc45f82b3dcc15d2a0e606706475324be0c5ef94144baea0"", ""src/dcdlp/train.py"": ""1a51d4fecab93b75010def119946a91d4ed8ce44d3df852f167ca5400ac95f7d""}"	test_evaluated=false; QTHS25 matched sampler
V12-S1G-02	2026-10-03T04:14:35.161177+00:00	S1G_F3	F	V12-STAGE1G	cora	0	5	BCE-anchored pairwise ranking against the QTHS25 negative assigned to the same training positive	0.5256204671690727	0.5064627962428407	-0.019157670926231996	0.5059861251220183	24735	63.74891065387055	43.345703125	REJECT	NOT_SEARCHED	2dfeecf6e761827806a6a76bbc61eb70fa9f42c226af055a7dd1bbb093dafb6a	"{""AUTONOMOUS_LP_RESEARCH_V12/run_v12.py"": ""e8ae9ef92a40c7b103c0d21d7537246252b782e6789e0a17034f68440d2bb75d"", ""HYPERGRAPH_RESEARCH/CODNS_V6_2/run_codns_v6_2.py"": ""990c447435a0c1583c7df1bdb69d0a2493607eaf682afb9faf81738f4f9d0d67"", ""HYPERGRAPH_RESEARCH/NEGATIVE_V6_1/run_negative_v6_1.py"": ""70b36c2d3b4f56a0b271b30e2bc60b360f99eb264368f22c4d095d1e421a7129"", ""HYPERGRAPH_RESEARCH/QTHS_V7_1/experiment_v71.py"": ""d8b1533b6398be98fe5741e5c485008c160434712c8d478268ae817b84b19f67"", ""HYPERGRAPH_RESEARCH/QTHS_V8_PAPER/experiment_v8.py"": ""9a11ab967df76a0d49f5824c20e81545da1b7166b30a05df0aec2f140bca88fa"", ""src/dcdlp/evaluate.py"": ""73902a50e0030623a53990a9002c6f8a826168cca36015f4e8302736249a303b"", ""src/dcdlp/evaluation/ranking.py"": ""d21e7bdba9a9a59e1d19230008d4fecded874c8c61b3ab924d3c948097ee11dd"", ""src/dcdlp/models/dcdlp.py"": ""b0fcdb74e6c81f05bc45f82b3dcc15d2a0e606706475324be0c5ef94144baea0"", ""src/dcdlp/train.py"": ""1a51d4fecab93b75010def119946a91d4ed8ce44d3df852f167ca5400ac95f7d""}"	test_evaluated=false; QTHS25 matched sampler
V12-S1G-01	2026-10-03T04:14:35.243441+00:00	S1G_B0	baseline	V12-STAGE1G	cora	0	5	QTHS25 plus BCE strong reference	0.5256204671690727	0.5256204671690727	0.0		24735	63.83149168593809	43.345703125	COMPLETE	NOT_SEARCHED	096361fc44978891a72ec6ce2c27660efc3099eb30108af1c0c7643e948788ae	"{""AUTONOMOUS_LP_RESEARCH_V12/run_v12.py"": ""e8ae9ef92a40c7b103c0d21d7537246252b782e6789e0a17034f68440d2bb75d"", ""HYPERGRAPH_RESEARCH/CODNS_V6_2/run_codns_v6_2.py"": ""990c447435a0c1583c7df1bdb69d0a2493607eaf682afb9faf81738f4f9d0d67"", ""HYPERGRAPH_RESEARCH/NEGATIVE_V6_1/run_negative_v6_1.py"": ""70b36c2d3b4f56a0b271b30e2bc60b360f99eb264368f22c4d095d1e421a7129"", ""HYPERGRAPH_RESEARCH/QTHS_V7_1/experiment_v71.py"": ""d8b1533b6398be98fe5741e5c485008c160434712c8d478268ae817b84b19f67"", ""HYPERGRAPH_RESEARCH/QTHS_V8_PAPER/experiment_v8.py"": ""9a11ab967df76a0d49f5824c20e81545da1b7166b30a05df0aec2f140bca88fa"", ""src/dcdlp/evaluate.py"": ""73902a50e0030623a53990a9002c6f8a826168cca36015f4e8302736249a303b"", ""src/dcdlp/evaluation/ranking.py"": ""d21e7bdba9a9a59e1d19230008d4fecded874c8c61b3ab924d3c948097ee11dd"", ""src/dcdlp/models/dcdlp.py"": ""b0fcdb74e6c81f05bc45f82b3dcc15d2a0e606706475324be0c5ef94144baea0"", ""src/dcdlp/train.py"": ""1a51d4fecab93b75010def119946a91d4ed8ce44d3df852f167ca5400ac95f7d""}"	test_evaluated=false; QTHS25 matched sampler
V12-S1G-03	2026-10-03T04:14:37.610727+00:00	S1G_F3_SHUFFLE	F	V12-STAGE1G	cora	0	5	Same pairwise term with a fixed cyclic mismatch among in-batch assigned negatives	0.5256204671690727	0.5059861251220183	-0.019634342047054387	0.5059861251220183	24735	66.18250833265483	43.345703125	REJECT	NOT_SEARCHED	f26b4130d20d89d13d9ab7bad465740477b21b7e7b36a4b232ba198aae3f4810	"{""AUTONOMOUS_LP_RESEARCH_V12/run_v12.py"": ""e8ae9ef92a40c7b103c0d21d7537246252b782e6789e0a17034f68440d2bb75d"", ""HYPERGRAPH_RESEARCH/CODNS_V6_2/run_codns_v6_2.py"": ""990c447435a0c1583c7df1bdb69d0a2493607eaf682afb9faf81738f4f9d0d67"", ""HYPERGRAPH_RESEARCH/NEGATIVE_V6_1/run_negative_v6_1.py"": ""70b36c2d3b4f56a0b271b30e2bc60b360f99eb264368f22c4d095d1e421a7129"", ""HYPERGRAPH_RESEARCH/QTHS_V7_1/experiment_v71.py"": ""d8b1533b6398be98fe5741e5c485008c160434712c8d478268ae817b84b19f67"", ""HYPERGRAPH_RESEARCH/QTHS_V8_PAPER/experiment_v8.py"": ""9a11ab967df76a0d49f5824c20e81545da1b7166b30a05df0aec2f140bca88fa"", ""src/dcdlp/evaluate.py"": ""73902a50e0030623a53990a9002c6f8a826168cca36015f4e8302736249a303b"", ""src/dcdlp/evaluation/ranking.py"": ""d21e7bdba9a9a59e1d19230008d4fecded874c8c61b3ab924d3c948097ee11dd"", ""src/dcdlp/models/dcdlp.py"": ""b0fcdb74e6c81f05bc45f82b3dcc15d2a0e606706475324be0c5ef94144baea0"", ""src/dcdlp/train.py"": ""1a51d4fecab93b75010def119946a91d4ed8ce44d3df852f167ca5400ac95f7d""}"	test_evaluated=false; QTHS25 matched sampler
