protocol_version,probe,role,metric,aggregation,mean,std,median,min,max,count,seeds
posthoc_probe_v2,z_cn_to_degree,cross_leakage,r2,probe_sample_seed_within_checkpoint,0.3953206725905269,0.13291203047223762,0.47083243322024926,0.2418535639993975,0.47327602055193396,3,0;1;2
posthoc_probe_v2,z_cn_to_degree,cross_leakage,mae,probe_sample_seed_within_checkpoint,0.7537549536968379,0.02435370424881174,0.7613437911024272,0.7265103735710969,0.7734106964169895,3,0;1;2
posthoc_probe_v2,z_cn_to_degree,cross_leakage,spearman,probe_sample_seed_within_checkpoint,0.6978682858753995,0.013670461384288912,0.7056197824730063,0.6820838332040667,0.7059012419491257,3,0;1;2
posthoc_probe_v2,z_residual_to_degree,cross_leakage,r2,probe_sample_seed_within_checkpoint,0.14973152887746854,0.049419098145700814,0.1775675055620487,0.09267288612375302,0.17895419494660392,3,0;1;2
posthoc_probe_v2,z_residual_to_degree,cross_leakage,mae,probe_sample_seed_within_checkpoint,0.96072018447098,0.02158774735331851,0.9638088388226627,0.9377544661985597,0.9805972483917172,3,0;1;2
posthoc_probe_v2,z_residual_to_degree,cross_leakage,spearman,probe_sample_seed_within_checkpoint,0.41716555537061195,0.023091270545837185,0.4145998595989626,0.39546428527626265,0.4414325212366105,3,0;1;2
posthoc_probe_v2,z_degree_to_cn_residual,cross_leakage,r2,probe_sample_seed_within_checkpoint,-0.01841406752720905,0.033118232798766314,-0.016749655379125983,-0.05233312360037057,0.013840576397869397,3,0;1;2
posthoc_probe_v2,z_degree_to_cn_residual,cross_leakage,mae,probe_sample_seed_within_checkpoint,0.34630995257893565,0.009294604034480226,0.3448659847760004,0.33782183974389496,0.35624203321691156,3,0;1;2
posthoc_probe_v2,z_degree_to_cn_residual,cross_leakage,spearman,probe_sample_seed_within_checkpoint,0.030410573570514996,0.032747215560307213,0.029400063037458676,-0.0018196912947672328,0.06365134896885355,3,0;1;2
posthoc_probe_v2,z_degree_to_degree,target_retention,r2,probe_sample_seed_within_checkpoint,0.9983523067322327,0.00010847656583620139,0.9983685753114411,0.9982366147123927,0.9984517301728647,3,0;1;2
posthoc_probe_v2,z_degree_to_degree,target_retention,mae,probe_sample_seed_within_checkpoint,0.03638958377308355,0.0020804323786171963,0.03709429120295129,0.03404832597280125,0.038026134143498126,3,0;1;2
posthoc_probe_v2,z_degree_to_degree,target_retention,spearman,probe_sample_seed_within_checkpoint,0.9987935878908618,0.0001819864594442549,0.9987285714911451,0.9986530390993936,0.9989991530820466,3,0;1;2
posthoc_probe_v2,z_cn_to_cn_residual,target_retention,r2,probe_sample_seed_within_checkpoint,0.8399102419645827,0.16036484256797431,0.9320271371700332,0.6547376651544609,0.932965923569254,3,0;1;2
posthoc_probe_v2,z_cn_to_cn_residual,target_retention,mae,probe_sample_seed_within_checkpoint,0.05998715296548998,0.007671750255315958,0.05626132358373499,0.054889866614480906,0.06881026869825405,3,0;1;2
posthoc_probe_v2,z_cn_to_cn_residual,target_retention,spearman,probe_sample_seed_within_checkpoint,0.9738566662904407,0.001095753996025576,0.9743215473586301,0.9726051128999187,0.9746433386127732,3,0;1;2
