u,v,label,score_total,score_degree,score_cn,score_residual,score_interaction,interaction_share,degree_u,degree_v,degree_score,cn_raw,cn,cn_expected,cn_residual,quadrant,model_cn_expected,model_cn_residual,model_cn_normalized,cn_feature_mode,interaction_mode,rank
3,28,1,1.2899558544158936,0.5459166169166565,0.016048893332481384,0.7480257749557495,-0.019035454839468002,0.014322852715849876,13,0,2.6390573296152584,0,0,0.07937666235849895,-0.07937666235849895,LL,0.07937666028738022,-0.07937666028738022,0.0,raw,unrestricted,7.0
3,10,1,1.320351004600525,0.385309100151062,0.16686367988586426,0.7745640873908997,-0.005385883618146181,0.0040430836379528046,13,5,4.430816798843313,2,2,0.3722654830952868,0.726346805572823,HH,0.372265487909317,0.7263468503952026,0.24806946516036987,raw,unrestricted,5.0
0,44,1,1.3075923919677734,0.47583794593811035,0.13524898886680603,0.7163985371589661,-0.018893150612711906,0.014032567851245403,11,1,3.1780538303479458,1,1,0.06561197821590224,0.627535202344043,HH,0.06561198085546494,0.6275352239608765,0.30151134729385376,raw,unrestricted,6.0
12,25,1,1.2371478080749512,0.5839574337005615,0.016048893332481384,0.6601572036743164,-0.022015653550624847,0.0171704962849617,4,1,2.3025850929940455,0,0,-0.0016422928486813544,0.0016422928486813544,LH,-0.0016422928310930729,0.0016422928310930729,0.0,raw,unrestricted,8.0
0,8,1,1.183881402015686,0.42724597454071045,0.12722855806350708,0.641368567943573,-0.010961698368191719,0.00908324122428894,11,5,4.276666119016055,1,1,0.4882850044316028,0.2048621761283425,HH,0.48828500509262085,0.20486217737197876,0.1348399817943573,raw,unrestricted,7.0
14,40,1,0.9298205375671387,0.557462215423584,0.016048893332481384,0.37672021985054016,-0.019410785287618637,0.020018504932522774,3,1,2.0794415416798357,0,0,-0.011688713276508111,0.011688713276508111,LH,-0.011688712984323502,0.011688712984323502,0.0,raw,unrestricted,11.0
11,17,1,1.3459149599075317,0.5357378721237183,0.13524898886680603,0.6882074475288391,-0.012279321439564228,0.008953378535807133,2,2,2.1972245773362196,1,1,0.24581401701908673,0.44733316354085856,LH,0.2458140105009079,0.4473331570625305,0.5,raw,unrestricted,4.0
20,35,1,1.1208605766296387,0.557462215423584,0.016048893332481384,0.5677602887153625,-0.019410785287618637,0.016723603010177612,3,1,2.0794415416798357,0,0,-0.011688713276508111,0.011688713276508111,LH,-0.011688712984323502,0.011688712984323502,0.0,raw,unrestricted,10.0
24,27,1,1.3778091669082642,0.5357378721237183,0.016048893332481384,0.8449094891548157,-0.017887087538838387,0.012644773349165916,2,2,2.1972245773362196,0,0,0.24581401701908673,-0.24581401701908673,LL,0.2458140105009079,-0.2458140105009079,0.0,raw,unrestricted,3.0
