dataset,seed,intervention_kind,status,paired_valid,baseline_attempted,baseline_valid,candidate_attempted,candidate_valid,intersection_coverage,baseline_failure_codes,candidate_failure_codes,metric,baseline,candidate,delta
cora,0,cn,AVAILABLE,79,100.0,79.0,100.0,79.0,1.0,"{""NO_CANDIDATE"": 21}","{""NO_CANDIDATE"": 21}",target_response,2.2972604986987535,2.336923568309108,0.03966306961035428
cora,0,cn,AVAILABLE,79,100.0,79.0,100.0,79.0,1.0,"{""NO_CANDIDATE"": 21}","{""NO_CANDIDATE"": 21}",cross_response,0.16986893920840906,0.21464704879253066,0.04477810958412158
cora,0,cn,AVAILABLE,79,100.0,79.0,100.0,79.0,1.0,"{""NO_CANDIDATE"": 21}","{""NO_CANDIDATE"": 21}",routing_selectivity,0.7534047857641523,0.7173152211089272,-0.0360895646552251
cora,0,cn,AVAILABLE,79,100.0,79.0,100.0,79.0,1.0,"{""NO_CANDIDATE"": 21}","{""NO_CANDIDATE"": 21}",cross_sensitivity,0.16986893920840906,0.21464704879253066,0.04477810958412158
cora,0,cn,AVAILABLE,79,100.0,79.0,100.0,79.0,1.0,"{""NO_CANDIDATE"": 21}","{""NO_CANDIDATE"": 21}",routing_ratio,98.82452922601064,69.04959082430267,-29.77493840170796
cora,0,cn,AVAILABLE,79,100.0,79.0,100.0,79.0,1.0,"{""NO_CANDIDATE"": 21}","{""NO_CANDIDATE"": 21}",abs_delta_score_degree,0.0,0.0,0.0
cora,0,cn,AVAILABLE,79,100.0,79.0,100.0,79.0,1.0,"{""NO_CANDIDATE"": 21}","{""NO_CANDIDATE"": 21}",abs_delta_score_cn,2.2972604986987535,2.336923568309108,0.03966306961035428
cora,0,cn,AVAILABLE,79,100.0,79.0,100.0,79.0,1.0,"{""NO_CANDIDATE"": 21}","{""NO_CANDIDATE"": 21}",abs_delta_score_residual,0.1601624881164937,0.20520938253855403,0.045046894422060335
cora,0,cn,AVAILABLE,79,100.0,79.0,100.0,79.0,1.0,"{""NO_CANDIDATE"": 21}","{""NO_CANDIDATE"": 21}",abs_delta_score_interaction,0.009706451091915319,0.009437666253976571,-0.00026878483793874795
cora,0,cn,AVAILABLE,79,100.0,79.0,100.0,79.0,1.0,"{""NO_CANDIDATE"": 21}","{""NO_CANDIDATE"": 21}",interaction_share_before,0.013129472112153385,0.013194384681108024,6.491256895463662e-05
cora,0,cn,AVAILABLE,79,100.0,79.0,100.0,79.0,1.0,"{""NO_CANDIDATE"": 21}","{""NO_CANDIDATE"": 21}",interaction_share_after,0.010132315446316108,0.009651843143429532,-0.00048047230288657483
cora,0,cn,AVAILABLE,79,100.0,79.0,100.0,79.0,1.0,"{""NO_CANDIDATE"": 21}","{""NO_CANDIDATE"": 21}",interaction_share_cap_violation_before,0.0,0.0,0.0
cora,0,degree,AVAILABLE,100,100.0,100.0,100.0,100.0,1.0,{},{},target_response,0.2054339612647891,0.20949540058150887,0.004061439316719769
cora,0,degree,AVAILABLE,100,100.0,100.0,100.0,100.0,1.0,{},{},cross_response,0.2174692017538473,0.2422859524656087,0.024816750711761412
cora,0,degree,AVAILABLE,100,100.0,100.0,100.0,100.0,1.0,{},{},routing_selectivity,0.6920115390754793,0.6357170006426378,-0.05629453843284159
cora,0,degree,AVAILABLE,100,100.0,100.0,100.0,100.0,1.0,{},{},cross_sensitivity,0.2174692017538473,0.2422859524656087,0.024816750711761412
cora,0,degree,AVAILABLE,100,100.0,100.0,100.0,100.0,1.0,{},{},routing_ratio,6.5844942228004735,5.557151064333684,-1.02734315846679
cora,0,degree,AVAILABLE,100,100.0,100.0,100.0,100.0,1.0,{},{},abs_delta_score_degree,0.2054339612647891,0.20949540058150887,0.004061439316719769
cora,0,degree,AVAILABLE,100,100.0,100.0,100.0,100.0,1.0,{},{},abs_delta_score_cn,0.0003605771064758148,0.023439414948224976,0.023078837841749165
cora,0,degree,AVAILABLE,100,100.0,100.0,100.0,100.0,1.0,{},{},abs_delta_score_residual,0.20451609641313553,0.2062721073627472,0.0017560109496116652
cora,0,degree,AVAILABLE,100,100.0,100.0,100.0,100.0,1.0,{},{},abs_delta_score_interaction,0.0125925282342359,0.012574430154636466,-1.80980795994355e-05
cora,0,degree,AVAILABLE,100,100.0,100.0,100.0,100.0,1.0,{},{},interaction_share_before,0.014647400786634488,0.01486612046603109,0.00021871967939660284
cora,0,degree,AVAILABLE,100,100.0,100.0,100.0,100.0,1.0,{},{},interaction_share_after,0.0142509610462002,0.014357619136571837,0.00010665809037163797
cora,0,degree,AVAILABLE,100,100.0,100.0,100.0,100.0,1.0,{},{},interaction_share_cap_violation_before,0.0,0.0,0.0
cora,1,cn,AVAILABLE,79,100.0,79.0,100.0,79.0,1.0,"{""NO_CANDIDATE"": 21}","{""NO_CANDIDATE"": 21}",target_response,2.246075268033185,2.241676460244233,-0.0043988077889514626
cora,1,cn,AVAILABLE,79,100.0,79.0,100.0,79.0,1.0,"{""NO_CANDIDATE"": 21}","{""NO_CANDIDATE"": 21}",cross_response,0.3022613663261733,0.3260860728848537,0.02382470655868041
cora,1,cn,AVAILABLE,79,100.0,79.0,100.0,79.0,1.0,"{""NO_CANDIDATE"": 21}","{""NO_CANDIDATE"": 21}",routing_selectivity,0.6629577771731658,0.6686224287325901,0.005664651559424495
cora,1,cn,AVAILABLE,79,100.0,79.0,100.0,79.0,1.0,"{""NO_CANDIDATE"": 21}","{""NO_CANDIDATE"": 21}",cross_sensitivity,0.3022613663261733,0.3260860728848537,0.02382470655868041
cora,1,cn,AVAILABLE,79,100.0,79.0,100.0,79.0,1.0,"{""NO_CANDIDATE"": 21}","{""NO_CANDIDATE"": 21}",routing_ratio,11.622802243417306,14.78917359592784,3.1663713525105344
cora,1,cn,AVAILABLE,79,100.0,79.0,100.0,79.0,1.0,"{""NO_CANDIDATE"": 21}","{""NO_CANDIDATE"": 21}",abs_delta_score_degree,0.0,0.0,0.0
cora,1,cn,AVAILABLE,79,100.0,79.0,100.0,79.0,1.0,"{""NO_CANDIDATE"": 21}","{""NO_CANDIDATE"": 21}",abs_delta_score_cn,2.246075268033185,2.241676460244233,-0.0043988077889514626
cora,1,cn,AVAILABLE,79,100.0,79.0,100.0,79.0,1.0,"{""NO_CANDIDATE"": 21}","{""NO_CANDIDATE"": 21}",abs_delta_score_residual,0.22173429120190533,0.2750652590884438,0.05333096788653845
cora,1,cn,AVAILABLE,79,100.0,79.0,100.0,79.0,1.0,"{""NO_CANDIDATE"": 21}","{""NO_CANDIDATE"": 21}",abs_delta_score_interaction,0.08052707512426786,0.05102081379640985,-0.029506261327858024
cora,1,cn,AVAILABLE,79,100.0,79.0,100.0,79.0,1.0,"{""NO_CANDIDATE"": 21}","{""NO_CANDIDATE"": 21}",interaction_share_before,0.013377542334868053,0.01141311048568351,-0.001964431849184539
cora,1,cn,AVAILABLE,79,100.0,79.0,100.0,79.0,1.0,"{""NO_CANDIDATE"": 21}","{""NO_CANDIDATE"": 21}",interaction_share_after,0.013808150103763643,0.010002557807189331,-0.0038055922965743085
cora,1,cn,AVAILABLE,79,100.0,79.0,100.0,79.0,1.0,"{""NO_CANDIDATE"": 21}","{""NO_CANDIDATE"": 21}",interaction_share_cap_violation_before,0.0,0.0,0.0
cora,1,degree,AVAILABLE,100,100.0,100.0,100.0,100.0,1.0,{},{},target_response,0.18810055002570153,0.19045839235186576,0.002357842326164243
cora,1,degree,AVAILABLE,100,100.0,100.0,100.0,100.0,1.0,{},{},cross_response,0.2179138984263409,0.26485056747915225,0.04693666905281136
cora,1,degree,AVAILABLE,100,100.0,100.0,100.0,100.0,1.0,{},{},routing_selectivity,0.6749946573862091,0.5568252789802282,-0.11816937840598107
cora,1,degree,AVAILABLE,100,100.0,100.0,100.0,100.0,1.0,{},{},cross_sensitivity,0.2179138984263409,0.26485056747915225,0.04693666905281136
cora,1,degree,AVAILABLE,100,100.0,100.0,100.0,100.0,1.0,{},{},routing_ratio,6.539751386187278,3.342455115458114,-3.197296270729165
cora,1,degree,AVAILABLE,100,100.0,100.0,100.0,100.0,1.0,{},{},abs_delta_score_degree,0.18810055002570153,0.19045839235186576,0.002357842326164243
cora,1,degree,AVAILABLE,100,100.0,100.0,100.0,100.0,1.0,{},{},abs_delta_score_cn,0.00016185998916624307,0.02339618965983387,0.02323432967066762
cora,1,degree,AVAILABLE,100,100.0,100.0,100.0,100.0,1.0,{},{},abs_delta_score_residual,0.2062796373665333,0.22955603688955306,0.02327639952301979
cora,1,degree,AVAILABLE,100,100.0,100.0,100.0,100.0,1.0,{},{},abs_delta_score_interaction,0.011472401070641305,0.01189834092976521,0.0004259398591239049
cora,1,degree,AVAILABLE,100,100.0,100.0,100.0,100.0,1.0,{},{},interaction_share_before,0.014707029619021301,0.013375182115123558,-0.001331847503897741
cora,1,degree,AVAILABLE,100,100.0,100.0,100.0,100.0,1.0,{},{},interaction_share_after,0.013366955364181143,0.012903821079526048,-0.0004631342846550939
cora,1,degree,AVAILABLE,100,100.0,100.0,100.0,100.0,1.0,{},{},interaction_share_cap_violation_before,0.0,0.0,0.0
cora,2,cn,AVAILABLE,79,100.0,79.0,100.0,79.0,1.0,"{""NO_CANDIDATE"": 21}","{""NO_CANDIDATE"": 21}",target_response,2.1810714142232,2.1600389520201504,-0.02103246220305
cora,2,cn,AVAILABLE,79,100.0,79.0,100.0,79.0,1.0,"{""NO_CANDIDATE"": 21}","{""NO_CANDIDATE"": 21}",cross_response,0.2362421286864135,0.2424452844712459,0.006203155784832334
cora,2,cn,AVAILABLE,79,100.0,79.0,100.0,79.0,1.0,"{""NO_CANDIDATE"": 21}","{""NO_CANDIDATE"": 21}",routing_selectivity,0.6184712782298509,0.6460427970340141,0.027571518804163343
cora,2,cn,AVAILABLE,79,100.0,79.0,100.0,79.0,1.0,"{""NO_CANDIDATE"": 21}","{""NO_CANDIDATE"": 21}",cross_sensitivity,0.2362421286864135,0.2424452844712459,0.006203155784832334
cora,2,cn,AVAILABLE,79,100.0,79.0,100.0,79.0,1.0,"{""NO_CANDIDATE"": 21}","{""NO_CANDIDATE"": 21}",routing_ratio,16.95438532057123,14.59173524101849,-2.3626500795527448
cora,2,cn,AVAILABLE,79,100.0,79.0,100.0,79.0,1.0,"{""NO_CANDIDATE"": 21}","{""NO_CANDIDATE"": 21}",abs_delta_score_degree,0.0,0.0,0.0
cora,2,cn,AVAILABLE,79,100.0,79.0,100.0,79.0,1.0,"{""NO_CANDIDATE"": 21}","{""NO_CANDIDATE"": 21}",abs_delta_score_cn,2.1810714142232,2.1600389520201504,-0.02103246220305
cora,2,cn,AVAILABLE,79,100.0,79.0,100.0,79.0,1.0,"{""NO_CANDIDATE"": 21}","{""NO_CANDIDATE"": 21}",abs_delta_score_residual,0.1769586450691464,0.17674771554862392,-0.00021092952052248487
cora,2,cn,AVAILABLE,79,100.0,79.0,100.0,79.0,1.0,"{""NO_CANDIDATE"": 21}","{""NO_CANDIDATE"": 21}",abs_delta_score_interaction,0.05928348361726704,0.06569756892262187,0.006414085305354829
cora,2,cn,AVAILABLE,79,100.0,79.0,100.0,79.0,1.0,"{""NO_CANDIDATE"": 21}","{""NO_CANDIDATE"": 21}",interaction_share_before,0.01495313593974816,0.015559390297784324,0.0006062543580361595
cora,2,cn,AVAILABLE,79,100.0,79.0,100.0,79.0,1.0,"{""NO_CANDIDATE"": 21}","{""NO_CANDIDATE"": 21}",interaction_share_after,0.009776240111552599,0.009933244772962702,0.00015700466141010144
cora,2,cn,AVAILABLE,79,100.0,79.0,100.0,79.0,1.0,"{""NO_CANDIDATE"": 21}","{""NO_CANDIDATE"": 21}",interaction_share_cap_violation_before,0.0,0.0,0.0
cora,2,degree,AVAILABLE,100,100.0,100.0,100.0,100.0,1.0,{},{},target_response,0.1864618321508169,0.19444042146205903,0.007978589311242103
cora,2,degree,AVAILABLE,100,100.0,100.0,100.0,100.0,1.0,{},{},cross_response,0.16894585699075834,0.17326893349410966,0.004323076503351329
cora,2,degree,AVAILABLE,100,100.0,100.0,100.0,100.0,1.0,{},{},routing_selectivity,0.6814857380054303,0.6356235380975602,-0.04586219990787022
cora,2,degree,AVAILABLE,100,100.0,100.0,100.0,100.0,1.0,{},{},cross_sensitivity,0.16894585699075834,0.17326893349410966,0.004323076503351329
cora,2,degree,AVAILABLE,100,100.0,100.0,100.0,100.0,1.0,{},{},routing_ratio,6.4738929543464705,5.2344214394834125,-1.2394715148630575
cora,2,degree,AVAILABLE,100,100.0,100.0,100.0,100.0,1.0,{},{},abs_delta_score_degree,0.1864618321508169,0.19444042146205903,0.007978589311242103
cora,2,degree,AVAILABLE,100,100.0,100.0,100.0,100.0,1.0,{},{},abs_delta_score_cn,0.00014195919036864342,0.022439935952424966,0.02229797676205633
cora,2,degree,AVAILABLE,100,100.0,100.0,100.0,100.0,1.0,{},{},abs_delta_score_residual,0.1539995941519737,0.13603138208389282,-0.017968212068080906
cora,2,degree,AVAILABLE,100,100.0,100.0,100.0,100.0,1.0,{},{},abs_delta_score_interaction,0.0148043036484159,0.01479761545779179,-6.688190624111949e-06
cora,2,degree,AVAILABLE,100,100.0,100.0,100.0,100.0,1.0,{},{},interaction_share_before,0.015657307954679664,0.015989907114999324,0.0003325991603196573
cora,2,degree,AVAILABLE,100,100.0,100.0,100.0,100.0,1.0,{},{},interaction_share_after,0.014743047408992375,0.015212042112252626,0.0004689947032602499
cora,2,degree,AVAILABLE,100,100.0,100.0,100.0,100.0,1.0,{},{},interaction_share_cap_violation_before,0.0,0.0,0.0
cora,3,cn,AVAILABLE,79,100.0,79.0,100.0,79.0,1.0,"{""NO_CANDIDATE"": 21}","{""NO_CANDIDATE"": 21}",target_response,1.545853563501865,2.301734559898135,0.7558809963962699
cora,3,cn,AVAILABLE,79,100.0,79.0,100.0,79.0,1.0,"{""NO_CANDIDATE"": 21}","{""NO_CANDIDATE"": 21}",cross_response,0.09555803736247401,0.37905367767391135,0.2834956403114373
cora,3,cn,AVAILABLE,79,100.0,79.0,100.0,79.0,1.0,"{""NO_CANDIDATE"": 21}","{""NO_CANDIDATE"": 21}",routing_selectivity,0.7269782091661922,0.6629421831172144,-0.06403602604897779
cora,3,cn,AVAILABLE,79,100.0,79.0,100.0,79.0,1.0,"{""NO_CANDIDATE"": 21}","{""NO_CANDIDATE"": 21}",cross_sensitivity,0.09555803736247401,0.37905367767391135,0.2834956403114373
cora,3,cn,AVAILABLE,79,100.0,79.0,100.0,79.0,1.0,"{""NO_CANDIDATE"": 21}","{""NO_CANDIDATE"": 21}",routing_ratio,12.217273151980873,14.25970803678435,2.0424348848034795
cora,3,cn,AVAILABLE,79,100.0,79.0,100.0,79.0,1.0,"{""NO_CANDIDATE"": 21}","{""NO_CANDIDATE"": 21}",abs_delta_score_degree,0.0,0.0,0.0
cora,3,cn,AVAILABLE,79,100.0,79.0,100.0,79.0,1.0,"{""NO_CANDIDATE"": 21}","{""NO_CANDIDATE"": 21}",abs_delta_score_cn,1.545853563501865,2.301734559898135,0.7558809963962699
cora,3,cn,AVAILABLE,79,100.0,79.0,100.0,79.0,1.0,"{""NO_CANDIDATE"": 21}","{""NO_CANDIDATE"": 21}",abs_delta_score_residual,0.02993784759995299,0.30190398213984093,0.2719661345398879
cora,3,cn,AVAILABLE,79,100.0,79.0,100.0,79.0,1.0,"{""NO_CANDIDATE"": 21}","{""NO_CANDIDATE"": 21}",abs_delta_score_interaction,0.06562018976252097,0.07714969553407042,0.011529505771549436
cora,3,cn,AVAILABLE,79,100.0,79.0,100.0,79.0,1.0,"{""NO_CANDIDATE"": 21}","{""NO_CANDIDATE"": 21}",interaction_share_before,0.02977304632740114,0.020353281407770242,-0.009419764919630893
cora,3,cn,AVAILABLE,79,100.0,79.0,100.0,79.0,1.0,"{""NO_CANDIDATE"": 21}","{""NO_CANDIDATE"": 21}",interaction_share_after,0.05276512505510181,0.02683904481745214,-0.025926080237649675
cora,3,cn,AVAILABLE,79,100.0,79.0,100.0,79.0,1.0,"{""NO_CANDIDATE"": 21}","{""NO_CANDIDATE"": 21}",interaction_share_cap_violation_before,0.0,0.0,0.0
cora,3,degree,AVAILABLE,100,100.0,100.0,100.0,100.0,1.0,{},{},target_response,0.017008579969406083,0.1880039104260504,0.1709953304566443
cora,3,degree,AVAILABLE,100,100.0,100.0,100.0,100.0,1.0,{},{},cross_response,0.020363484001718418,0.28498499759007245,0.264621513588354
cora,3,degree,AVAILABLE,100,100.0,100.0,100.0,100.0,1.0,{},{},routing_selectivity,0.33120803393106557,0.5739849213748583,0.24277688744379297
cora,3,degree,AVAILABLE,100,100.0,100.0,100.0,100.0,1.0,{},{},cross_sensitivity,0.020363484001718418,0.28498499759007245,0.264621513588354
cora,3,degree,AVAILABLE,100,100.0,100.0,100.0,100.0,1.0,{},{},routing_ratio,0.8547233683706652,5.393099363255419,4.538375994884754
cora,3,degree,AVAILABLE,100,100.0,100.0,100.0,100.0,1.0,{},{},abs_delta_score_degree,0.017008579969406083,0.1880039104260504,0.1709953304566443
cora,3,degree,AVAILABLE,100,100.0,100.0,100.0,100.0,1.0,{},{},abs_delta_score_cn,0.0006525528430938528,0.02660005331039425,0.025947500467300398
cora,3,degree,AVAILABLE,100,100.0,100.0,100.0,100.0,1.0,{},{},abs_delta_score_residual,0.013977684453129722,0.2403124563395977,0.22633477188646794
cora,3,degree,AVAILABLE,100,100.0,100.0,100.0,100.0,1.0,{},{},abs_delta_score_interaction,0.005733246705494779,0.018072487940080418,0.012339241234585638
cora,3,degree,AVAILABLE,100,100.0,100.0,100.0,100.0,1.0,{},{},interaction_share_before,0.03557792596984649,0.023182588003110096,-0.012395337966736402
cora,3,degree,AVAILABLE,100,100.0,100.0,100.0,100.0,1.0,{},{},interaction_share_after,0.03310330323176454,0.021937403790652708,-0.011165899441111828
cora,3,degree,AVAILABLE,100,100.0,100.0,100.0,100.0,1.0,{},{},interaction_share_cap_violation_before,0.0,0.0,0.0
cora,4,cn,AVAILABLE,79,100.0,79.0,100.0,79.0,1.0,"{""NO_CANDIDATE"": 21}","{""NO_CANDIDATE"": 21}",target_response,2.1669726914997343,2.146911430207989,-0.020061261291745326
cora,4,cn,AVAILABLE,79,100.0,79.0,100.0,79.0,1.0,"{""NO_CANDIDATE"": 21}","{""NO_CANDIDATE"": 21}",cross_response,0.45631497769463286,0.448335567642522,-0.007979410052110872
cora,4,cn,AVAILABLE,79,100.0,79.0,100.0,79.0,1.0,"{""NO_CANDIDATE"": 21}","{""NO_CANDIDATE"": 21}",routing_selectivity,0.6960968617590265,0.613472049669191,-0.08262481208983556
cora,4,cn,AVAILABLE,79,100.0,79.0,100.0,79.0,1.0,"{""NO_CANDIDATE"": 21}","{""NO_CANDIDATE"": 21}",cross_sensitivity,0.45631497769463286,0.448335567642522,-0.007979410052110872
cora,4,cn,AVAILABLE,79,100.0,79.0,100.0,79.0,1.0,"{""NO_CANDIDATE"": 21}","{""NO_CANDIDATE"": 21}",routing_ratio,5.75486641608936,4.723815399887441,-1.0310510162019186
cora,4,cn,AVAILABLE,79,100.0,79.0,100.0,79.0,1.0,"{""NO_CANDIDATE"": 21}","{""NO_CANDIDATE"": 21}",abs_delta_score_degree,0.0,0.0,0.0
cora,4,cn,AVAILABLE,79,100.0,79.0,100.0,79.0,1.0,"{""NO_CANDIDATE"": 21}","{""NO_CANDIDATE"": 21}",abs_delta_score_cn,2.1669726914997343,2.146911430207989,-0.020061261291745326
cora,4,cn,AVAILABLE,79,100.0,79.0,100.0,79.0,1.0,"{""NO_CANDIDATE"": 21}","{""NO_CANDIDATE"": 21}",abs_delta_score_residual,0.2580966045962104,0.2395404396177847,-0.01855616497842572
cora,4,cn,AVAILABLE,79,100.0,79.0,100.0,79.0,1.0,"{""NO_CANDIDATE"": 21}","{""NO_CANDIDATE"": 21}",abs_delta_score_interaction,0.19821837309842247,0.2087951280247373,0.010576754926314831
cora,4,cn,AVAILABLE,79,100.0,79.0,100.0,79.0,1.0,"{""NO_CANDIDATE"": 21}","{""NO_CANDIDATE"": 21}",interaction_share_before,0.027246264448312737,0.028320850926757853,0.0010745864784451153
cora,4,cn,AVAILABLE,79,100.0,79.0,100.0,79.0,1.0,"{""NO_CANDIDATE"": 21}","{""NO_CANDIDATE"": 21}",interaction_share_after,0.047186752238982804,0.0495207529467872,0.0023340007078043964
cora,4,cn,AVAILABLE,79,100.0,79.0,100.0,79.0,1.0,"{""NO_CANDIDATE"": 21}","{""NO_CANDIDATE"": 21}",interaction_share_cap_violation_before,0.0,0.0,0.0
cora,4,degree,AVAILABLE,100,100.0,100.0,100.0,100.0,1.0,{},{},target_response,0.207318906635046,0.21901799634099006,0.011699089705944061
cora,4,degree,AVAILABLE,100,100.0,100.0,100.0,100.0,1.0,{},{},cross_response,0.21576395483221858,0.23261069887317717,0.016846744040958584
cora,4,degree,AVAILABLE,100,100.0,100.0,100.0,100.0,1.0,{},{},routing_selectivity,0.6704647721174787,0.6090935050457909,-0.061371267071688024
cora,4,degree,AVAILABLE,100,100.0,100.0,100.0,100.0,1.0,{},{},cross_sensitivity,0.21576395483221858,0.23261069887317717,0.016846744040958584
cora,4,degree,AVAILABLE,100,100.0,100.0,100.0,100.0,1.0,{},{},routing_ratio,6.092104170350138,5.319124212417535,-0.7729799579326035
cora,4,degree,AVAILABLE,100,100.0,100.0,100.0,100.0,1.0,{},{},abs_delta_score_degree,0.207318906635046,0.21901799634099006,0.011699089705944061
cora,4,degree,AVAILABLE,100,100.0,100.0,100.0,100.0,1.0,{},{},abs_delta_score_cn,0.00040513515472410103,0.028001165688037837,0.027596030533313734
cora,4,degree,AVAILABLE,100,100.0,100.0,100.0,100.0,1.0,{},{},abs_delta_score_residual,0.20100144550204277,0.18831074059009553,-0.012690704911947253
cora,4,degree,AVAILABLE,100,100.0,100.0,100.0,100.0,1.0,{},{},abs_delta_score_interaction,0.014357374175451652,0.016298792595043732,0.0019414184195920797
cora,4,degree,AVAILABLE,100,100.0,100.0,100.0,100.0,1.0,{},{},interaction_share_before,0.027681705490103875,0.028930844033020504,0.001249138542916629
cora,4,degree,AVAILABLE,100,100.0,100.0,100.0,100.0,1.0,{},{},interaction_share_after,0.027897430569864764,0.02916995801846492,0.0012725274486001517
cora,4,degree,AVAILABLE,100,100.0,100.0,100.0,100.0,1.0,{},{},interaction_share_cap_violation_before,0.0,0.0,0.0
cora,aggregate,cn,AVAILABLE,395,,,,,1.0,,,abs_delta_score_cn,2.0874466871913477,2.237456994135923,0.15001030694457548
cora,aggregate,cn,AVAILABLE,395,,,,,1.0,,,abs_delta_score_degree,0.0,0.0,0.0
cora,aggregate,cn,AVAILABLE,395,,,,,1.0,,,abs_delta_score_interaction,0.08267111453887874,0.08242017450636321,-0.00025094003251553525
cora,aggregate,cn,AVAILABLE,395,,,,,1.0,,,abs_delta_score_residual,0.16937797531674176,0.2396933557866495,0.07031538046990769
cora,aggregate,cn,AVAILABLE,395,,,,,1.0,,,cross_response,0.2520490898556206,0.3221135302930127,0.07006444043739216
cora,aggregate,cn,AVAILABLE,395,,,,,1.0,,,cross_sensitivity,0.2520490898556206,0.3221135302930127,0.07006444043739216
cora,aggregate,cn,AVAILABLE,395,,,,,1.0,,,interaction_share_after,0.026733716591143392,0.02118948869756418,-0.005544227893579211
cora,aggregate,cn,AVAILABLE,395,,,,,1.0,,,interaction_share_before,0.019695892232496695,0.01776820355982079,-0.0019276886726759042
cora,aggregate,cn,AVAILABLE,395,,,,,1.0,,,interaction_share_cap_violation_before,0.0,0.0,0.0
cora,aggregate,cn,AVAILABLE,395,,,,,1.0,,,routing_ratio,29.074771271613884,23.482804619584158,-5.591966652029721
cora,aggregate,cn,AVAILABLE,395,,,,,1.0,,,routing_selectivity,0.6915817824184776,0.6616789359323872,-0.029902846486090123
cora,aggregate,cn,AVAILABLE,395,,,,,1.0,,,target_response,2.0874466871913477,2.237456994135923,0.15001030694457548
cora,aggregate,degree,AVAILABLE,500,,,,,1.0,,,abs_delta_score_cn,0.000344416856765731,0.024775351911783178,0.024430935055017446
cora,aggregate,degree,AVAILABLE,500,,,,,1.0,,,abs_delta_score_degree,0.16086476600915195,0.20028322423249484,0.039418458223342896
cora,aggregate,degree,AVAILABLE,500,,,,,1.0,,,abs_delta_score_interaction,0.011791970766847907,0.014728333415463524,0.002936362648615615
cora,aggregate,degree,AVAILABLE,500,,,,,1.0,,,abs_delta_score_residual,0.15595489157736303,0.20009654465317722,0.04414165307581425
cora,aggregate,degree,AVAILABLE,500,,,,,1.0,,,cross_response,0.16809127920097672,0.23960022998042402,0.07150895077944734
cora,aggregate,degree,AVAILABLE,500,,,,,1.0,,,cross_sensitivity,0.16809127920097672,0.23960022998042402,0.07150895077944734
cora,aggregate,degree,AVAILABLE,500,,,,,1.0,,,interaction_share_after,0.020672339524200604,0.018716168827493627,-0.001956170696706976
cora,aggregate,degree,AVAILABLE,500,,,,,1.0,,,interaction_share_before,0.021654273964057162,0.019268928346456916,-0.002385345617600251
cora,aggregate,degree,AVAILABLE,500,,,,,1.0,,,interaction_share_cap_violation_before,0.0,0.0,0.0
cora,aggregate,degree,AVAILABLE,500,,,,,1.0,,,routing_ratio,5.308993220411004,4.969250238989632,-0.33974298142137227
cora,aggregate,degree,AVAILABLE,500,,,,,1.0,,,routing_selectivity,0.6100329481031326,0.6022488488282152,-0.007784099274917589
cora,aggregate,degree,AVAILABLE,500,,,,,1.0,,,target_response,0.16086476600915195,0.20028322423249484,0.039418458223342896
