protocol_version,probe,role,representation,target,probe_seed,probe_sample_seed,architecture,hyperparameter_candidates,selected_hyperparameter,validation_metric,train_count,valid_count,test_count,r2,mae,spearman
posthoc_probe_v2,z_cn_to_degree,cross_leakage,z_cn,degree,0,0,StandardScaler+Ridge,0.01;0.1;1.0;10.0;100.0,0.01,0.672676272935731,512,263,512,0.5127298915612735,0.6790472209517102,0.7645404986363353
posthoc_probe_v2,z_residual_to_degree,cross_leakage,z_residual,degree,0,0,StandardScaler+Ridge,0.01;0.1;1.0;10.0;100.0,100.0,1.0349302959949291,512,263,512,-2.149534832787122,1.048298218865018,0.43598861266100686
posthoc_probe_v2,z_degree_to_cn_residual,cross_leakage,z_degree,cn_residual,0,0,StandardScaler+Ridge,0.01;0.1;1.0;10.0;100.0,100.0,0.37812920035411945,512,263,512,0.02225204583328355,0.3451914042033455,0.06366162367043066
posthoc_probe_v2,z_degree_to_degree,target_retention,z_degree,degree,0,0,StandardScaler+Ridge,0.01;0.1;1.0;10.0;100.0,0.01,0.029143208030693778,512,263,512,0.9985792018503091,0.030326887552086686,0.999269264530257
posthoc_probe_v2,z_cn_to_cn_residual,target_retention,z_cn,cn_residual,0,0,StandardScaler+Ridge,0.01;0.1;1.0;10.0;100.0,0.01,0.04696892996906801,512,263,512,0.9569976526471692,0.04458118547673916,0.9826444889414778
posthoc_probe_v2,z_cn_to_degree,cross_leakage,z_cn,degree,1,1,StandardScaler+Ridge,0.01;0.1;1.0;10.0;100.0,0.01,0.6741005265160543,512,263,512,0.5014938156863399,0.6977438294860231,0.7599260434242404
posthoc_probe_v2,z_residual_to_degree,cross_leakage,z_residual,degree,1,1,StandardScaler+Ridge,0.01;0.1;1.0;10.0;100.0,100.0,1.0584663053422776,512,263,512,-0.526287413558894,1.0192733802925482,0.3734606610700636
posthoc_probe_v2,z_degree_to_cn_residual,cross_leakage,z_degree,cn_residual,1,1,StandardScaler+Ridge,0.01;0.1;1.0;10.0;100.0,100.0,0.37563983998579553,512,263,512,0.028126839524680092,0.3441263458813578,0.03465434519546092
posthoc_probe_v2,z_degree_to_degree,target_retention,z_degree,degree,1,1,StandardScaler+Ridge,0.01;0.1;1.0;10.0;100.0,0.01,0.032011655550522045,512,263,512,0.9986526980173203,0.030062421673906284,0.9992532426805876
posthoc_probe_v2,z_cn_to_cn_residual,target_retention,z_cn,cn_residual,1,1,StandardScaler+Ridge,0.01;0.1;1.0;10.0;100.0,0.01,0.044871549085296,512,263,512,0.9582984824253103,0.044637529935484435,0.983316934640642
posthoc_probe_v2,z_cn_to_degree,cross_leakage,z_cn,degree,2,2,StandardScaler+Ridge,0.01;0.1;1.0;10.0;100.0,0.01,0.6673342601463104,512,263,512,0.5061408722156722,0.7073794352034276,0.758678133766571
posthoc_probe_v2,z_residual_to_degree,cross_leakage,z_residual,degree,2,2,StandardScaler+Ridge,0.01;0.1;1.0;10.0;100.0,100.0,1.0185830946304495,512,263,512,-0.1217626582698581,0.9843681419917403,0.43539418879293285
posthoc_probe_v2,z_degree_to_cn_residual,cross_leakage,z_degree,cn_residual,2,2,StandardScaler+Ridge,0.01;0.1;1.0;10.0;100.0,10.0,0.37915064369328577,512,263,512,0.019367774266449866,0.3408049365328294,0.05454355493948196
posthoc_probe_v2,z_degree_to_degree,target_retention,z_degree,degree,2,2,StandardScaler+Ridge,0.01;0.1;1.0;10.0;100.0,0.01,0.031150060660892074,512,263,512,0.9985304681345839,0.030268537236882435,0.9991521446443001
posthoc_probe_v2,z_cn_to_cn_residual,target_retention,z_cn,cn_residual,2,2,StandardScaler+Ridge,0.01;0.1;1.0;10.0;100.0,0.01,0.044908503987403474,512,263,512,0.9583723137294647,0.044183701125708894,0.983718813758817
